,Age,Gender,Previous_Tumor_Size,Time_Since_Diagnosis,Stage,Genetic_Risk,Smoking_History,Alcohol_Consumption,BMI,Tumor_Growth_Rate,Treatment_Chemotherapy,Treatment_Radiotherapy,Treatment_Surgery
0,70,1,8.242533853672878,68,4,0,1,0.0,34.87107895905419,23.1424627060536,False,False,True
1,31,1,5.557241309198596,54,1,2,1,0.0,19.99228784752965,18.939165371847103,False,True,False
2,44,1,8.176031250849665,79,2,0,0,0.0,21.825540129806583,20.383670952469373,False,False,True
3,43,1,2.1404146171081497,80,4,2,0,0.0,26.91263674864281,30.137132826209307,True,False,False
4,47,0,3.311321329155152,67,1,0,1,0.0,23.11684074176784,18.68355533191117,False,True,False
5,79,1,2.387327719027008,110,2,2,0,2.0,25.89553059431565,30.979141014603204,False,True,False
6,68,0,9.29046463025094,81,1,0,0,2.0,22.59768964599724,21.749287993323883,False,True,False
7,54,1,7.98285060589714,87,4,0,1,0.0,19.90574940785865,27.74662847019033,False,True,False
8,56,1,2.2171707212185123,78,4,1,1,0.0,22.23027887081692,23.596637942158445,False,False,True
9,58,1,6.645827233092363,35,4,2,1,0.0,24.14671319943473,23.70197884216559,True,False,False
10,67,1,5.557241309198596,66,3,0,1,0.0,29.341249369845,15.163597663044545,False,False,True
11,62,1,2.3980897225901523,83,1,1,1,0.0,34.48120927815408,18.93653260835881,False,False,True
12,67,1,7.083033605471896,100,3,0,1,0.0,32.7080973614484,27.327781943522044,True,False,False
13,50,0,2.594935511909128,69,3,0,0,0.0,29.142563682176736,17.729264946358093,True,False,False
14,57,1,7.866990079407479,22,3,0,0,0.0,27.50198898266114,8.916229187588183,False,False,True
15,33,0,3.779070925173274,60,1,2,0,0.0,28.81918839072943,17.733609727061186,True,False,False
16,36,0,6.061405423459619,66,3,0,0,2.0,34.2492424055571,20.01996948358607,True,False,False
17,69,0,8.786717299957557,96,1,2,1,0.0,26.48912744333292,26.84178963798104,False,False,True
18,71,1,7.725125242355952,104,1,1,1,0.0,25.05772179524235,28.789260686939137,False,False,True
19,22,0,3.3122285622306404,108,3,2,0,2.0,31.145141910718348,27.096816610169324,False,True,False
20,38,0,1.651504584378793,119,1,1,1,0.0,26.75957560459546,24.79740659447323,True,False,False
21,70,1,5.557241309198596,111,2,2,0,0.0,32.03753204422749,29.99655278906245,True,False,False
22,24,1,4.091784503484647,49,2,2,0,2.0,34.00033862702853,14.788289729551114,False,True,False
23,64,0,6.745075755229807,5,4,1,1,2.0,31.37733873110171,11.11181088951319,False,False,True
24,48,0,8.222065709333442,33,1,1,0,2.0,20.12306237552013,16.19681084550687,True,False,False
25,71,1,4.846639845048408,69,2,0,1,2.0,32.441313378294375,21.11191546843882,False,True,False
27,34,0,8.599289420917868,22,4,2,1,2.0,34.990570527735684,17.66780496030117,False,False,True
28,50,0,6.220346391108302,38,4,2,1,2.0,29.52654520507152,17.501246736936263,False,True,False
29,50,0,5.772369030745137,102,4,1,0,0.0,26.93512860813606,29.911473351290542,True,False,False
30,41,0,5.557241309198596,9,2,2,1,0.0,22.8030759566244,10.138545318415323,False,False,True
31,38,0,7.610215472877905,69,4,2,0,2.0,26.77172419854388,21.87703259998363,False,False,True
32,52,1,7.646355749674951,28,2,0,1,2.0,31.213236213489505,11.026283552851964,False,False,True
33,57,1,3.884382078899925,43,4,2,1,0.0,25.863734776284463,19.693590363865013,False,False,True
34,33,0,2.589787268834226,104,1,2,1,0.0,18.537674044140733,28.5953795705705,False,True,False
35,50,0,5.579967296568212,100,4,2,0,2.0,20.665536598783945,34.02810951050448,True,False,False
36,76,1,9.69450519488679,115,1,0,0,0.0,23.27289764878848,33.11162219633808,False,True,False
37,52,0,5.730214366560176,90,4,2,0,2.0,26.68502386202501,34.35637012881183,True,False,False
38,77,1,3.79452477294535,48,2,2,0,0.0,33.92184335525037,18.230374054033582,False,False,True
39,32,0,8.291128849469713,86,4,2,1,2.0,32.38327900416239,26.70926300907412,False,True,False
40,48,0,4.220064332575896,45,1,0,0,2.0,21.0379324851011,13.002679479661545,False,False,True
41,20,0,8.287933635075362,66,4,0,1,0.0,22.72983278170207,23.578549517320493,True,False,False
42,71,0,7.571171689987824,23,1,1,0,0.0,26.089333721636905,9.701941901191692,True,False,False
43,21,1,5.034052130734801,53,1,1,1,0.0,21.91665247121952,10.674871791457727,False,False,True
44,42,0,8.582119549397088,30,4,0,0,0.0,27.006533233277448,13.572119629566426,True,False,False
46,57,0,5.557241309198596,8,2,1,0,0.0,28.81181360872825,5.597742449929796,True,False,False
47,60,0,3.432239875555428,104,4,0,0,2.0,32.31237840225084,28.85948998812488,False,False,True
48,65,1,2.0652600506616823,6,1,0,0,0.0,21.28300448395409,3.511235037442092,False,False,True
49,69,1,5.557241309198596,66,4,2,0,0.0,27.53350074944894,25.40515460058399,False,True,False
50,60,0,8.780872074238752,15,1,1,1,2.0,19.90234353842378,12.750199856866898,True,False,False
51,48,1,6.255338852779672,84,2,2,0,2.0,19.49396819814331,23.857980071519936,False,False,True
52,57,1,4.138851226564795,106,4,2,0,0.0,21.985101847047183,33.18895703662116,False,True,False
53,71,0,2.419332591335427,11,3,2,0,0.0,32.36898978210931,5.908184185038155,False,True,False
54,33,1,5.920115498999083,105,1,1,0,2.0,25.57717447266566,23.511584823574665,False,False,True
55,55,1,3.583981998348128,14,1,0,1,0.0,30.16470467149206,8.4271605385565,True,False,False
56,48,1,6.287612314841012,78,4,1,1,0.0,19.233266553705626,26.68314531894252,False,True,False
57,59,0,1.968052525933907,84,1,2,0,0.0,30.011210556024267,22.78938242242953,False,True,False
58,32,1,2.109555347071715,118,2,0,0,0.0,31.64216869995332,28.5587170692411,False,False,True
59,69,0,5.769195477048543,31,1,1,1,2.0,21.44179752901856,12.228063450990843,False,True,False
60,60,1,8.695797975154324,49,4,2,1,0.0,19.36353111250578,26.104508044435512,True,False,False
61,26,1,2.468032076050109,24,2,0,0,0.0,33.88114600968462,9.068578646463148,False,False,True
62,52,0,3.169587972990912,99,3,1,1,0.0,22.285863453912743,22.509033271246377,False,True,False
63,58,1,1.538871640492471,39,4,0,1,0.0,25.32097137718918,16.985707360216843,True,False,False
64,53,1,2.885811615551132,87,3,2,0,2.0,23.482177910840846,22.871195489041643,False,True,False
65,33,1,5.557241309198596,78,4,2,1,0.0,26.47066349662041,32.25882330024421,True,False,False
66,74,0,6.9561164243306886,33,1,1,0,0.0,20.072604495917712,10.925939249656697,False,False,True
67,79,1,4.202613201204735,107,4,1,1,0.0,28.47567683274484,28.825325548066456,False,True,False
68,29,0,7.168964701341622,118,1,2,1,0.0,26.50398178198189,27.591576516376985,False,True,False
69,48,1,6.4872015512461125,100,4,0,1,0.0,33.929383221178675,24.317645721283206,False,False,True
70,32,0,8.402660217985137,85,4,2,1,0.0,27.32306954979196,28.812484992973303,True,False,False
71,54,0,6.501856483477733,63,3,1,0,2.0,22.75594160964735,16.26196268648693,False,False,True
72,65,0,1.0771228972966662,66,1,0,1,0.0,30.27439987467896,15.75595337907651,False,False,True
73,75,0,2.2699868349938432,18,4,1,0,2.0,28.081663355116184,11.620702132412866,False,True,False
74,40,0,2.496805301881741,54,3,0,1,0.0,31.15853602477632,12.661539419162027,False,False,True
75,25,1,9.014226165855009,4,2,1,1,0.0,32.92891515652491,5.3431291978156645,False,False,True
76,71,1,1.852128914543156,54,2,2,1,0.0,28.43703223415045,21.180862844072465,True,False,False
77,50,0,4.4925262683486125,119,1,0,1,0.0,27.533055894976105,28.770777748344308,False,True,False
78,36,0,9.368726504505048,69,4,2,1,0.0,32.25480331717765,26.09521853422048,False,True,False
79,20,0,4.657656581208959,87,2,0,0,0.0,22.82495965717889,19.900229909531173,False,True,False
80,25,0,1.4687911623443584,26,1,0,0,0.0,20.88966966745645,8.78291662391394,True,False,False
81,64,1,1.933571480882448,8,4,1,0,2.0,27.34636959601455,7.959975475835345,False,True,False
82,36,0,6.066098437211109,29,2,1,1,0.0,26.43329560543245,13.288946682572018,True,False,False
83,25,0,7.612856302198099,95,1,0,0,0.0,26.120266142574746,26.8691385498574,False,True,False
84,74,1,2.0276540221341897,20,3,0,0,0.0,22.323755666534247,12.98572440688,True,False,False
85,55,0,9.380180580119642,46,3,1,1,2.0,24.79056498846392,17.764171010212202,True,False,False
86,58,1,8.109770500150955,115,2,0,1,0.0,19.23949363959574,27.03685742018857,False,True,False
87,72,1,2.982194896625745,36,3,1,1,2.0,30.1436193962278,15.552043829804958,True,False,False
88,54,1,6.597663617178788,74,3,0,0,2.0,18.85806887755784,20.41411486558273,False,False,True
89,63,0,7.31752480107826,5,4,0,1,2.0,22.76290064945373,7.777576483295926,False,False,True
90,50,0,8.306317962512008,30,1,2,0,0.0,26.39145848500182,17.741744003127522,True,False,False
91,47,0,3.031867673875253,42,4,0,1,0.0,24.16709621916014,18.34822401190748,False,True,False
92,20,0,5.127947389341889,58,3,2,0,0.0,30.92499249117332,14.648996790651218,False,False,True
93,39,1,3.580901898020953,20,3,1,0,0.0,23.282988529525703,11.551813773289393,True,False,False
94,43,1,8.210476604576428,19,1,1,1,2.0,20.527914629122428,10.38905466484104,False,True,False
95,25,1,8.254739488554348,110,1,0,0,0.0,26.68502386202501,26.267033775402645,False,False,True
96,51,1,7.74639497008686,15,4,0,1,0.0,22.842876706723736,10.66568167519233,False,False,True
97,28,0,8.953600499482482,15,3,0,1,0.0,30.76179663347765,7.999386284985276,True,False,False
98,56,1,7.93205889084886,91,1,2,1,2.0,19.051880613884453,28.49896079147822,True,False,False
99,63,1,4.2544658658285055,113,4,2,0,2.0,27.76488782661901,37.28491918211069,False,False,True
100,53,1,5.557241309198596,85,2,1,1,0.0,29.61502886733944,23.158007985573896,False,False,True
101,35,0,8.38249173791789,19,3,1,0,2.0,34.200878930581574,11.07978217307354,False,True,False
102,48,0,9.88904014510143,20,2,0,0,0.0,25.197965929204475,8.705528252428644,False,True,False
103,41,0,5.161200408411962,116,4,2,1,0.0,32.162085777941655,38.257540906083705,True,False,False
104,37,1,5.632025716466448,86,2,1,1,0.0,25.41370817255552,20.07677718060468,False,True,False
105,32,1,9.693950451017162,64,4,2,1,0.0,26.652759229329224,23.537147100814742,False,False,True
106,69,0,4.432738094050208,98,2,0,1,2.0,22.65031714445774,24.27840309969858,False,False,True
107,69,1,3.86336967223744,32,2,1,1,2.0,31.466193512871705,8.652694907154686,False,True,False
108,29,0,2.648525746854633,74,4,0,0,0.0,20.11818415052097,24.524307941952085,False,True,False
109,66,0,5.88633750189806,38,4,0,0,0.0,28.533536658831984,19.370186046070007,True,False,False
110,44,1,3.396101450660213,13,2,1,0,0.0,29.84856155400262,5.574301919839823,False,False,True
111,70,1,6.706273533445303,35,1,0,0,2.0,25.168543610745346,11.99371421126065,False,True,False
112,45,0,7.845952078212458,58,4,2,1,0.0,21.90604284540053,22.621396421034184,False,False,True
113,39,1,5.557241309198596,80,3,0,0,2.0,21.93506612592474,14.685700791677764,False,False,True
114,29,0,7.701372783667684,6,4,2,0,0.0,22.33283435157084,14.428647904245503,True,False,False
115,53,0,6.843059015868671,119,4,2,1,0.0,26.68502386202501,38.29357188193662,False,False,True
116,59,0,9.393757244199362,66,1,2,1,2.0,26.68502386202501,22.70308865857278,True,False,False
117,66,0,5.253182677394701,118,3,0,0,2.0,33.56983373072705,28.42860523237153,True,False,False
118,54,0,9.844120438501909,110,3,1,1,0.0,34.37196194547071,28.266787677261227,False,True,False
119,22,1,8.659033901175242,38,3,1,1,2.0,23.51223531737812,11.767276935032257,True,False,False
120,49,0,7.95033248187878,83,2,1,1,0.0,29.38631516128771,18.718075351813308,False,False,True
121,29,0,5.307803834954724,73,3,0,0,0.0,33.389200596536824,16.520377735563844,False,False,True
122,73,1,1.3028529892155096,78,3,2,0,0.0,31.04783064897056,21.37682660633141,True,False,False
123,57,0,5.832309352781054,41,4,1,0,2.0,27.38433559369741,18.8353087420622,False,True,False
124,64,0,6.03617357760286,57,3,1,1,0.0,27.802427597912168,16.829604618598843,False,True,False
125,70,0,3.272990926677445,23,2,2,0,0.0,26.506101190147536,12.96665642452273,False,False,True
126,79,0,8.573641516559109,34,1,0,0,0.0,28.30267136890741,14.743820375882956,True,False,False
127,76,0,6.650774434018913,78,3,0,1,0.0,18.81201702528752,21.248432332522327,False,True,False
128,40,1,8.07490581946904,54,1,2,1,0.0,19.707720986753102,19.80567210773881,True,False,False
129,68,0,1.1235986927432045,74,3,2,0,2.0,33.33804132169231,20.166849197331324,True,False,False
130,48,0,2.4433681165000483,94,1,1,0,0.0,28.404155040915875,20.533420388312063,False,False,True
131,73,1,1.141051364998532,73,3,2,1,2.0,20.14376429576692,22.60662518524556,True,False,False
132,23,1,7.435687306399981,54,3,0,1,2.0,29.860813453486656,15.19027583275398,False,False,True
133,48,0,7.100817544519709,87,4,2,1,2.0,28.24140545085195,28.15506438796281,False,False,True
134,49,0,3.5813417248632806,53,4,0,0,2.0,28.60927120040336,18.621626223377472,False,True,False
135,34,1,8.071774514980596,11,1,2,0,0.0,27.865289320109525,6.579242539844077,True,False,False
136,47,1,1.5796460441353886,46,1,1,1,2.0,25.058958392236978,12.33033079207001,False,False,True
137,22,0,9.117186145739998,76,2,2,0,2.0,23.95086298599212,20.439881287987063,False,False,True
139,47,1,2.552017500764732,33,1,0,1,2.0,18.85727513511036,9.806152710277946,False,True,False
140,42,0,9.234369429663545,29,3,2,0,0.0,34.17538642468021,15.31216087309827,False,False,True
141,45,0,9.983755490300071,4,3,1,0,0.0,21.23740801202409,7.342321161454587,True,False,False
142,46,0,8.918668432348444,91,4,2,1,2.0,25.10981629735036,38.06747729048341,True,False,False
143,42,0,6.324922589713034,59,3,1,1,0.0,28.211737063230505,12.43550249469369,False,True,False
144,35,1,6.784962954564633,55,4,0,0,2.0,19.74947494535197,21.08245519864405,False,False,True
145,38,0,1.5805068281790562,62,4,0,1,2.0,21.53234972086035,20.442763152030928,False,True,False
146,50,1,4.096679440333201,95,2,2,1,0.0,31.014380153663243,21.477543233201487,False,False,True
147,71,1,9.4396748944134,15,3,1,1,2.0,27.058661736032093,7.413348520486175,True,False,False
148,35,0,4.929235495676419,110,3,0,1,0.0,27.040635797506035,24.696900405205472,False,False,True
149,76,1,6.920955418028783,45,4,1,1,2.0,25.109860978100816,23.13902683200305,True,False,False
150,23,1,6.297274876143288,41,2,2,1,0.0,20.89812211036349,14.410557089960374,False,True,False
151,43,1,6.397337228596702,9,1,0,0,0.0,31.71037110831208,5.74333709184389,False,False,True
152,64,0,3.238528544115621,43,3,2,0,0.0,32.76884793977307,13.33386517147972,False,True,False
153,24,1,5.613445477194292,74,2,1,0,0.0,32.32992739422884,22.18234776859809,True,False,False
154,26,0,3.670457064211369,21,1,0,1,2.0,30.83442040541304,6.147545784915131,False,False,True
155,66,1,9.676487171183403,59,2,1,0,0.0,24.017743526631293,18.49509055387916,False,False,True
156,69,1,2.285416994381944,14,3,1,1,0.0,20.67713092361613,6.282933171768482,False,True,False
157,62,1,3.4106042850302245,88,3,1,1,0.0,22.227176243076894,24.472749516423765,True,False,False
158,59,1,6.461136062392031,72,1,1,1,0.0,30.03418631260117,15.588881877981397,False,False,True
160,37,0,1.0700557324207045,33,1,1,1,2.0,28.00765283685426,10.012865095738166,True,False,False
161,71,0,8.252719348006558,64,3,2,1,2.0,26.480682322619405,22.54434121059198,False,False,True
162,34,1,5.73193303014903,113,3,2,0,2.0,19.830007706176744,27.16044387017008,False,True,False
163,24,1,2.471995345724363,38,2,0,1,2.0,32.66381430919092,8.245766691742707,False,False,True
164,65,0,9.155005763019918,3,1,2,0,0.0,33.5922887290261,11.024856316118887,True,False,False
165,30,0,3.264390727883427,11,3,2,0,2.0,27.941617653960936,6.060689184761422,False,False,True
166,21,0,9.298439219143964,111,3,1,0,0.0,26.347626235652765,22.666910453185498,False,True,False
167,41,0,4.498072756038554,2,1,2,0,0.0,29.72610861432943,5.852665502314307,False,False,True
168,56,0,1.748816348580415,6,4,2,0,0.0,19.845381512131404,11.82456624775024,False,False,True
169,55,0,5.557241309198596,106,3,2,0,0.0,24.81978760964041,32.53737614289821,True,False,False
170,63,1,5.021053088573903,112,4,2,0,2.0,23.264034452414485,35.420439399148826,False,False,True
172,41,1,9.096405352869125,49,3,1,1,0.0,29.775324012677537,15.695547312624909,False,False,True
173,51,0,3.318913206920396,91,4,0,0,0.0,23.75064195216371,28.32690733032145,False,True,False
174,73,0,8.521680207021873,76,2,2,1,2.0,33.715237210820185,26.062045065717527,False,True,False
175,54,0,3.156353946688522,48,1,2,1,2.0,30.091452824561937,17.87919117160918,False,True,False
176,42,0,1.2936179926574218,15,4,1,1,0.0,26.97136967301676,13.538699147023992,True,False,False
177,60,0,5.557241309198596,113,4,1,1,0.0,28.67227225474037,30.357739486158867,True,False,False
178,51,0,2.445428317866841,8,4,2,0,0.0,34.09042204380684,11.670275925865017,False,False,True
179,61,0,2.1461389873829675,33,1,2,1,0.0,32.47875593623748,12.372607764038854,False,True,False
180,27,0,1.9114851144790568,84,1,1,0,2.0,22.47876358134762,16.951310851343173,False,False,True
181,42,1,9.57768930422219,79,2,1,1,2.0,24.2946179365763,24.541697394454204,True,False,False
182,58,0,2.4582017472799573,40,3,2,0,2.0,27.17263708826064,15.448146817508151,False,True,False
183,79,1,6.109992607886904,23,2,1,1,0.0,26.93105655696488,12.76784337281881,False,True,False
184,68,1,4.247799417821238,98,1,2,0,0.0,33.282668887359264,28.22247990902935,False,True,False
185,30,1,6.412236465505188,116,2,1,0,0.0,21.407002582134872,25.62160659246945,False,False,True
186,75,1,5.365647870068564,109,1,2,0,0.0,26.204354734061216,27.13324232313864,False,False,True
187,72,1,6.857224211290417,112,3,0,1,2.0,20.34286263335716,25.667621133509584,False,False,True
188,49,1,8.294648379277348,75,2,0,1,0.0,24.771122432593337,24.89431540632729,True,False,False
189,50,1,3.4771249533801023,113,4,0,1,0.0,29.225059074352032,31.0796699337875,False,False,True
190,66,0,4.948162326098142,79,3,2,0,0.0,30.796938913053225,29.76285311002768,True,False,False
191,22,1,4.331331265153752,29,1,0,0,0.0,33.49583268804344,7.650974377401521,False,True,False
192,77,0,4.069848849286616,9,4,2,0,2.0,33.42696081987792,14.184899163059605,False,True,False
193,40,0,9.713423496047646,42,2,0,1,0.0,24.27832890916548,12.15795533607144,False,False,True
194,50,1,4.046739712541521,49,3,2,1,2.0,19.92621769304236,15.585910127162904,False,False,True
195,58,1,1.6582825853045553,5,2,0,0,2.0,34.82579313226724,6.626968348623603,False,True,False
196,67,1,6.732618562187196,65,1,2,1,2.0,29.36316000458332,22.158155524998183,True,False,False
197,24,1,2.1055598097139376,105,3,1,0,0.0,19.13389525423046,24.314364360698868,False,False,True
198,55,1,6.8748378037851285,31,2,0,1,0.0,29.542123495953227,10.613166737800762,False,True,False
199,71,1,4.591984155172563,24,3,0,1,0.0,33.38463546600283,5.676073884701111,False,True,False
200,29,1,7.339176608249171,106,4,1,1,0.0,20.11140313882435,26.948964495205104,True,False,False
201,36,0,1.1194168677478753,68,4,2,1,0.0,20.30400246979268,19.85622041626858,False,True,False
202,75,0,3.484774796403361,31,4,0,0,0.0,26.68502386202501,16.498349094037422,True,False,False
203,43,1,7.268923578571336,86,2,1,1,0.0,33.414373870856124,23.72657870657667,False,True,False
204,21,1,4.1611944905499545,75,3,1,0,2.0,33.10991815572451,16.5322027792182,True,False,False
205,41,0,4.760304246113503,24,1,2,1,2.0,26.68502386202501,12.776604486272154,False,False,True
206,31,0,9.50533718827244,41,2,0,0,0.0,22.49409990129464,11.584689909707375,False,False,True
207,45,0,6.217898116908458,67,4,2,0,0.0,18.90974841521861,27.668575642738823,False,False,True
208,43,1,4.475227586757143,114,4,2,0,0.0,25.951984061460884,38.44435097610949,True,False,False
209,48,0,5.578227466564384,24,3,2,1,0.0,18.92351346523144,13.242838636469385,True,False,False
210,22,0,6.074230520004798,35,2,2,0,0.0,27.48651413398656,14.708955308037345,False,True,False
211,56,1,1.0949647313431048,56,3,2,1,0.0,25.599653989776684,20.612627066983983,True,False,False
212,68,1,9.130024058704349,53,1,0,0,0.0,31.988164944454617,17.428471203684843,False,False,True
213,37,0,6.986081603022541,35,2,2,0,0.0,23.80267902901739,12.953104378168808,False,False,True
214,70,1,5.074913165602607,39,3,0,0,0.0,27.838094373718107,14.63671331944998,True,False,False
215,26,1,5.981412431789416,27,2,2,0,0.0,19.504532827552826,15.026987642418629,True,False,False
216,26,1,7.549357330548704,108,4,1,1,0.0,25.115074380100207,28.693158169730225,False,False,True
217,79,1,4.697283361369073,111,3,1,1,0.0,26.887842726016903,33.10866017849152,True,False,False
218,21,0,6.142275727022414,71,4,1,0,0.0,24.66521823615206,24.223066454457665,True,False,False
219,46,1,5.557241309198596,59,1,2,0,0.0,27.718425660179427,16.474348984203157,False,True,False
220,64,1,6.754821761589139,1,3,0,1,2.0,26.57318879212549,6.510056342111823,False,True,False
221,50,1,3.957439055318584,34,2,0,0,2.0,31.30399210250058,14.523261820740167,False,True,False
222,50,0,6.247902561677197,7,2,2,1,0.0,26.468002473273955,10.918659790940184,True,False,False
223,77,0,8.103194104169171,4,4,2,0,0.0,31.03762592785759,16.882414407894693,False,False,True
224,48,0,2.5718505890983128,19,3,2,1,2.0,27.112634904812,16.674366708977665,True,False,False
225,55,0,8.588601285875564,112,3,1,1,0.0,34.16941366911193,24.812297725378286,False,False,True
226,60,1,1.130807217393916,101,2,1,1,0.0,26.68502386202501,24.8727094635214,False,False,True
227,74,1,1.762558149612861,19,2,2,1,0.0,34.435559964195704,13.883654673254858,True,False,False
228,31,1,9.08933837325712,100,3,0,1,0.0,28.220390544521152,28.92031514050956,True,False,False
229,21,0,5.671195242207002,56,4,0,1,0.0,22.7682387615568,19.06330929270799,False,False,True
230,20,0,6.241559575676527,103,3,1,0,0.0,23.68240168034643,28.02273574524308,False,False,True
231,28,1,2.1481882202502365,35,3,0,1,0.0,33.675345865406506,9.86579230786673,True,False,False
232,58,1,4.6719492602333705,57,4,1,1,2.0,22.201284009971456,19.579683336866367,False,True,False
233,78,1,8.824175631305163,18,1,1,1,2.0,19.385229648936942,10.26440248856032,False,True,False
234,55,0,8.284847396165333,41,2,1,1,2.0,19.78890351961205,10.150482318959703,False,False,True
235,54,0,4.186176742288101,117,1,0,0,0.0,26.68502386202501,25.821011005962912,False,True,False
236,58,1,3.081827640360641,8,3,0,1,0.0,27.43366585150745,6.192344423275694,False,True,False
237,74,0,6.14663496001401,86,3,2,0,0.0,31.396084528717765,24.97271934669124,False,True,False
238,47,0,3.253990615782433,88,4,1,1,0.0,30.79821902538873,26.07186709914141,False,False,True
239,71,0,8.816163210527234,97,3,0,1,2.0,32.30468693720458,24.799326274283256,False,True,False
240,36,1,9.539774613053169,75,1,1,1,2.0,31.673325909033643,19.2170116219418,False,False,True
241,37,1,5.245288902020885,85,3,2,1,0.0,26.68502386202501,25.533777172039755,False,False,True
242,28,0,2.854213512238758,38,4,2,0,0.0,24.243808254221246,18.63977772237884,False,True,False
243,78,0,9.748714019271016,47,1,0,1,0.0,27.14091856587208,15.047817271592216,False,False,True
244,50,1,7.517888477320239,18,2,1,0,0.0,26.68502386202501,6.423547116018787,False,False,True
245,65,0,6.923462288737002,21,3,1,1,0.0,26.43770701935557,9.89343164751232,False,True,False
246,61,0,5.947161522909204,80,4,0,0,0.0,20.503163528723853,22.68216460444173,False,False,True
247,39,0,4.170721189390839,105,4,0,1,0.0,32.20451732134529,28.916207255750045,True,False,False
248,28,1,8.007074627920836,15,4,0,1,0.0,26.64846886635391,12.068023565821886,False,True,False
249,79,0,8.342697301711214,78,4,2,1,0.0,24.33069231168268,30.710624168631988,False,False,True
250,68,0,7.962826555498006,59,2,0,0,0.0,32.81044232269062,20.466621621067,True,False,False
251,58,0,7.6060391553964415,26,3,2,0,0.0,23.077743377374105,14.235718381711695,False,False,True
252,41,0,9.170854092417166,17,1,2,1,0.0,28.33625518054329,15.892141867609462,True,False,False
253,21,1,2.135377866590351,50,4,2,0,0.0,22.022675245312133,21.133898384546693,False,True,False
254,64,1,7.650354665178595,83,2,2,0,0.0,32.41443445025589,25.060979651521897,True,False,False
255,36,1,5.168062305554053,56,2,0,1,0.0,27.04295497483548,16.269928883019674,True,False,False
256,36,0,7.219952830484661,98,4,1,1,0.0,34.204611034942424,23.735284069565992,False,True,False
257,23,1,1.952203234817259,23,1,2,0,0.0,33.032019884507946,11.78866125767253,True,False,False
258,50,1,4.030064508283232,1,1,1,1,0.0,33.13167273568837,3.1690737317807134,True,False,False
259,27,0,3.8146700456956015,22,2,1,0,0.0,20.260755314743765,8.084254676898302,False,True,False
260,20,1,2.337698940200965,62,2,0,0,0.0,18.92411967663476,14.635437343727508,False,True,False
261,71,1,9.495963160395505,108,4,1,0,0.0,21.59069724661529,33.70947896733393,False,False,True
262,68,0,7.5783523233973,51,4,0,1,2.0,23.84108120655628,21.445279578427588,False,True,False
263,70,1,4.408067889755052,96,4,0,1,0.0,28.635441350835706,35.60823971924534,False,True,False
264,51,0,8.64139383260737,15,3,2,0,0.0,30.310481296422942,15.315058527501757,True,False,False
265,77,0,4.550361682127548,66,2,2,1,2.0,22.129525602154324,22.777162155831085,False,True,False
266,57,0,7.262220833432021,21,3,1,0,0.0,22.72713404962336,11.158174113348943,False,True,False
267,60,1,5.557241309198596,97,3,2,0,2.0,18.781153004874035,27.281759682517148,False,False,True
268,61,1,8.262094131277202,29,1,0,1,0.0,28.757925510688203,11.72757084362352,False,True,False
269,44,0,4.70608965286981,48,1,0,1,0.0,27.41455430674882,15.111171960182483,False,False,True
270,50,1,9.638054077939431,68,3,1,1,0.0,30.638407927088963,20.773112498823863,False,False,True
271,63,1,6.041547060106226,93,1,0,0,2.0,20.92185879713908,22.3958336623481,False,False,True
272,40,0,7.348907665850962,113,3,0,1,2.0,26.427522210979028,28.818045994791373,True,False,False
273,54,1,4.574865738762075,22,2,2,0,0.0,25.148223222162105,16.357341296503684,True,False,False
274,42,1,4.345542861548145,67,2,0,0,0.0,30.13848880249741,20.043913211646835,False,False,True
275,30,1,5.005959973461947,34,4,2,1,0.0,33.90981496101244,14.369954546313004,False,False,True
276,21,1,6.048608495474316,65,2,2,0,0.0,30.602139517494635,21.05324102915448,False,False,True
277,66,1,8.250474599328832,29,3,0,0,2.0,23.041514614466983,11.36518692833832,False,False,True
278,65,0,7.709071721563184,36,4,0,0,2.0,27.239802615229618,18.02842005264935,False,False,True
279,41,0,3.3255338308333307,112,4,2,0,0.0,18.633440310618663,34.71982564340357,False,False,True
280,49,0,8.533199175834977,107,1,0,0,2.0,21.43629699398344,23.365749690388235,False,False,True
281,59,0,5.056354524253472,21,4,1,1,0.0,20.55146109374407,13.974427537865196,True,False,False
282,78,0,1.3202393121411635,104,3,2,0,0.0,25.888802525164472,24.77490066293129,False,False,True
283,45,1,5.505228005034688,62,1,0,0,0.0,29.68811717323014,14.14915122214016,False,False,True
284,46,0,3.6334800463568095,42,3,2,1,0.0,32.31304669417209,15.129653544177255,False,True,False
285,29,0,5.337875681437653,21,1,2,1,0.0,33.511095852435425,11.482573388763832,True,False,False
286,58,1,7.150910383485254,118,3,0,0,0.0,22.924320791535656,32.74999803868323,True,False,False
287,74,0,1.940256872343426,76,1,1,0,0.0,23.56630659188773,20.342235833340983,False,False,True
288,20,1,4.629065254127163,67,4,1,1,2.0,25.313481752797365,23.449605551704675,False,False,True
289,64,1,5.557241309198596,103,4,0,1,0.0,24.877237217871915,32.44010709173382,True,False,False
290,73,0,7.409062507007217,104,1,2,0,0.0,24.98965132045259,31.187366366767783,True,False,False
291,32,1,1.806523515957904,77,3,0,0,0.0,22.22802309757705,18.72888935799451,True,False,False
292,54,0,3.536124827583394,43,1,2,0,0.0,21.69353802473702,16.13084880553322,False,True,False
293,70,1,6.054259248702173,69,2,1,1,2.0,26.68502386202501,23.903757817317228,False,False,True
294,47,0,5.557241309198596,58,1,1,1,0.0,33.665194571088634,11.576423490208022,False,True,False
295,47,1,4.665984308628332,45,1,0,0,0.0,25.46943695927437,15.049448016566672,True,False,False
296,46,0,2.9026016610481005,49,3,2,0,0.0,26.68502386202501,16.404367225671432,False,False,True
297,22,0,1.9085291347243656,3,3,2,0,2.0,31.32447160473307,4.715922099220314,False,False,True
298,56,1,5.557241309198596,55,3,1,1,0.0,30.614459214576183,14.105317772805456,False,False,True
299,56,1,3.131316347083924,59,3,0,0,0.0,20.90017219160707,13.023535539435954,False,True,False
300,72,1,6.878230599626699,15,4,2,0,2.0,29.57563695236464,17.20460845566624,True,False,False
301,38,1,5.461216932058425,31,4,1,0,0.0,23.48386960227194,16.945584219236316,False,True,False
302,56,0,6.208462095312142,17,4,0,1,0.0,30.27439349620559,13.77331416326934,False,True,False
303,50,0,3.4697054890033763,37,1,1,0,0.0,20.951951388889377,11.759504462979054,False,False,True
304,76,0,5.50844822574905,33,1,1,1,0.0,18.833433308263075,10.184527462408257,False,True,False
305,34,0,6.387734609468752,65,3,1,1,0.0,27.744712762440745,12.968456640251404,False,False,True
306,25,1,2.0579793546289418,21,1,2,1,0.0,32.30520307223193,9.830556125861982,False,False,True
307,46,0,2.2969356672966943,107,1,0,0,0.0,22.80267460504116,26.378284972121687,False,True,False
308,75,0,6.279699816757147,79,1,2,1,0.0,19.516514085380123,25.9049569854972,False,True,False
309,25,0,9.997671450322834,98,4,2,1,0.0,28.99258282394968,30.543485142618703,True,False,False
310,35,1,2.699824445339938,27,1,0,0,0.0,24.058033099374164,12.24217369402553,True,False,False
311,73,1,3.1427669152640583,103,4,0,1,0.0,25.744160182883736,28.289941074076083,False,False,True
312,26,1,2.2012199135391564,82,4,1,1,0.0,26.68502386202501,24.10417118912845,False,False,True
313,69,1,3.51229719900074,38,4,1,0,0.0,34.76574180362621,16.863580121871195,False,True,False
314,56,1,4.836083124382879,100,3,1,0,0.0,34.78096358358053,24.25537196065732,False,False,True
315,50,0,7.109094000342204,96,2,2,1,2.0,34.61312459232845,31.9232995449928,True,False,False
316,50,1,3.1373743812597983,65,2,1,1,2.0,33.95539889011629,19.253549574183165,False,True,False
317,62,0,4.074126696498476,107,4,1,1,0.0,29.10809720801621,32.01120796222835,True,False,False
318,41,0,4.749330050057788,86,1,0,0,0.0,26.68502386202501,20.40379465348448,False,False,True
319,42,0,4.646936109693508,34,3,0,1,0.0,20.09308872768769,12.04069623333751,False,False,True
320,68,1,8.0553572960752,106,3,0,1,0.0,30.20519967386917,30.02664624236685,False,False,True
321,55,0,6.156942797022336,98,2,2,0,0.0,29.953485067935063,27.41548956216539,True,False,False
322,44,0,3.5459731880772867,67,1,1,1,2.0,22.57897549619458,14.702751311525132,False,True,False
323,52,0,5.043339027377552,63,1,2,1,0.0,26.68502386202501,21.351490982668125,False,False,True
324,31,1,8.863054544617881,116,2,1,0,0.0,22.330929532833824,29.57200611421472,True,False,False
325,50,0,5.196726909837079,10,4,0,0,0.0,19.843186525831147,8.98944324153986,False,True,False
326,54,0,7.337580005752208,65,4,0,0,0.0,31.06292996620329,24.048911919529736,False,False,True
327,21,1,9.233720253286837,106,1,1,0,0.0,28.975011889196423,27.21507231724362,True,False,False
328,46,1,4.01986847967882,104,3,0,1,2.0,32.034772797210124,21.34010969714062,False,False,True
329,70,0,1.16702502871173,28,2,2,1,0.0,22.4530063496926,15.658707103532224,True,False,False
330,24,1,2.674306552341508,111,4,1,1,0.0,32.30961707940519,25.94257851541292,False,False,True
331,32,0,7.944142953959479,51,2,0,0,0.0,28.2505079259612,14.97302160384525,False,True,False
332,38,0,2.0698399503837663,98,2,2,1,2.0,18.95249708564717,24.058046174917862,False,False,True
333,46,0,9.37917348291734,14,2,0,0,0.0,29.65974829509073,10.910449789242108,False,True,False
334,35,1,1.8793288999096744,119,1,0,0,0.0,23.753656775219056,30.23666213419851,False,False,True
335,36,0,6.600849735236967,64,2,0,0,2.0,27.92066018205336,15.017958253809612,False,True,False
336,35,0,1.3258653533864646,104,1,2,0,0.0,23.44961983009089,26.96733876794957,False,True,False
337,20,0,8.207224191806722,4,4,1,1,0.0,25.257528988379484,11.0029818755073,False,True,False
338,79,0,5.557241309198596,48,1,0,1,2.0,19.42213660209548,16.89136913898931,False,True,False
339,27,0,9.542534545968673,104,1,2,0,0.0,21.86074912278668,28.13330366138989,False,True,False
340,26,0,4.442360145243349,83,1,1,0,2.0,22.239609958891435,17.968819227820948,False,False,True
341,73,1,3.7314660861011366,18,2,2,0,0.0,21.040787003178966,12.12265637883336,False,True,False
342,34,1,6.1398384619106325,53,3,2,0,0.0,33.82594843505391,17.405999503044473,True,False,False
343,55,1,7.865631121118311,75,1,1,0,0.0,26.639354719015525,20.308317734747195,True,False,False
344,43,1,6.951100449356792,18,3,1,0,2.0,19.855994994158834,4.93446894372459,False,False,True
345,71,0,5.402206285443165,44,4,2,0,0.0,25.68360288591709,24.51268983152668,True,False,False
346,26,0,1.312445369655051,102,4,1,0,2.0,27.05646536732324,31.59496605992977,True,False,False
347,52,1,1.2894874329036825,99,3,0,0,0.0,23.46670145405978,23.22674132657893,False,False,True
348,21,1,4.46545611283255,76,4,2,1,2.0,23.728244035070663,26.003479911938463,False,True,False
349,60,1,8.0596509904756,82,3,1,1,2.0,24.61880991813755,25.65921412705331,True,False,False
350,26,1,6.514498467475813,30,3,2,1,2.0,21.446191036771232,10.011950159385778,False,False,True
351,45,1,8.338191614700053,103,3,2,1,0.0,26.625908225233964,26.482172300501343,False,False,True
352,39,1,4.497904013891623,64,4,2,1,0.0,32.64086918765204,24.80186244903615,False,True,False
353,70,1,5.2758340163862565,100,4,0,0,2.0,24.084446222574865,33.892500426655644,True,False,False
354,79,1,4.602112782738892,14,4,1,1,2.0,29.9756176915778,13.567970083957078,False,False,True
355,65,0,2.222491855719391,109,2,0,0,0.0,19.618663532295425,28.49693488448282,True,False,False
356,36,1,1.7907969783874846,100,2,0,0,0.0,32.20273400636786,20.05858252513056,False,False,True
357,51,1,6.9791855739344815,74,3,1,0,2.0,29.262012486475705,15.551710265437226,False,True,False
358,43,0,1.9435217248539216,9,4,2,0,0.0,26.142452374271848,15.373061016098548,True,False,False
359,69,1,4.907967365515757,21,2,0,0,0.0,24.018935253216423,7.330514685001656,False,False,True
360,21,1,8.422131153051428,34,4,1,1,2.0,33.804262170619005,16.511199046406166,True,False,False
361,35,1,3.2507422202254763,23,2,0,0,0.0,20.84370906016456,7.020945532960299,False,False,True
362,76,0,6.954319593633389,54,3,0,1,0.0,24.54168970816879,16.49549881310515,False,True,False
363,43,1,5.769057668985471,32,2,1,0,2.0,29.32079870328101,9.688010150103644,False,False,True
364,23,0,5.557241309198596,1,1,0,1,0.0,23.3256294821302,5.210042665233125,True,False,False
365,24,0,3.6150716041970976,76,3,1,0,0.0,33.57060739783152,17.754412208693715,True,False,False
366,42,0,2.627366311021555,84,1,0,0,0.0,27.08160364350352,22.24859527955594,True,False,False
367,56,0,5.157326837851615,114,2,1,1,0.0,25.335139121031645,22.59746036334996,False,True,False
368,53,0,1.8868354045096665,118,3,1,1,0.0,33.3937365329151,30.73819793634713,False,True,False
369,64,0,9.37923393677561,89,4,0,0,2.0,18.630526674656963,28.57190918052621,False,True,False
370,43,1,5.088050414261823,9,3,0,1,0.0,23.55010499732833,6.362128012897727,False,True,False
371,53,0,7.630172882824288,81,4,2,1,0.0,29.099100012901594,30.617535639506475,False,False,True
372,33,0,5.207894647243892,112,1,1,0,0.0,23.216182115596965,28.01150226431419,True,False,False
373,50,1,7.802977416110347,57,3,1,1,0.0,22.470738640141573,18.81768258543397,True,False,False
374,34,0,1.0584551439933083,13,1,2,1,2.0,23.31851828846792,6.696888084829879,False,True,False
375,42,1,1.6719548018070167,50,1,0,0,2.0,20.403017217316822,15.441140900511868,True,False,False
376,79,1,4.749724336723755,67,4,2,0,0.0,30.472235823561952,27.21812496369263,False,True,False
377,75,0,2.230500487361192,59,2,0,0,2.0,22.723073713977577,15.44827719793802,False,True,False
378,50,1,2.021262738646952,47,3,0,0,2.0,29.96989361253444,10.212225527697925,False,True,False
379,41,1,3.473112379796198,83,3,2,0,0.0,19.34535132576169,20.328226722954245,False,False,True
380,37,1,9.135820081502567,56,1,2,0,0.0,25.3792935487542,22.662741322224548,False,True,False
381,50,1,5.583002844943702,41,3,0,1,0.0,30.2289772989194,12.568074676155376,False,True,False
382,26,0,2.172955281307231,20,3,1,0,0.0,21.559752070254103,7.567568526138189,True,False,False
383,28,1,1.6280720560041828,93,4,0,0,0.0,34.36795665151458,25.82238469609841,False,True,False
384,76,1,8.429124932166566,37,3,0,1,2.0,33.8907909262311,14.838008446814843,False,True,False
386,63,0,1.512113324478594,13,2,0,0,0.0,26.68502386202501,2.688962932397785,False,False,True
387,72,0,7.232626114850737,119,2,1,1,2.0,27.73142106666296,29.990136886293577,False,False,True
388,43,1,7.093911487216282,57,2,0,1,2.0,27.521761941418568,21.486673520184805,True,False,False
389,61,0,7.899015649300779,68,2,2,0,0.0,33.70103283460912,21.575812057958103,False,True,False
390,29,1,1.6143927926995087,38,2,1,1,2.0,34.137031619262146,8.96806088437636,False,True,False
391,76,0,4.017961067130419,111,2,2,0,0.0,30.759390884711635,35.87876892877683,True,False,False
392,39,0,4.977676980520924,59,3,0,0,0.0,23.188183988504267,12.78909145971107,False,True,False
393,39,0,6.194544639615966,18,1,2,0,2.0,24.387500957393364,10.544301513682033,False,False,True
394,50,0,4.085818655746735,26,4,0,1,2.0,24.27239323592293,20.329087737925025,True,False,False
395,50,0,4.901173297598113,63,2,2,0,2.0,18.66768738783152,18.116311052631985,False,False,True
396,55,1,5.205586223639081,63,1,1,1,2.0,25.506081298406315,19.26898752745775,True,False,False
397,72,0,2.7151844186547445,115,3,2,0,2.0,26.63016832792509,32.853263942464295,True,False,False
398,59,0,5.679983116332297,92,3,2,0,0.0,26.352907413058148,28.376968951606298,False,True,False
399,67,0,9.439777139603352,90,3,2,1,0.0,29.99620924107333,31.562498721393226,False,False,True
400,52,0,5.708647607663944,38,2,1,1,2.0,29.6961220864112,9.090266228673556,False,True,False
401,41,1,5.392344018535749,76,1,0,0,0.0,30.64412023879453,19.752093905915817,False,True,False
402,21,1,4.799396484347321,69,3,1,0,2.0,27.74467355293502,14.929715962016097,False,False,True
403,55,0,6.706827505718551,96,1,0,1,0.0,19.77328674492401,27.137295800956093,True,False,False
404,31,1,4.917076462084816,36,2,0,1,0.0,29.58812704014609,7.995757886008779,False,True,False
405,24,0,3.6227362480844376,4,3,2,0,0.0,25.79467226901044,6.853444474309248,False,True,False
406,38,0,2.840098432774572,101,1,2,1,0.0,22.54972187167024,30.45986367492985,False,True,False
407,26,1,3.0730854889211607,2,4,0,1,2.0,31.273339219253963,4.639112819835664,False,False,True
408,43,0,3.97100618069717,22,2,0,0,2.0,22.108216691722937,7.559857765208845,True,False,False
409,63,0,9.880271164723814,56,2,1,0,2.0,24.5113683203205,20.553155242425,False,True,False
410,28,1,6.193376757910226,75,1,1,0,2.0,20.22180264297823,17.41764538390857,False,False,True
411,48,0,5.557241309198596,25,2,0,0,2.0,27.0432653878689,8.163911014096513,True,False,False
412,57,1,5.2062155949845055,91,2,0,1,0.0,18.99780818544034,22.12515984147593,False,False,True
413,60,1,2.4032704231581032,53,3,1,0,0.0,30.123844928136585,16.707695052983013,True,False,False
414,40,1,8.603125640793202,67,2,0,1,2.0,28.843720423873904,19.211173028269283,True,False,False
415,61,1,5.557241309198596,50,4,0,1,2.0,29.410488233075828,22.84196835406668,True,False,False
416,56,1,8.565693803372127,108,1,1,1,0.0,19.95498403648526,30.789489613378223,True,False,False
417,51,0,9.119100144208488,50,4,0,0,2.0,23.630955100421865,24.65472817561708,False,True,False
418,67,0,1.3105348884849335,119,2,2,0,0.0,29.48151036869521,29.48737803507817,False,True,False
419,24,0,5.557241309198596,101,1,1,0,0.0,20.357747061973004,29.23164069316673,True,False,False
420,72,1,4.879738418351414,100,2,1,1,2.0,20.66396204488409,25.61536342226072,True,False,False
421,71,1,1.2012988104498634,35,1,1,0,0.0,26.76316437161678,14.437808523386572,True,False,False
422,71,0,3.8713953688552665,14,2,0,0,0.0,24.45647178232959,9.002776037660313,False,True,False
423,74,0,4.684502180650766,99,1,1,0,0.0,21.9684126463637,26.835472794261417,False,True,False
424,46,0,5.557241309198596,64,3,0,1,2.0,23.697031891550147,14.024644054965975,False,True,False
425,40,1,8.165673535904833,51,3,1,0,0.0,20.014031364390377,16.237259564451453,False,False,True
426,56,0,3.8756930662672815,23,2,1,0,0.0,27.800082292463088,7.477442297244528,False,False,True
427,57,1,5.94788096139418,14,3,0,1,0.0,25.89976064012751,6.734930820299541,False,True,False
428,33,1,6.728236376950873,40,3,2,0,0.0,21.10711742395907,12.684572191711563,False,True,False
429,72,1,6.434901906616791,114,4,1,0,2.0,28.030960553936268,28.65944182184645,False,False,True
430,79,1,4.995893929078273,36,3,0,1,2.0,26.68502386202501,6.274426571106532,False,True,False
431,43,1,7.976448356760433,88,1,2,1,0.0,24.17418914021309,26.726636057016023,False,True,False
432,42,0,5.557241309198596,87,2,1,0,2.0,29.362644549199853,22.15895234622672,True,False,False
433,59,0,1.535321467975506,54,1,1,1,0.0,29.18665101510956,16.593249437606538,True,False,False
434,74,1,6.879605868112264,8,2,0,0,0.0,23.10086462762017,7.420922199342989,False,False,True
435,58,1,2.518314785233711,23,2,0,1,0.0,34.91510429190086,11.075348448894871,False,True,False
436,27,1,7.379193384155386,66,4,2,1,0.0,33.53916290018,22.698329269990392,True,False,False
437,46,0,6.781839157077195,19,4,1,1,2.0,21.9005810833784,16.278567909064392,False,True,False
438,77,1,1.837964408575511,42,4,2,0,0.0,26.03117142910409,21.51231352730836,False,False,True
439,39,1,3.748178921930108,80,4,0,0,2.0,26.68502386202501,21.453633564623225,False,True,False
440,62,1,1.0991202250204672,16,1,0,0,2.0,22.140651754876863,7.191188391855564,False,True,False
441,24,1,6.761744816833287,45,2,2,1,0.0,28.78516348147465,20.74503071654456,True,False,False
442,55,0,7.195611616384211,86,3,2,0,2.0,23.46301590791558,25.77687210385201,False,True,False
443,50,1,1.6689839622431126,44,3,1,0,0.0,23.626235245003173,14.112224914470648,True,False,False
444,44,0,3.3038645841170062,72,4,2,1,2.0,26.01863959657068,27.24515130029202,False,True,False
445,77,0,2.95715875232249,113,3,0,0,0.0,25.672215884766445,30.538410598513792,True,False,False
446,32,0,1.4832737073937614,96,2,0,1,2.0,24.02350231015435,19.36385563773113,True,False,False
447,29,0,7.194976860994092,101,3,0,1,2.0,34.89161390118389,25.09501741623171,False,False,True
448,77,0,2.493950146076127,47,2,1,1,2.0,24.722364827086803,14.532030298601256,False,False,True
449,62,0,8.271691203346816,96,4,1,1,0.0,26.68502386202501,31.35405807645449,False,True,False
450,61,0,9.626910461416784,74,2,0,1,2.0,21.47233184741515,16.13156851828281,False,False,True
451,26,0,4.863890502439348,55,4,2,1,0.0,21.68077436237732,23.215232348602065,True,False,False
452,44,1,7.496203793948704,51,2,1,0,0.0,33.96903897278136,14.0186184984997,True,False,False
453,57,0,8.203697762443104,77,1,2,0,0.0,20.123235574717505,26.780392854232705,True,False,False
454,59,1,2.898346024958608,58,1,2,1,0.0,25.603461959062525,21.25948351212679,True,False,False
455,33,0,5.557241309198596,32,3,0,0,0.0,32.18872715324582,10.515847643375302,False,False,True
456,42,0,8.475721882174803,50,2,0,0,0.0,27.968632181377654,15.19841388304931,False,True,False
457,46,0,9.419909855605894,112,4,0,1,2.0,25.42950539434544,34.39703710674381,True,False,False
458,79,1,7.490433413924895,64,1,1,1,2.0,19.7672656232341,19.61320401194633,True,False,False
459,68,1,7.491020207490249,92,2,2,1,0.0,34.09380312209704,24.529840947810605,False,False,True
460,45,0,6.598082699280825,92,4,2,0,0.0,30.36283819784748,30.29701988189405,False,False,True
461,49,1,5.18684889809504,111,4,0,0,2.0,29.944353613514068,32.883074132497434,True,False,False
462,59,0,3.2710060397190484,3,2,0,1,0.0,28.09425864976664,2.3374886227418745,False,True,False
463,32,0,6.052945401398119,30,2,2,1,0.0,30.692282789149417,15.438309728365644,True,False,False
465,68,1,3.443902918015952,9,4,1,1,2.0,27.280172896579383,13.734524292826078,True,False,False
466,30,1,1.4716511781507893,114,4,2,1,2.0,21.250005883486057,30.333774744188297,False,False,True
467,40,1,9.984002055481454,31,1,1,1,0.0,23.90467639277584,10.320853733327862,False,True,False
468,40,0,3.067320838259209,41,4,2,0,0.0,18.89766232681829,18.518005355064464,False,False,True
469,31,1,2.6487842061397138,81,3,0,1,0.0,27.058602455523243,17.499796274210553,False,True,False
470,27,1,4.207441874308966,39,2,1,1,2.0,25.358149715954468,10.508017415539712,True,False,False
471,52,0,2.0680524286462365,110,3,1,0,0.0,34.72197910897205,27.60622152306943,False,False,True
472,21,0,8.404628374390882,21,3,0,1,0.0,32.627799678851865,8.453584950041297,True,False,False
473,70,0,4.33995481989585,72,3,1,1,2.0,28.59904240601105,19.968436685777387,False,True,False
474,28,1,5.557241309198596,35,3,0,1,0.0,30.58224896029362,11.622407645406556,True,False,False
475,76,1,1.689496878350019,87,2,2,1,2.0,34.1492832454265,21.858469323394907,False,True,False
476,20,1,6.165553806939327,11,1,1,1,2.0,30.430899292667736,8.171639257498628,True,False,False
477,79,0,7.878197990978306,53,4,1,1,2.0,32.0485004340237,23.552937969029447,True,False,False
478,68,1,8.702406164115132,39,4,1,1,2.0,32.81626549938188,16.127763109509445,False,True,False
479,21,1,5.414018139288779,82,2,1,0,2.0,23.01547970037625,19.70375764204401,False,True,False
480,41,0,3.844042505797544,79,4,2,0,0.0,25.482697807307964,27.477414817954564,False,True,False
481,58,0,3.3676274245018707,77,1,0,1,2.0,22.83963955672563,18.65960380356833,False,True,False
482,73,0,6.697617488785964,23,3,0,0,0.0,30.709108703984064,10.14879182390087,False,True,False
483,37,1,4.150350112473577,26,1,2,1,0.0,22.73026139309065,11.75916267635369,False,True,False
484,76,0,4.892026236446924,20,1,1,0,0.0,26.28723348259524,11.528791989739402,False,False,True
485,50,1,8.212350248879133,110,2,2,0,0.0,23.874343716192364,30.44297186176391,False,True,False
486,76,1,4.994703920265124,95,4,2,1,0.0,34.945207639549594,31.374618300584235,False,True,False
487,75,1,2.914542695172458,102,3,2,0,0.0,28.253262523457124,29.347590769764604,False,True,False
488,77,1,4.545800460255192,1,3,2,1,0.0,21.017180036849144,8.741691402036825,False,False,True
489,55,0,3.1917550500958267,87,1,2,1,0.0,18.864539046266213,26.69447659428417,False,True,False
490,46,1,8.12064400650041,108,3,0,0,0.0,27.11196586031278,29.362545633422613,False,False,True
491,56,0,7.692422658045559,28,4,2,0,0.0,23.38595318460092,20.06045605815121,True,False,False
492,48,1,3.864836801212989,45,2,1,1,0.0,19.5337021976896,11.859376299841609,False,True,False
493,27,0,8.393820201007175,47,1,2,0,0.0,18.54106254737652,20.333881608042223,True,False,False
494,58,1,8.7667392459893,104,4,2,1,0.0,23.86041100619956,34.549630404264136,False,False,True
495,73,1,4.810480741607157,51,1,2,1,0.0,29.256938411756217,17.55493026317693,False,False,True
496,31,1,7.331573296795067,10,1,1,0,2.0,24.993260608825665,6.0050087898134965,False,True,False
497,36,1,5.937708746751252,68,1,0,0,0.0,23.37567318653232,20.17045602041553,True,False,False
498,27,0,4.070343932377147,81,3,1,0,0.0,21.913170804302297,18.40440180005518,False,False,True
499,25,1,1.477412930773255,39,4,1,1,2.0,21.482221457218504,16.330951685297716,False,True,False
500,65,1,8.956677666791663,32,1,2,0,2.0,21.364589683021727,13.33849383859896,False,False,True
501,53,0,3.036738575361111,14,4,0,0,0.0,32.76419603884421,17.062146204479767,True,False,False
502,33,0,9.15498172582334,39,1,0,0,0.0,30.51039596698148,13.995422459522128,True,False,False
503,77,1,7.373529296520138,15,4,0,1,0.0,25.398631838849468,12.898348703223704,False,False,True
504,55,0,7.119869591153922,113,2,1,1,0.0,23.13781898699365,28.849068672074058,False,True,False
505,68,0,3.750836471525651,112,2,0,0,0.0,24.940003692680165,27.121947519041395,False,True,False
506,45,0,8.816285360824926,15,2,1,1,0.0,26.68502386202501,12.033709616542575,True,False,False
507,35,1,5.352481060764997,4,2,0,1,2.0,24.535776172706136,5.534605201593628,False,True,False
508,79,1,4.262587581899112,43,1,1,0,2.0,20.73484441863862,17.011296549538272,False,True,False
509,24,1,4.318326316035652,72,2,1,0,2.0,18.642536179158,17.832841132268115,False,True,False
510,50,0,6.367468765629063,2,1,2,1,0.0,21.01677881155227,9.569742925104416,False,False,True
512,55,0,2.79496303311898,20,1,2,0,2.0,26.22601616312988,14.441306128898452,True,False,False
513,41,1,1.7169025683779826,38,1,1,0,0.0,34.11625560676236,12.888838955976974,False,True,False
514,53,1,9.034682886967197,71,2,2,1,2.0,31.715026503153567,28.68678683149103,True,False,False
515,45,0,9.230002138505876,72,3,0,0,0.0,27.891136984646472,18.483202281355144,False,False,True
516,31,0,1.6695786193475368,39,1,1,1,0.0,23.52145714107486,12.477427626466772,True,False,False
517,51,0,5.452815156272239,34,3,2,0,0.0,33.180400782366284,16.429663814850333,False,False,True
518,55,0,5.895427710612414,8,3,1,0,0.0,26.68502386202501,2.3456292011787454,True,False,False
519,76,0,9.981658594861177,30,1,1,0,2.0,33.17710125668129,14.550695999320148,False,False,True
520,58,1,5.608284568223407,119,3,0,0,0.0,31.876652064784288,22.042910554347493,False,True,False
521,43,0,2.689552679484463,64,1,1,0,0.0,27.33101446343594,14.765474095817476,False,True,False
522,77,0,9.33998998498183,93,2,1,1,0.0,26.95749879871865,28.422374470591382,False,True,False
523,38,0,8.740661670908136,116,2,2,1,2.0,26.38007468714409,28.579841009530885,False,False,True
524,55,0,6.551351959380177,9,4,0,0,2.0,32.42056203353058,6.701662507516551,False,False,True
525,38,1,6.433698597069308,78,4,1,1,0.0,25.60794676002445,24.96077304045988,True,False,False
526,72,1,6.430637909982214,111,4,2,1,0.0,27.553024309906483,40.35517481494264,True,False,False
527,42,1,7.729304626117806,80,1,1,0,0.0,30.921709915565017,19.160287550627388,False,False,True
528,74,0,7.8839754414876655,91,1,0,1,0.0,19.30489999037887,27.96110506395141,True,False,False
529,55,1,3.3802494178329714,25,1,2,1,0.0,24.404978926910022,10.475322029127629,False,True,False
530,66,0,7.904536466041547,97,4,2,0,2.0,21.97534413137386,34.419354474561615,False,False,True
531,63,0,5.43952744604704,10,3,1,0,0.0,23.74505270276081,12.179800093457535,False,True,False
532,71,1,7.258696038727519,51,2,0,0,0.0,34.85780113835142,17.20770838336428,False,False,True
533,70,1,2.9896439753259263,79,1,2,1,0.0,19.788310057923763,25.14203922676065,False,True,False
534,27,0,7.036327667313044,117,4,1,1,0.0,19.915141264068765,29.570933126254857,False,True,False
535,70,1,1.2020432358819222,29,4,1,1,0.0,26.480575773483345,17.415988857112062,True,False,False
536,69,1,9.696031531352384,109,3,1,1,0.0,26.35792507529794,28.43896036117169,True,False,False
537,52,0,5.320970451570577,69,2,0,1,0.0,19.51973262360566,17.999480888150554,False,False,True
538,66,1,4.253187956486639,41,1,0,0,2.0,22.05186223268328,15.63095314368109,False,True,False
539,58,1,4.7212593770977165,80,4,1,1,2.0,23.125878062620263,25.123392438441,False,True,False
541,60,0,6.06930259443115,68,3,2,1,0.0,25.302442778456594,22.21432951054213,False,True,False
542,36,1,7.34316039932766,20,4,1,1,2.0,26.52055210990135,14.13959899949679,False,False,True
543,28,1,5.256915343283374,93,4,1,1,2.0,30.31483967668749,27.494845457836227,False,False,True
544,46,1,5.557241309198596,41,4,0,1,0.0,29.7508147156862,17.708886735842775,True,False,False
545,24,0,9.615822518722355,48,3,2,1,2.0,20.94426207534389,16.28291871309319,False,False,True
546,39,1,3.271982167251708,102,4,2,1,0.0,26.68502386202501,31.96735036119089,False,True,False
547,47,1,3.648643965898667,21,4,2,0,0.0,23.94672447030421,15.893601836679968,False,True,False
548,53,1,6.461439072297246,58,1,0,0,0.0,31.460464316233026,15.546860049125952,False,True,False
549,48,1,1.568444753477254,58,4,1,1,0.0,18.83526430611122,20.78845434608534,True,False,False
550,51,0,6.938224312602849,115,3,0,1,2.0,21.79997492195982,27.834886206566853,False,True,False
551,76,1,6.659858299719747,41,2,1,1,0.0,23.461735982218293,14.37458972369506,True,False,False
552,64,0,4.443299413038281,97,1,2,0,0.0,26.78599408884572,27.99304642544865,True,False,False
553,63,0,1.6468772833776202,108,3,1,0,2.0,23.69254601198804,23.83760016411042,False,False,True
554,57,0,7.440065445990092,41,2,2,0,2.0,19.906742009953216,18.53340355411504,True,False,False
555,38,1,7.555175537289057,85,4,0,0,2.0,31.63676865349772,26.978837190019423,False,True,False
556,29,0,3.1530089229927216,21,4,2,1,0.0,21.40361336521132,15.13656458304354,False,True,False
557,59,0,5.826685292174679,88,1,1,0,2.0,34.82651817105928,26.68574247644265,True,False,False
558,35,0,6.857797557287267,116,2,1,1,2.0,20.355222786130547,24.97176204185849,False,True,False
559,49,0,4.5572868979202585,77,1,1,0,0.0,30.39335943247568,18.21510962867823,False,True,False
560,72,0,3.9938287180073138,105,2,1,0,0.0,25.458006125445017,25.193665704331345,False,True,False
561,67,0,4.91321380392845,11,2,1,1,2.0,19.12478259976633,6.587059998377328,False,False,True
562,43,0,9.65441823017391,9,2,1,1,0.0,28.84708583184189,9.323880855307705,False,False,True
563,73,1,8.646970398723147,98,4,0,0,0.0,33.86978366537297,32.36404721722805,False,False,True
564,29,0,4.99658042278478,3,3,1,1,0.0,22.16567394773553,6.9585309524001735,True,False,False
565,65,0,9.56588964528094,11,3,1,1,2.0,34.62021237028214,10.389318686560472,False,True,False
566,67,0,6.972012276027049,105,3,0,1,2.0,29.71464676952666,31.55687050096684,True,False,False
567,36,1,9.425332940617208,36,4,0,1,2.0,26.68502386202501,20.597237659647195,True,False,False
568,49,0,5.557241309198596,101,4,2,0,0.0,31.630845989403248,29.96024041228572,False,True,False
569,31,0,3.613313912374185,60,2,1,0,2.0,21.71696057934547,14.77882694393979,True,False,False
570,48,1,2.2972209759045565,98,3,1,1,0.0,26.750426387892457,21.08467260338041,False,False,True
571,51,1,6.817286009112904,22,1,0,1,0.0,31.704422870292152,9.915263711605864,True,False,False
572,74,0,2.738419760088819,37,2,2,1,0.0,26.16872139218635,18.62420148144649,True,False,False
573,49,0,5.557241309198596,107,2,2,1,2.0,24.430918662914245,28.907896630637563,False,False,True
574,30,1,4.99331302326701,83,1,0,1,2.0,26.68502386202501,19.786651990018694,True,False,False
575,78,1,6.469170769457299,90,2,0,0,0.0,27.35284933471328,24.48438070499532,False,False,True
576,27,0,1.3083501051415392,89,1,0,1,0.0,32.05162004658707,21.02679473650161,False,True,False
577,30,0,9.993846413707416,67,1,2,0,0.0,32.626491526471604,22.82298169954301,False,False,True
578,50,1,8.578217962584556,13,3,0,1,2.0,26.90134549115105,10.26408840585434,False,True,False
579,48,1,1.228786166615724,61,3,2,0,0.0,23.2221015223294,17.882491245309193,False,True,False
580,51,1,8.896370684872522,41,3,2,0,0.0,31.914686569574933,17.494557612700692,False,True,False
581,45,1,1.5366297194854197,15,3,0,0,2.0,32.36110945424373,4.010548829902643,False,False,True
582,35,0,3.640565303072063,26,2,0,0,0.0,34.915753011278255,12.43157268271894,True,False,False
583,61,1,9.22740815488151,15,2,1,1,0.0,34.685088803118475,7.520801227724871,False,True,False
584,61,0,9.589805022889664,72,2,0,1,0.0,27.23916859854572,24.89860418477487,True,False,False
585,66,0,4.413689134049687,95,3,2,0,0.0,20.489723569321274,27.11772516059447,False,False,True
586,24,0,1.7778216920251366,21,2,0,1,0.0,27.731363819320023,5.801998356084657,False,False,True
587,38,1,3.679787383050199,24,1,1,1,0.0,23.6020820263106,10.24184525695119,True,False,False
588,43,0,5.557241309198596,72,1,2,1,0.0,26.86563907786127,24.299904527505763,False,True,False
589,77,1,8.462756269143444,57,1,2,1,2.0,34.04322826876218,21.460182132900385,True,False,False
590,34,0,4.802854422014693,63,3,2,0,0.0,25.40297831147953,20.725568010968143,False,True,False
591,65,0,2.8069005615340163,62,2,2,1,0.0,19.02225969097865,22.82333577389588,False,True,False
592,60,1,4.409627183654995,44,4,0,1,2.0,24.510170068050574,19.1111676307072,True,False,False
593,37,0,9.039399726403698,97,2,1,0,2.0,31.46793549277188,24.64811323188931,True,False,False
594,27,0,6.229418421555236,47,3,1,1,0.0,31.394084160736803,11.477371400721212,False,True,False
595,43,0,3.0559266639808755,29,1,1,0,0.0,24.578038020631112,14.162306435237358,True,False,False
596,50,0,3.0476346676718054,86,2,1,0,2.0,21.95538993807025,20.66116526768439,False,True,False
597,45,1,2.2170506585964747,54,1,1,0,0.0,22.251907689435143,14.891599626955731,False,True,False
598,51,1,8.582112875065722,14,4,0,0,0.0,25.97074741756137,14.318053182318502,True,False,False
599,60,0,4.637980395038946,1,4,0,0,0.0,28.33416107875479,13.271284350473303,False,True,False
600,50,1,3.093434759338804,35,3,2,0,2.0,33.70094502895325,13.4482585247763,False,False,True
601,48,1,7.878916001860333,10,3,2,0,2.0,33.66752881328854,11.467438297496717,False,False,True
602,30,0,1.286102345996239,51,3,1,0,0.0,27.23741067595223,14.52251732203628,False,True,False
603,62,1,8.500398619884976,91,3,2,0,0.0,32.09868990700355,30.94746645356878,False,True,False
604,26,0,7.353913626657941,17,4,0,0,2.0,24.39142011669289,11.903804060284752,False,False,True
605,35,1,3.442231316720233,112,4,1,1,2.0,34.66392186932286,32.57826331215962,True,False,False
606,26,0,3.004734919412697,31,2,0,1,2.0,24.294709810570904,10.381064672463983,True,False,False
607,68,1,4.982585331963061,65,4,1,0,0.0,25.525340052682427,18.91315140656768,False,False,True
608,56,0,5.557241309198596,95,1,0,1,2.0,29.503195279446626,18.527347600162308,False,False,True
609,60,1,4.7188304253717295,66,4,2,1,0.0,34.76906044459977,27.898421621064323,False,True,False
610,51,0,2.296029015278399,53,1,2,0,0.0,31.43547078045548,16.30168817857614,True,False,False
611,41,0,4.993437422082156,115,1,2,0,0.0,28.64929964590926,33.48823269549376,True,False,False
612,61,0,5.992292589249843,65,2,0,0,0.0,25.61115286005137,21.042459173643564,True,False,False
613,28,1,7.351831459332864,69,1,2,0,2.0,20.66703042175512,23.031695568620965,False,True,False
614,61,0,1.8443968515589884,61,4,1,1,0.0,21.42864899375833,21.31303471743637,True,False,False
615,64,1,9.657945188801405,88,4,2,0,0.0,26.652900508837018,32.78713872388498,False,False,True
616,30,1,9.540796097076363,9,4,2,0,2.0,23.36358501380535,14.0213694374678,False,True,False
617,54,0,6.354581399027295,42,4,2,1,0.0,29.122607044425653,21.714986371562347,False,True,False
618,48,1,4.815374815266996,64,2,0,1,2.0,19.988331029650123,23.14550664400341,True,False,False
619,25,0,2.045625168286802,63,1,0,1,0.0,32.58199475225746,16.86926034190341,False,False,True
620,47,0,6.38136484137847,40,3,1,0,0.0,18.95586693937897,12.216456700121988,False,True,False
621,66,1,3.940201202785736,73,3,1,0,0.0,23.84880492241997,23.19105242512337,True,False,False
622,27,0,2.9013735907789115,37,2,2,0,0.0,24.809746165031843,10.169842158388938,False,True,False
623,30,1,9.033501952397325,27,3,2,1,0.0,32.169530606093176,16.276609535825013,True,False,False
624,39,0,5.557241309198596,115,4,1,1,0.0,28.80255784029594,32.13741565307251,True,False,False
625,79,1,6.021107009294584,38,2,2,1,0.0,26.34166602131704,17.053470466200817,True,False,False
626,31,0,3.2919551778920213,55,2,1,0,0.0,21.07794582107231,16.12844213780734,False,False,True
627,58,0,3.228553784572467,24,4,1,0,0.0,32.690281655183256,10.476765991088744,False,True,False
628,38,0,1.2741202726344714,105,4,1,0,2.0,19.951291927299284,28.29494509673064,False,False,True
629,38,1,1.8898572598867247,27,4,0,0,2.0,26.844916016232936,12.327428089612358,False,False,True
630,46,1,9.17034271999664,117,3,1,0,0.0,27.514499155211,31.110562840753232,False,True,False
631,53,1,4.727183631211885,6,2,0,1,0.0,34.92519664769266,2.558614977813819,False,False,True
632,59,1,1.2881624798750586,16,1,0,1,0.0,28.914530782119925,5.12988633955504,False,False,True
633,57,0,9.47942125326994,38,2,0,0,0.0,25.03744810893585,13.92740434719224,False,False,True
634,57,1,8.530567175294072,57,3,2,0,0.0,21.72948644652164,20.51552448076635,False,False,True
635,54,0,2.782027272767982,23,2,1,0,0.0,34.27672948407934,12.33934510501633,True,False,False
636,26,0,8.546814168883628,22,2,2,0,0.0,27.94710710829468,12.541061572091262,True,False,False
637,48,0,2.2652634812400727,24,1,2,1,0.0,28.83113851664646,13.031978382573689,True,False,False
638,66,1,7.370758931087837,61,2,0,1,0.0,21.56631704543693,14.051826237638153,False,False,True
639,70,1,5.345692884846521,113,1,1,0,0.0,20.35405968033459,27.11753456262708,False,True,False
640,34,1,8.467261159753576,81,1,0,1,0.0,26.68502386202501,17.114148607312302,False,True,False
641,27,1,8.322541533826474,106,3,2,1,0.0,20.7526856067864,28.13555230634577,False,False,True
642,67,0,3.213933400641288,85,1,2,1,0.0,28.95090459786825,27.19822815568181,False,True,False
643,62,0,1.1653448908429396,52,3,0,0,0.0,27.034529550306388,10.12039627396721,False,False,True
644,32,0,5.557241309198596,60,4,1,0,0.0,22.79155541026924,22.60356957800021,True,False,False
645,74,1,1.0610699767914484,63,2,1,0,0.0,31.406022144074207,17.601326651253842,True,False,False
646,43,0,7.208413236078737,95,4,2,0,0.0,18.549518231399432,29.34176683169612,False,True,False
647,61,1,5.771040085317837,54,1,2,1,0.0,32.69373944601054,23.33989404547665,False,False,True
648,27,1,3.228080573276062,10,4,1,0,0.0,29.56795714636838,9.492831409884698,False,False,True
649,68,0,4.572207315880258,77,4,1,0,2.0,22.06651971723744,28.03943185062881,True,False,False
650,53,1,7.262934169316365,29,2,2,1,0.0,33.48484759205698,10.957715379480751,True,False,False
651,31,0,4.0871392885053694,60,2,1,1,0.0,28.97999570316824,16.39937663059357,False,False,True
652,23,1,8.25172202960308,90,1,0,1,0.0,30.73678399625356,25.994500213124983,False,False,True
653,54,0,4.330522324415441,1,3,1,0,0.0,25.347383646642328,3.9945326068158704,False,False,True
654,67,0,6.3973397206729015,29,2,2,1,2.0,32.85885238498569,16.408020291069814,False,False,True
655,28,1,3.015445899787261,21,3,1,1,0.0,25.615565006118608,10.544653832350498,False,False,True
656,42,0,3.4731802969111047,119,1,1,0,0.0,28.61411486129705,25.55914307160789,False,False,True
657,71,1,1.6222000223574042,29,1,1,0,0.0,27.101280018720608,10.126052666825784,True,False,False
658,49,0,4.39400786081,5,2,0,0,0.0,25.23855590220543,4.331721607295439,False,True,False
659,43,0,6.933953151856013,95,1,0,0,0.0,34.271177663251216,18.999230925014963,False,True,False
660,58,1,4.304195517792386,33,4,0,0,0.0,19.274008098806966,14.626653852088868,False,False,True
661,55,1,7.009995038011851,81,3,0,0,0.0,21.968727096601903,22.900209010259545,False,True,False
662,55,0,9.891777888796332,13,4,1,0,0.0,34.952463453764366,12.631568684858884,False,False,True
663,69,0,9.579134609031096,81,1,2,0,0.0,29.17737691530958,30.706995168928696,True,False,False
664,39,1,4.015831908415083,56,4,0,1,0.0,21.96688967060108,25.258923180238867,False,False,True
665,48,1,9.330247082712448,59,2,1,0,0.0,25.488792094617533,16.117082901429733,True,False,False
666,74,1,7.41494614165214,107,1,2,1,2.0,28.338160947043228,26.39559764180162,False,True,False
667,53,0,3.448023163578907,44,3,0,0,2.0,20.96133961882589,11.769374999225288,True,False,False
668,38,0,4.582057937534335,56,3,1,0,0.0,19.90150160839676,11.909377818211883,False,True,False
669,40,0,3.7513192222943967,38,2,2,0,0.0,23.41288769665031,15.86421003495008,True,False,False
670,57,1,4.114976501479669,96,2,0,1,0.0,26.68502386202501,24.74616549494053,True,False,False
671,33,1,9.392824772220017,5,4,1,1,2.0,26.69748838936891,12.155440252959636,False,True,False
672,50,1,4.8704981067214685,40,1,0,0,0.0,30.24665421463213,11.064411169596912,False,False,True
673,53,0,8.471733067626143,86,3,2,0,0.0,28.3990478678628,27.39360493235357,False,True,False
674,56,0,1.5393398340740942,19,2,1,0,0.0,27.112460605884863,10.325877637670374,True,False,False
676,50,0,1.1594246554845011,65,2,0,1,0.0,20.75364268610569,20.61556104745889,True,False,False
677,39,1,3.120796354792797,105,1,1,0,2.0,22.57572505927005,23.79806444174779,True,False,False
678,48,1,1.854582826764979,21,4,2,0,0.0,30.69402046136658,16.18307266853635,True,False,False
679,49,1,3.011750400713602,55,2,2,0,0.0,32.01474578197061,20.06143537727418,True,False,False
680,77,0,3.150142261008189,31,4,1,1,0.0,30.104598942901703,13.365524683064338,False,True,False
681,62,1,5.653056548887378,3,4,2,1,2.0,30.59058461227781,15.840665597489268,True,False,False
682,66,0,7.685481488191212,56,2,2,1,2.0,21.26535569939348,21.709331212669884,True,False,False
683,77,1,8.900243187480864,101,3,2,1,2.0,21.474623390143066,32.414753572006305,True,False,False
684,28,1,4.934548446041594,15,3,2,1,0.0,33.0878013885538,6.894315100108252,True,False,False
685,54,0,5.557241309198596,47,3,2,0,0.0,22.817680072592964,18.47139861304981,True,False,False
686,73,0,1.208320947235075,75,1,1,0,0.0,32.4200952886689,20.36528376673073,False,True,False
687,28,0,7.1523318269968215,26,4,0,0,2.0,25.404249078046576,12.583768731335365,False,True,False
688,62,1,3.53358658695138,117,1,1,0,2.0,26.68502386202501,28.27036170463131,False,True,False
689,78,1,4.613875642047542,55,2,0,0,2.0,21.63044247895163,17.40493085582863,False,False,True
690,50,1,8.115107974220397,4,1,0,1,0.0,34.314075682432104,9.070608160088808,True,False,False
691,24,0,3.203555957285685,43,1,0,0,0.0,19.31642892712797,11.149022159450988,False,True,False
692,21,1,3.4403532505949763,100,2,2,1,2.0,25.95447807105318,28.238132347434004,True,False,False
693,70,0,6.673758565432189,6,4,0,0,0.0,21.83979901693392,15.6933836814341,True,False,False
694,75,0,2.6933223448846806,84,2,2,0,0.0,23.209093027856813,25.14092690333314,False,True,False
695,48,1,1.4355629375118903,85,3,1,0,0.0,19.763805152078948,23.160722296673363,True,False,False
696,33,1,7.662727539091756,6,4,0,0,2.0,30.20107175273739,10.146116446548843,False,True,False
697,44,0,7.067778605784367,44,2,1,0,2.0,27.358388898245536,11.69942728775576,False,True,False
698,25,0,7.555475674906592,48,2,2,0,2.0,33.72477455661079,16.58392794196069,False,False,True
699,64,1,7.881568606122565,106,4,1,1,0.0,20.93501689483261,29.295453535303803,False,False,True
700,70,0,9.369479442061037,20,1,0,0,0.0,28.748331145962588,11.331386224374077,True,False,False
701,44,1,3.685039692287489,58,1,2,0,0.0,27.512616856679024,16.438612540759724,False,False,True
702,26,1,9.652442231293437,17,4,1,1,0.0,29.60128449440509,12.872063980970616,False,True,False
703,78,1,8.451408923666712,79,4,2,0,0.0,26.47638775663956,27.708328591749403,False,True,False
704,47,1,7.048177859624816,21,4,2,1,0.0,20.3398672194148,21.521355722536995,True,False,False
705,44,1,4.386064405250719,65,2,0,0,0.0,30.583663140708605,19.59942557551544,False,False,True
706,48,1,1.368563789345318,94,3,1,1,0.0,20.544788234344075,26.61995423618016,True,False,False
707,22,1,1.5782745065914994,14,1,0,1,0.0,24.76878515431193,5.310786341864488,True,False,False
708,65,1,8.69960057847857,64,1,0,1,2.0,22.813843019507352,17.255991903482965,False,True,False
709,64,0,1.7593380679465451,81,4,0,0,0.0,29.41312637049762,25.631893696042585,False,True,False
710,66,1,8.81655823616852,103,4,0,0,0.0,27.59509538129181,30.86828876155849,True,False,False
711,49,1,6.083572930456839,44,4,2,1,0.0,24.614451944130924,21.70698202262115,True,False,False
712,41,0,6.992644281401153,60,2,1,0,0.0,25.73857866106787,13.240364880190628,False,False,True
713,44,1,4.637335885993506,46,2,2,1,0.0,26.19890788224813,15.434778107088686,False,True,False
714,27,0,6.965071594692972,24,3,0,1,0.0,18.50644912147522,8.803487751790293,False,False,True
715,45,1,3.5061876182381138,36,3,2,0,2.0,23.594594359494955,15.162178386355809,False,False,True
716,24,1,9.476348500451405,5,2,2,0,0.0,25.654844303064923,6.842153330646212,False,False,True
717,44,1,5.987158445894107,62,2,0,0,0.0,20.037552035455622,15.83025156595088,False,True,False
718,23,1,3.534168572699772,69,4,1,0,0.0,20.11957065502157,22.28251035006607,False,True,False
719,46,1,3.425595590964676,85,1,1,1,2.0,32.169926576630985,20.502901099875785,False,True,False
720,29,0,9.8415149906581,51,4,1,0,2.0,27.89145759279108,17.421731409647144,False,False,True
721,75,1,7.347552616353812,23,3,1,0,2.0,29.92221433997803,11.680323498636046,False,False,True
722,63,1,4.643739006563299,50,3,0,1,2.0,21.445292029988405,15.04668829693225,False,True,False
723,31,0,8.890157921145835,60,2,0,0,2.0,19.45395080312719,15.708287835315204,False,True,False
724,43,1,9.995211047823222,93,2,1,0,2.0,21.62855124538872,19.14709127078739,False,True,False
725,52,0,8.982478997945806,34,4,0,0,0.0,21.55481547757013,14.665639397805275,False,True,False
726,45,0,5.256828832336622,32,1,0,1,0.0,24.341972323478124,11.512493728958695,False,True,False
727,43,1,5.477763844247075,62,3,1,0,0.0,28.31166301979449,15.145402934588612,False,True,False
728,64,0,5.557241309198596,96,2,1,0,2.0,18.518282386226808,28.96006390715728,True,False,False
729,71,0,2.89521271454449,75,3,0,0,2.0,29.699505484622783,22.53449438874281,False,False,True
730,66,1,2.157216206605022,68,2,1,0,0.0,22.103313088970857,22.93158852978015,True,False,False
732,64,1,7.77225781842184,30,1,2,1,0.0,22.327346784080547,15.890634016429471,False,True,False
733,50,1,5.557241309198596,113,3,1,1,2.0,20.695616280627043,30.52760091443936,True,False,False
734,75,0,6.625175087512937,72,1,1,1,0.0,31.756004806158582,22.65070277707519,True,False,False
735,75,1,3.30766442369821,95,1,0,0,0.0,31.65157282660044,23.05745583066241,False,False,True
736,46,1,2.0441564841070283,57,1,0,0,2.0,34.27641202166301,14.675362039351011,True,False,False
737,54,1,4.730031415319315,102,4,2,1,2.0,30.448086881234104,34.28986279978395,True,False,False
738,33,0,3.677920852089972,80,1,2,1,0.0,27.5343071804038,22.72349650154034,True,False,False
739,63,1,9.474713668660318,68,3,0,0,2.0,28.434381395285204,16.54618594471992,False,False,True
740,68,1,7.729690833348496,28,2,0,1,0.0,29.05771975577113,9.332333741673702,False,True,False
741,36,1,5.557241309198596,18,4,0,0,0.0,31.1751718508165,16.599099176012707,True,False,False
742,57,0,6.449000367748081,93,1,1,1,2.0,22.69896207434036,22.325959998577293,False,False,True
743,40,0,3.8579109188980425,109,1,2,0,2.0,30.5208758420212,28.177393761591816,True,False,False
744,21,0,5.2554306240667215,73,3,0,0,0.0,26.729678650203606,17.961007013018527,False,True,False
745,39,0,4.474892699537358,88,1,1,1,0.0,32.609609305345415,22.33589611977081,True,False,False
746,61,1,1.6290263069915292,17,1,0,0,0.0,25.852412467021445,11.068369297641942,True,False,False
747,50,0,7.608789900847968,35,4,0,0,0.0,24.2069785277151,17.399302822911697,False,True,False
748,47,0,3.8674393415438897,11,4,1,1,0.0,28.45120869726841,13.08270073886441,False,True,False
749,40,0,3.80237897946989,38,3,1,1,2.0,19.151880186991978,13.375719117538212,False,True,False
750,65,0,1.190730216050675,8,2,0,1,0.0,23.64756325957197,6.928047293857711,True,False,False
751,77,1,9.5874010249933,94,3,2,1,0.0,26.166491554315616,32.570112561487726,False,True,False
752,73,1,5.493186167722973,19,3,0,1,2.0,34.885154563800846,13.082144931007756,True,False,False
753,72,1,9.47093224708617,103,3,2,0,2.0,22.96834525238446,31.673295387743952,True,False,False
754,50,1,8.293279597834934,89,4,2,0,0.0,20.03158886806295,31.43240446859868,True,False,False
755,74,1,3.743318301806192,118,4,1,0,2.0,22.570515856951737,33.03853330833794,False,True,False
756,43,0,9.080950399880336,59,4,2,1,0.0,21.09402020817785,26.155858623350184,True,False,False
757,69,0,7.128254913555264,36,1,2,1,2.0,31.313228616830607,18.69177129821724,True,False,False
758,56,1,3.247123491824601,2,2,1,1,0.0,21.40951549940429,4.42478824208184,False,False,True
759,66,1,1.1956495425733662,54,4,0,0,0.0,22.61093879421404,19.24057234102218,False,True,False
760,32,1,9.935477429002272,4,1,1,0,0.0,24.900692793961618,4.701174862757551,False,False,True
761,32,1,7.816825930359923,105,4,0,1,0.0,19.930822389311803,31.767722359433986,True,False,False
762,38,1,1.5808229546020862,106,2,1,1,0.0,21.49940873271277,24.81044867946325,True,False,False
763,45,1,7.57374638517762,90,2,2,0,0.0,31.029237086681707,25.976759810221004,False,True,False
764,60,0,5.557241309198596,22,4,0,1,0.0,26.35666243767084,19.815426166458018,False,True,False
765,34,0,7.598377207959269,95,2,1,0,0.0,19.91588609426365,22.18252445470217,False,True,False
766,44,1,2.169089240831297,30,4,2,1,0.0,28.473417786839605,16.264895337388953,False,True,False
767,76,0,5.70438508660841,96,3,0,1,2.0,21.025432989581777,24.5007104885029,False,False,True
768,20,1,1.828876850114708,33,4,1,0,0.0,26.381611199238264,14.090360263671185,False,False,True
769,76,0,4.896707922991482,81,3,1,0,0.0,29.719510990808992,18.898040160981868,False,False,True
770,47,0,8.015347151960757,37,4,2,0,0.0,24.591309249800894,22.483760614962115,False,True,False
771,41,1,4.6136462876614175,93,4,1,1,0.0,32.76271428780433,28.98798475485547,False,False,True
772,52,1,9.229975565386043,21,1,1,1,0.0,20.34427274761736,8.783843671803087,False,True,False
773,72,1,6.634535782985462,8,1,0,1,0.0,34.75277148526227,5.807874148739012,False,True,False
774,47,1,5.557241309198596,97,2,0,1,0.0,31.992721364046613,24.387263483015747,False,False,True
775,49,1,4.614671874994918,61,1,1,0,0.0,19.240308243602257,16.277430316322235,False,False,True
776,72,0,4.2657923529559305,48,3,2,0,0.0,21.159058037391027,18.69329416680638,True,False,False
777,63,0,7.825677767197343,71,1,2,0,0.0,25.50057727818865,21.256895676761385,False,True,False
778,47,1,8.25906368917363,92,2,2,1,0.0,31.379093682099903,26.64025309303245,True,False,False
779,34,0,7.170427598903869,41,1,0,0,0.0,25.754949679429465,14.048585892470411,False,True,False
780,54,0,6.557164731218991,108,1,1,1,0.0,24.95924167028993,24.681854727211764,True,False,False
781,64,1,5.740833589229937,119,1,1,1,0.0,21.02538091604467,28.716790662001035,False,False,True
782,57,0,7.24665100177886,52,1,0,0,0.0,32.23971280558182,18.79456955696379,False,False,True
783,62,1,7.638427864309799,59,4,2,1,0.0,30.56462950085032,22.68530276784792,False,False,True
784,78,1,5.919630813489215,95,4,0,1,2.0,23.505757733901525,27.989557467336294,False,True,False
785,23,0,1.265287169120029,65,3,0,0,0.0,27.76127659275354,17.431216112784305,True,False,False
786,63,0,1.2822541192412955,102,2,2,0,0.0,34.206991745926416,28.37893048381443,False,False,True
787,20,0,8.765096911042516,33,2,2,1,0.0,22.06105702534237,14.537592415334515,False,True,False
788,23,1,3.090391532177727,74,3,1,1,0.0,33.50316423919998,14.626331417611484,True,False,False
789,48,1,1.1416238233618996,99,1,0,1,0.0,24.208902512847,21.57002018544574,False,True,False
790,79,1,5.378019505219427,116,1,1,0,0.0,29.647530483807262,32.52414449425961,True,False,False
791,62,0,1.1118303441453905,81,3,2,1,0.0,19.174286384066058,29.32490168134259,True,False,False
792,72,0,2.2252279631546017,87,4,1,0,0.0,32.50985744229247,27.772144683626443,True,False,False
793,66,1,1.283013595530528,23,2,1,0,2.0,26.68502386202501,8.008678898825265,False,True,False
794,47,0,1.6237405541687384,89,1,2,1,0.0,33.16229242067293,22.540334674249355,False,True,False
795,55,1,4.861880051370306,112,4,0,1,0.0,20.033289453590022,33.26601631499139,True,False,False
796,36,1,4.554506674193159,1,3,1,1,0.0,25.962407271044537,4.835076140203635,False,True,False
797,33,1,6.028564991720852,69,2,1,0,0.0,32.57530846300898,20.039705791809578,False,True,False
798,64,0,6.090431749732391,30,4,2,0,2.0,19.382414547352024,16.741970480665714,False,False,True
799,21,1,8.57274792422815,21,4,1,0,0.0,19.225640449339185,17.602362610555222,False,False,True
800,52,0,9.603128551493642,51,2,0,0,0.0,23.216336967756533,16.638772647832806,False,True,False
801,66,1,1.2734162195901626,79,4,2,0,0.0,29.719220489967228,26.653364469236152,False,False,True
802,42,0,5.717392009252803,35,2,2,1,0.0,33.15937902237792,12.407631087575862,False,True,False
803,42,1,3.977154953029389,69,1,2,0,2.0,23.19324791066613,25.099711210266246,True,False,False
804,50,1,4.931740329014139,31,2,2,0,0.0,22.65489425748005,11.823021129788364,False,False,True
805,33,0,9.760299095370586,102,4,0,0,2.0,23.76712192251893,30.122423541992152,False,False,True
806,36,1,6.067116488544968,89,1,2,0,0.0,34.29523051557912,23.59045440056047,False,False,True
807,73,1,5.970893476368501,115,1,2,0,2.0,21.27891096058316,34.69606882991423,True,False,False
808,58,0,6.050360320047605,50,2,0,1,0.0,28.77185111369822,14.051267014161333,False,True,False
809,52,0,3.9286446609662846,20,4,1,1,2.0,27.106622392811783,16.152188241380824,True,False,False
810,73,1,8.611377235450544,111,2,2,1,2.0,32.480160576629004,33.530219997443204,False,False,True
811,35,0,7.00496749534113,11,4,1,0,2.0,33.37497984810828,14.112610953164168,False,False,True
812,62,0,1.8954184029613528,109,3,1,0,0.0,25.28543588403572,25.097577414132783,True,False,False
813,21,1,6.608455783701219,17,1,1,0,0.0,25.71316496071239,4.917737957952568,True,False,False
814,79,0,7.58092437996653,77,4,0,0,0.0,24.7048736949298,26.594013652975395,False,True,False
815,76,0,2.406197028267251,40,3,2,1,0.0,27.60178910948316,13.739438607891165,False,False,True
816,72,1,2.336656818314057,18,3,1,0,0.0,19.67046251338684,7.282066653686078,False,False,True
817,33,0,7.94604645161513,6,4,0,0,0.0,20.47231113990002,8.607412671271707,True,False,False
818,59,0,8.22750596102061,111,2,1,0,2.0,26.68502386202501,29.682526729777013,False,True,False
819,47,1,9.655000949642467,51,3,2,0,0.0,18.56777515111439,17.77389867126698,False,True,False
820,49,0,6.053721388958306,47,3,1,0,2.0,29.42030782080221,12.08094673892371,False,True,False
821,74,0,2.18831659200996,41,3,0,0,0.0,18.95466116763264,10.990932583440951,False,False,True
822,61,1,6.233085531357618,74,3,0,1,2.0,32.847402646343554,20.6774607592124,False,False,True
823,50,0,7.118298024411972,107,2,0,1,2.0,28.31712027691186,27.069084450945176,False,False,True
824,73,0,8.162080580588519,67,3,1,1,0.0,18.70721821714404,19.21213692570659,True,False,False
825,42,1,7.5356392145181506,73,4,2,0,2.0,22.823242418989725,25.31108843707976,False,True,False
826,59,1,3.561362150823266,78,1,2,0,2.0,34.00597936786465,29.92027050481328,True,False,False
827,23,0,7.009065559074582,12,1,0,0,0.0,24.01358872804217,7.7711156587696655,True,False,False
828,30,0,5.557241309198596,52,3,0,1,0.0,33.39563572051245,12.640499013509531,False,True,False
829,61,0,8.186868237538786,107,1,0,1,0.0,32.01285255129259,29.43109888395078,True,False,False
830,56,1,5.879839498473835,105,4,1,0,2.0,25.59771937539288,32.91964141791644,True,False,False
831,41,1,8.78290292882978,70,2,2,1,0.0,27.4653908377848,25.74246639446735,True,False,False
832,42,0,2.3782132054396348,90,2,0,1,0.0,26.46801860277989,18.592190845622632,False,True,False
833,45,0,5.819184546912587,4,2,2,1,0.0,22.6816741855834,10.338704796245374,False,True,False
834,50,0,6.935010928440744,47,1,2,0,0.0,34.12470484037518,18.49299283710463,False,True,False
835,22,1,1.2034399542330396,42,1,2,1,2.0,22.363700483248326,13.29520510925657,False,False,True
836,49,1,8.409417878032949,7,3,1,1,0.0,24.358715564972893,9.164248330145176,True,False,False
837,38,0,1.2292542256159642,76,4,0,1,0.0,31.85575377498252,22.309077805675507,False,False,True
838,49,1,9.389161898025876,74,2,2,0,2.0,30.43929707268881,25.19648984739744,True,False,False
839,66,1,8.772011226984787,89,3,1,0,0.0,26.68502386202501,27.76647045852748,True,False,False
840,49,0,8.765763194163544,43,2,0,1,0.0,21.41398892682344,15.991115600663967,True,False,False
841,76,0,6.043590584379485,22,3,1,1,2.0,32.889020758991684,8.032017307993769,False,True,False
842,50,0,1.0906402134905484,20,1,0,0,2.0,28.23025018235569,6.866967592311709,False,True,False
843,50,0,5.526046701463772,12,2,0,1,0.0,26.68502386202501,9.595485203849885,False,False,True
844,36,1,2.845495840769522,26,1,1,1,0.0,32.33860389869402,6.004759704960569,False,False,True
845,78,1,9.720710758740696,22,4,2,0,0.0,28.21524238545449,22.646897175007425,True,False,False
846,71,1,1.5921839601571508,71,4,0,1,0.0,26.68502386202501,21.7361123712138,False,False,True
847,44,1,4.437851227212731,30,1,2,0,0.0,32.2921206551987,14.14218000885158,True,False,False
848,60,1,7.277030453478755,104,2,1,1,0.0,24.35887560778767,23.53950816035492,False,False,True
849,22,0,1.6556076779067976,20,4,2,0,0.0,31.31582655004659,14.567712037549738,False,True,False
850,79,0,3.653790652627273,38,3,2,0,2.0,27.35939937510713,16.89672554424273,False,False,True
851,78,0,3.689768699081809,3,3,2,1,0.0,22.153459481709177,9.26474195755057,False,True,False
852,23,0,4.9430048592996565,114,2,0,1,2.0,24.93659054277841,29.211215406531835,True,False,False
853,79,0,1.4233514807327312,119,4,0,0,2.0,25.664187192344933,30.661014884494247,True,False,False
854,70,1,3.450570946373208,24,3,2,0,0.0,32.81078453108241,12.669037660844754,False,True,False
855,40,1,6.934410357413183,3,2,0,1,0.0,25.28427164266633,3.481075867944935,False,False,True
856,47,1,5.232555426369131,46,1,1,1,0.0,22.19486473466352,9.055486223953467,False,True,False
857,20,1,8.261003282556825,43,3,2,0,2.0,24.79103418822271,19.04515130363297,False,True,False
858,55,0,5.284528925517972,119,2,2,0,2.0,26.717947132431384,33.99927977542689,False,True,False
859,73,0,6.9113370797960405,87,4,0,1,0.0,27.218116538958817,27.51968104176798,True,False,False
860,48,0,3.785877926758793,95,4,0,0,2.0,32.83715709256674,28.65216070324701,True,False,False
861,43,1,2.709394896073232,61,3,0,1,2.0,25.374564714137787,16.056920099623138,False,False,True
862,64,1,6.812113220155656,40,3,2,0,0.0,28.67848471892311,17.665155884838185,False,True,False
863,66,0,8.32870885304429,60,4,0,0,0.0,23.131389565972835,21.31586603689316,True,False,False
864,51,1,8.599621088714791,90,3,0,0,0.0,29.47251636137236,23.678946915225893,False,False,True
865,23,0,4.8234766297898,46,3,0,1,0.0,29.89472963948574,12.845514014430794,False,False,True
866,75,0,6.98619574165353,66,3,2,0,0.0,20.16916513984234,25.832612538491,False,True,False
867,28,1,6.110568644965492,16,4,1,0,0.0,28.413474433589936,10.644743545744191,False,False,True
868,68,1,2.617237851861727,90,3,1,1,0.0,33.888134805998874,25.82936967305321,False,False,True
869,70,1,9.206394342730684,116,1,2,0,2.0,33.30132860601666,33.07060083026466,True,False,False
870,64,1,3.8312339189160456,117,3,0,0,0.0,26.831236377425228,26.67766767144701,False,True,False
871,36,0,2.612073557412596,5,4,1,1,0.0,33.18693889560328,13.875161595894262,True,False,False
872,53,1,5.156003402024409,73,2,1,0,0.0,28.32414763549704,20.87810996422348,False,True,False
873,21,0,1.0887465550342552,48,4,2,0,2.0,28.86915634164362,19.463103579759657,False,True,False
874,71,1,6.286130121187251,25,3,0,1,2.0,18.59132042006481,9.394835120885098,False,False,True
875,42,0,8.589726695369452,2,2,0,1,0.0,31.625430355080944,4.779656431277259,False,False,True
876,23,1,4.392055151966924,46,2,0,0,2.0,22.76494236941364,12.431377225522876,False,False,True
877,40,1,5.674867560705775,45,2,2,0,2.0,26.68502386202501,19.145084323477228,True,False,False
878,20,0,1.026664485043571,55,4,0,1,0.0,32.82892365334896,19.28338160780925,False,True,False
879,51,0,3.0866064089496965,55,1,1,0,0.0,21.58566686558198,16.369751713854647,False,False,True
880,38,0,7.143803940638183,48,4,1,1,2.0,27.93493647135611,14.068297283077245,False,True,False
881,50,0,5.3208112801604175,38,4,1,0,0.0,19.271378057799616,22.795558963317045,True,False,False
882,57,0,1.18442842190177,98,4,1,1,2.0,19.83438252902628,25.900328367669008,False,False,True
883,55,1,1.024310951507471,51,2,2,0,0.0,34.13336417283715,17.39128349934803,False,False,True
884,33,1,9.777646462870416,64,1,2,1,0.0,26.139123848114856,21.525040700890862,False,True,False
885,67,1,3.4142532303007966,33,4,0,0,2.0,25.550489760018166,12.529268059941588,False,True,False
886,37,1,9.99396929343777,107,1,1,1,0.0,21.41110385949542,27.069436184002782,False,False,True
887,68,0,5.557241309198596,109,2,0,0,0.0,33.93887242552052,26.03716985996776,True,False,False
888,53,1,9.331665691972772,70,3,0,0,0.0,28.27170469172732,20.215104662892948,True,False,False
889,55,1,6.805282010967551,9,3,0,1,0.0,31.96726683336178,10.096304769673626,True,False,False
890,53,0,9.553091288625144,47,4,0,1,2.0,19.88624341926252,19.157881634547145,False,True,False
891,48,1,6.9383875842405525,84,1,0,0,0.0,34.96670443760995,22.710588890477165,False,True,False
892,78,1,4.390648707978592,114,1,0,1,0.0,30.716673473048857,31.87606453322081,True,False,False
893,49,0,5.557241309198596,43,1,2,1,0.0,33.4188009978665,13.19738174484225,False,True,False
894,73,1,7.500237202758339,75,2,0,1,2.0,22.83532976698337,24.694023046211456,False,True,False
895,36,0,4.862715237640311,38,2,1,0,0.0,19.87778154706167,13.45175843749619,True,False,False
896,41,1,7.239677216963428,71,3,1,1,0.0,32.038435753017254,21.637456504611087,True,False,False
897,20,0,8.46961758240564,11,2,0,1,0.0,30.69871002230424,1.662836363605308,False,True,False
898,67,0,3.549802018364636,5,1,1,0,0.0,33.56220785336478,5.004220867438537,True,False,False
899,28,0,8.940115729186886,33,1,0,1,0.0,33.05948015021838,12.379558401719695,True,False,False
900,41,0,7.257510112306693,65,4,2,0,0.0,27.9344338896056,24.9457491048019,True,False,False
901,53,1,2.616807842777185,31,3,1,1,2.0,33.828130342033866,8.099264395797956,False,True,False
902,34,1,9.71301012765505,104,4,2,1,0.0,25.491560451510946,32.05245017024373,False,False,True
903,55,1,5.022242090712489,18,1,2,1,0.0,31.00954544257299,5.469763051494085,False,False,True
904,75,1,6.697260148669683,9,3,1,1,0.0,29.088084995180548,8.382781638995942,False,True,False
905,78,0,3.14889304603576,3,1,0,0,0.0,20.227425965012813,9.49701252362581,False,False,True
906,78,0,6.806234115421486,112,3,1,0,2.0,21.16866829255384,29.46678882089671,False,False,True
907,40,0,6.085292724783548,95,4,0,0,2.0,19.39898930938762,29.08477457527365,False,False,True
908,61,0,2.8701141823427845,56,2,2,1,0.0,19.94020040987017,20.49762810560124,True,False,False
909,66,1,4.090785545176065,96,4,2,0,0.0,31.134422958523324,30.84358023842658,True,False,False
910,26,1,9.576192822071588,88,4,1,0,0.0,25.30975502155193,30.466788967301976,True,False,False
911,68,1,9.765418653893754,115,1,0,0,2.0,31.96141809755612,33.24771132924398,True,False,False
912,43,0,8.1342331556444,79,3,0,0,0.0,21.887682753860005,18.59192403840008,False,False,True
913,46,1,9.97793399513117,1,1,2,0,0.0,27.68311028429813,8.254049423832434,True,False,False
914,79,0,9.30637070290546,62,2,0,1,0.0,24.58600222542534,22.32249026804425,False,True,False
915,52,1,5.046279392006007,119,2,0,0,0.0,23.373366415940936,26.152173358445264,False,False,True
916,56,1,4.484649467403409,107,2,0,1,0.0,27.38047444912423,26.295332578246228,True,False,False
917,24,0,7.539442879398964,90,2,1,1,0.0,30.61350627021939,20.273123333979136,False,False,True
918,42,1,5.930304262523224,92,1,2,1,0.0,19.584726969247136,24.868977978831555,False,True,False
919,27,0,1.388532617766473,61,4,0,1,2.0,23.144229765197665,20.562732427521777,True,False,False
920,64,0,8.99207961402374,112,1,1,0,0.0,32.89089804030335,28.566052204489527,False,False,True
921,26,0,4.148652124817694,48,1,2,0,0.0,21.084599247048747,11.527249743814792,False,True,False
922,42,0,7.299908510969428,93,2,1,0,0.0,32.87891707415943,22.050671335169124,False,False,True
923,74,1,9.471323764381625,86,4,0,0,0.0,21.09206210144402,29.690840578289222,False,False,True
924,74,0,5.353424491516419,48,3,2,0,0.0,27.45931339234741,22.148570527820745,True,False,False
925,68,1,5.557241309198596,52,1,0,0,0.0,20.890052996849104,13.261981339816185,False,True,False
926,68,1,6.810362854748278,90,3,2,0,0.0,20.810653407392216,24.652308201709587,False,False,True
927,41,0,3.412103504676376,110,4,0,0,0.0,34.87380895291656,27.082014841957125,False,False,True
928,36,0,5.516562183000746,95,2,1,1,0.0,32.38587624124554,20.9403011613947,False,True,False
929,56,0,7.824723554894667,77,1,0,1,2.0,29.35679135169193,21.21731259900493,True,False,False
930,27,1,8.564980210761377,100,4,0,0,0.0,30.08507445062056,30.638945672816018,True,False,False
931,76,1,1.9261457950780057,5,3,2,0,0.0,20.45556878530386,7.60701636570686,False,True,False
932,57,0,9.66072684856849,56,3,0,1,0.0,27.06412913985864,12.690597042571175,False,True,False
933,78,1,8.137648299911117,52,3,0,1,0.0,28.618066256327555,15.695749730643886,False,False,True
934,25,1,2.532332369128924,55,2,0,0,2.0,34.76986442136155,11.531814046418344,False,True,False
935,76,0,2.862126053658152,80,2,0,1,2.0,30.7596746283006,23.131619000092137,False,True,False
936,78,1,2.5154676847274904,97,2,0,0,2.0,26.68502386202501,21.755704953092,False,False,True
937,39,0,6.626953527875671,90,1,1,1,0.0,27.63447049209448,21.023519236941144,False,False,True
938,40,1,5.103319818874754,46,4,1,0,2.0,28.123309894527555,15.444699991570614,False,True,False
939,45,1,1.425920771227792,40,2,1,0,2.0,31.053887431528487,11.561184171738724,True,False,False
940,34,1,9.878029534240628,91,1,2,1,0.0,23.3917880546931,29.28644833377941,True,False,False
941,42,0,4.47540326734439,73,1,1,0,2.0,29.13635671907246,18.53296817974676,False,True,False
942,66,1,6.025529046958063,33,1,2,1,0.0,20.099767754191184,16.317768124948707,False,True,False
943,73,1,5.258553864678608,9,2,1,0,2.0,26.2413795408422,9.520268762867648,False,False,True
944,25,1,2.8729899677845667,48,2,0,1,0.0,23.32921788636038,14.03799644209818,False,False,True
945,50,0,1.5104795819656407,83,1,1,0,0.0,23.913079555998195,21.627951420560912,False,False,True
946,24,1,3.492591563121489,98,1,0,1,0.0,26.9048492596241,25.452864570024232,True,False,False
947,65,0,7.614846744669059,54,1,1,0,0.0,20.33900946046229,17.21964426653516,False,True,False
948,71,0,4.904992436369315,98,1,2,1,2.0,20.85200106588984,27.468285406254,False,False,True
949,63,1,3.556544158717437,25,1,0,1,0.0,29.669942015025875,9.197438853018832,False,True,False
950,44,1,5.557241309198596,83,4,0,1,0.0,24.37647806363362,24.78193476907679,False,False,True
951,68,0,8.091378445939903,75,3,2,0,0.0,24.426490360889847,24.297900128871284,False,False,True
952,62,1,2.3270734042741106,106,4,0,0,0.0,26.032327977036744,31.60856284382416,True,False,False
953,54,0,7.455371728221344,14,4,1,0,0.0,29.266926827767563,13.714504446133386,False,False,True
954,30,0,5.467590295093758,98,4,2,1,0.0,29.08163907520415,32.252092889941096,True,False,False
955,24,1,3.9214791828725017,90,4,1,1,0.0,25.439633383625043,27.94781594724079,True,False,False
956,47,0,4.293967674609423,61,2,0,0,0.0,34.56207321484307,16.712168668772538,False,True,False
957,26,1,3.492980366092445,84,1,0,0,2.0,25.66765020350352,17.711151305594335,False,True,False
958,24,0,3.6738659725577296,102,3,0,1,0.0,25.17722271188849,22.072229054905858,False,True,False
959,58,1,5.068393989218215,68,3,1,0,2.0,32.034961242614656,19.19686897421176,True,False,False
960,53,1,5.603329421095449,105,1,2,0,2.0,26.68502386202501,28.65833713352491,False,True,False
961,76,1,9.83421126788135,90,2,2,1,2.0,21.974595111584023,29.611877123673324,False,False,True
962,22,0,9.505052047078133,118,1,0,0,0.0,30.733065946667686,28.85105302292947,True,False,False
963,74,0,4.616557171209287,88,2,1,1,0.0,31.9064499722136,24.2043650431294,False,True,False
964,74,1,3.198103303276707,48,2,1,0,2.0,21.15720647276001,12.346762301230946,False,False,True
965,45,1,2.348543207691713,43,3,1,1,0.0,28.90840074986386,10.957088075684888,True,False,False
966,74,0,1.1883882654286615,15,1,1,1,2.0,33.98147208327527,8.146432275408307,False,True,False
967,37,0,6.703908938186463,53,2,1,0,2.0,31.90347610288605,17.249813383113164,False,False,True
968,68,1,1.4369538448797683,34,1,2,0,2.0,32.883946147834365,15.80523348868693,True,False,False
969,40,1,1.7446157475601698,51,2,0,0,0.0,26.68502386202501,11.58367291995662,False,True,False
970,63,0,4.427966098978916,36,1,2,0,0.0,19.97488830848903,16.74927532767549,False,False,True
971,55,0,5.944280962998418,107,3,2,0,0.0,21.15411101848312,29.63497851111111,False,False,True
972,54,1,2.2838891632584586,31,2,2,1,0.0,32.85803081854462,13.626857497523796,True,False,False
973,31,1,4.615215117054529,111,3,2,1,2.0,23.67331107553431,29.99677537918477,False,True,False
974,70,1,7.771016601800965,16,1,0,1,0.0,22.776459583670828,9.390080967383996,True,False,False
975,71,1,1.8978720193255816,119,4,2,0,2.0,33.78365967160754,37.00552065126849,False,False,True
976,75,0,8.049852011974252,104,2,1,1,0.0,25.515754738101133,28.65416111410716,False,False,True
977,20,0,1.5047215233730378,44,4,1,0,2.0,24.38201560725665,16.108427246981755,False,False,True
978,56,0,2.4816452190887364,91,4,0,0,0.0,34.538858147493464,27.938679369159992,False,False,True
979,74,1,4.707945905429553,75,3,0,1,2.0,26.68502386202501,17.915866231825497,False,False,True
980,57,0,4.132633337750261,23,1,2,1,2.0,25.298022225470486,14.35594665392178,True,False,False
981,52,0,5.557241309198596,63,3,2,1,0.0,20.18777492590452,22.88331026178859,True,False,False
982,60,0,5.409043699457566,44,4,2,0,0.0,21.739496499959564,24.30317249830193,False,False,True
983,70,1,3.2588783697086323,39,2,2,0,2.0,33.53266801272004,18.153627445276044,False,True,False
984,67,0,9.021363840238584,23,4,0,0,0.0,26.68502386202501,13.240205223665086,False,False,True
985,50,0,3.0448691004880404,84,2,1,0,0.0,25.019797286411343,19.40795797513765,True,False,False
987,29,1,4.620472906882902,2,4,1,1,0.0,29.2799512575184,10.280597960713177,False,True,False
988,51,0,7.536731503319362,65,2,2,1,0.0,21.771370580381404,23.260051921494657,True,False,False
989,24,1,8.742279577597339,42,4,1,1,0.0,19.341327414905287,19.652982278281765,False,False,True
990,66,0,1.1572131725110235,90,1,1,1,0.0,20.229196336935424,22.053588433484272,False,True,False
991,31,0,3.3730791273594023,29,1,1,1,0.0,26.68502386202501,12.630861114189528,False,True,False
992,77,0,5.999725612564476,1,1,0,0,0.0,21.47130970669629,8.073833831017698,False,False,True
993,52,0,6.412458004918578,102,4,2,1,2.0,26.66551252834434,32.8085026479586,False,True,False
994,75,0,5.764515592127801,19,3,0,1,0.0,27.82124245312662,10.012711799968788,False,True,False
995,58,1,5.541769503532677,87,3,2,1,2.0,34.59045335333702,21.876693137501466,False,False,True
996,73,1,5.557241309198596,109,3,2,0,0.0,27.67596326531348,31.50296951963129,True,False,False
997,35,0,2.472548398682996,109,3,1,1,0.0,23.34947231242685,27.09197337884313,False,False,True
998,77,1,3.05359945416254,71,1,1,0,0.0,22.73068928063543,17.227433744787124,True,False,False
999,40,0,8.05274471933053,76,2,2,1,0.0,26.820185317606743,19.62299407612216,False,False,True
1000,75,1,2.5669832277991147,8,1,1,1,0.0,29.207325210764587,7.771933369920257,True,False,False
1001,50,0,4.409646507299701,57,1,1,1,0.0,21.093437443944666,15.239221298858835,True,False,False
1002,37,1,9.106532291115853,24,1,0,0,0.0,30.41190667925303,9.788334681211952,False,True,False
1003,50,0,4.310083769325073,22,3,1,0,0.0,25.556466505764178,7.773561660203338,False,False,True
1004,68,0,3.755763284338731,7,3,1,0,0.0,25.997125621538096,7.35058300093688,True,False,False
1005,65,0,9.688696294317504,31,4,2,0,0.0,21.94301557611673,18.3736843381497,False,False,True
1006,44,0,5.381263692849191,65,1,2,1,2.0,21.67609109012168,18.17411227796313,True,False,False
1007,65,0,3.8007424222205,115,2,1,0,2.0,19.3186111232372,32.02376275755381,True,False,False
1008,72,1,9.9301772337501,7,2,2,0,0.0,29.43376231021008,13.824862735831108,False,True,False
1009,28,0,9.85774052546707,41,4,2,0,0.0,32.98483431032344,18.49977519632668,True,False,False
1010,32,1,9.119585439797357,59,3,2,0,0.0,21.888898051194825,20.32815316321205,False,False,True
1011,45,1,5.557241309198596,98,1,0,1,0.0,25.76240253043932,20.103946444529644,False,False,True
1012,35,0,1.9410657827890736,21,1,0,1,0.0,32.10627578347961,3.139894515218001,False,True,False
1013,59,0,5.590542056897293,48,1,2,1,2.0,28.715100225097792,15.993040309903424,True,False,False
1014,50,1,5.117154819272397,87,4,0,0,0.0,20.56719356653687,27.192144725584026,False,True,False
1015,65,0,7.947679909148952,67,4,0,0,0.0,21.567333932891664,24.71174980138486,False,True,False
1017,44,0,2.681027264461336,111,4,0,0,0.0,22.41714835689725,30.874373257886795,False,False,True
1018,45,1,3.78756299576197,56,2,2,0,0.0,21.712491300897685,20.93707228584516,True,False,False
1019,20,0,6.107372900052367,70,1,2,1,2.0,32.54365434989577,19.53883345732511,False,False,True
1020,36,0,5.77425868478013,114,3,2,1,0.0,20.310822409713943,28.076031912992462,False,True,False
1021,73,1,3.4571079598602856,6,1,2,1,0.0,34.536538788873926,9.226778324500836,False,False,True
1022,30,0,1.275115306128669,99,3,1,1,0.0,29.686149509827825,22.835542197371545,True,False,False
1023,70,0,7.055432997022758,5,2,1,0,0.0,25.274203754568173,5.7295561203847525,True,False,False
1024,45,0,5.64521324207048,111,4,2,1,2.0,21.62330207726572,31.097652308907385,True,False,False
1025,69,1,3.405965935264092,58,2,2,0,2.0,26.258663563400564,21.617838555050643,True,False,False
1026,39,0,7.762345934819525,62,2,1,1,2.0,28.749485018033145,16.917899665475158,False,False,True
1027,75,0,6.416437137697431,107,4,1,1,2.0,20.55121843947328,32.65958386867024,True,False,False
1028,46,1,6.467245785177124,59,2,2,1,2.0,27.89706269407852,18.943254866811053,False,True,False
1029,36,0,1.43939837732833,87,4,0,0,0.0,19.86492407405052,24.309644710696794,False,True,False
1030,77,0,6.983361916446438,90,1,2,0,0.0,27.52489734235821,31.21687950661569,True,False,False
1031,56,1,1.805681771171581,48,3,1,0,2.0,32.72911332829878,10.38068914656137,False,True,False
1032,79,1,4.128715782785813,86,3,2,1,2.0,25.30970117399328,23.75702740575298,False,False,True
1033,22,0,6.289162753555097,83,2,2,1,0.0,26.68502386202501,21.769027926586343,False,False,True
1034,78,0,6.182066898004704,91,4,2,0,0.0,25.649378073071823,30.37081191770473,False,False,True
1035,48,1,4.287051336311937,83,1,0,0,0.0,29.562653637094414,23.15681845837669,True,False,False
1036,39,0,9.578504590940506,111,4,1,1,0.0,25.20361655498904,29.57834164072815,False,False,True
1037,58,0,1.333467943241435,2,4,0,1,0.0,32.42733750603896,6.933134014246219,False,False,True
1038,43,0,5.340621915965891,70,3,0,1,0.0,21.306529522753333,18.261272693322315,True,False,False
1039,64,1,3.587981107788324,7,3,2,0,0.0,26.26221734225516,8.818444298131558,False,False,True
1040,20,1,9.556414749976264,30,4,1,1,0.0,20.646867963268857,13.083475232703805,True,False,False
1041,69,1,3.617775416167287,87,4,0,0,2.0,29.39657993747163,27.77241132682875,False,False,True
1042,31,0,9.76402450881036,73,2,0,0,2.0,33.62411999004405,21.417279097206105,True,False,False
1043,42,0,5.557241309198596,3,2,1,0,2.0,30.043619037930338,0.2310380121256865,False,True,False
1044,30,1,5.747463501024354,23,4,0,0,2.0,34.94291448985297,11.149092972818408,True,False,False
1045,42,1,5.866817516986208,95,1,1,0,2.0,29.100696133509604,24.90433776317065,True,False,False
1046,64,1,3.297091909098551,52,1,0,1,0.0,20.239942574390906,11.10668747684039,False,False,True
1047,47,1,4.194955369345182,113,2,0,1,2.0,30.3305546406921,27.74558643095895,True,False,False
1048,31,0,5.557241309198596,16,3,0,1,0.0,23.52129717796147,7.513127870551722,True,False,False
1049,67,1,9.232766482828625,23,1,0,1,0.0,23.33421391804744,11.721315807745905,True,False,False
1050,58,0,9.942719036436475,2,4,0,0,0.0,24.28796431806874,12.518158129030375,False,False,True
1051,55,1,5.557241309198596,21,1,0,1,0.0,20.87917293474905,9.404794977216287,False,False,True
1052,73,0,4.409983812993447,115,4,2,0,0.0,20.869562105993428,36.07350275560032,False,False,True
1053,34,0,4.2246051726149405,69,3,1,1,0.0,31.041613653059684,16.08925421480109,False,False,True
1054,26,0,3.7935828576626034,89,2,0,1,0.0,31.310323765849496,21.891522748863675,False,True,False
1055,20,1,9.83516055343344,56,1,2,1,2.0,27.59013557484782,18.91012251419536,True,False,False
1056,54,0,2.983940964033525,21,4,2,1,2.0,26.980978840795416,15.749122015416384,False,True,False
1057,62,0,6.833042598562258,82,4,2,1,0.0,19.72323043809983,31.86605193864371,True,False,False
1058,58,0,5.422665370894015,54,2,1,0,2.0,24.17073961190957,17.07856303486167,True,False,False
1059,71,1,9.867429892908117,24,4,2,1,0.0,29.37155196231335,16.149477746924745,False,True,False
1060,39,1,6.035277335107116,112,2,2,1,2.0,26.216711493745382,30.754329490319066,False,False,True
1062,39,1,4.010688767289675,80,1,2,1,0.0,29.304754203733623,24.48935275891344,False,False,True
1063,27,1,9.523362503299232,45,3,2,1,0.0,25.69146171672871,17.945334116476957,True,False,False
1064,65,0,1.9551287670841213,78,1,2,0,0.0,19.42700144722176,25.369227776943863,False,True,False
1065,42,1,5.003249455529036,10,1,2,1,0.0,29.641188574866952,9.89986050149717,False,False,True
1066,31,0,2.549518196973842,69,1,1,0,2.0,20.71869065315997,14.470027613976818,True,False,False
1067,40,1,9.397698877595309,52,1,1,1,0.0,31.53389939685476,18.357594823192787,True,False,False
1068,30,1,5.557241309198596,11,1,0,1,0.0,25.75289115507337,9.62589223236282,True,False,False
1069,22,1,6.925596358393377,20,3,0,1,0.0,33.25448660308204,6.52707783402419,False,True,False
1070,48,0,9.00967334623523,98,3,2,1,0.0,31.21567860882471,29.715040123827283,False,True,False
1071,69,0,2.766584801287685,75,4,2,0,0.0,29.90312830437414,29.37525311954868,True,False,False
1072,53,0,2.305805019752244,74,1,2,0,2.0,24.25025564262254,18.0686728968572,False,False,True
1073,45,0,6.65689627790975,12,3,0,0,2.0,34.56542190713651,3.6190349711908416,True,False,False
1074,57,0,9.66576100767168,110,2,0,1,2.0,26.503788650764186,27.96434532123357,False,True,False
1075,35,1,9.033407107547864,14,1,2,0,2.0,26.709598511651063,11.574692888403812,True,False,False
1076,62,0,4.736472279436937,57,3,2,1,0.0,31.73621867082884,21.308386943253,False,False,True
1077,26,0,9.09561488586679,11,2,1,0,0.0,30.87138226801448,8.072801892762762,False,True,False
1078,41,0,8.800222135594556,33,4,0,1,0.0,26.885971693342103,14.194661523581818,False,False,True
1079,54,0,4.394609126058191,26,2,1,1,0.0,21.60878804556856,9.976300867354626,True,False,False
1080,39,1,6.67469028023356,103,4,0,0,0.0,23.69251836087485,28.32625784076225,False,True,False
1081,78,0,1.9104743036578704,71,1,2,1,2.0,26.62676643027113,21.69887849510503,False,True,False
1082,79,0,4.761167354158685,15,3,0,1,0.0,22.995013967731524,4.755735601773951,False,True,False
1083,63,0,6.121392849960996,71,1,0,0,0.0,33.81553271045147,23.5623912603837,True,False,False
1084,21,1,5.618941676015968,11,1,1,0,0.0,30.40962442911649,7.784592478420207,True,False,False
1085,44,1,5.557241309198596,26,3,0,0,2.0,32.50570651838724,13.029155370731882,True,False,False
1086,34,1,7.306341185686314,86,2,2,0,2.0,34.40119022739286,25.13048803094005,True,False,False
1087,50,1,5.205172099679534,39,2,2,0,0.0,29.96482998813387,13.75654366201228,False,True,False
1088,29,1,9.031046231987276,4,2,0,1,2.0,28.649407534860288,6.1567760405759255,False,True,False
1089,22,1,9.037269622773712,30,3,1,0,0.0,25.13682446901818,7.99523169040919,False,False,True
1090,49,0,4.884941927294051,61,2,2,0,0.0,31.0249198285083,16.838235355617595,False,False,True
1091,54,0,2.7804198595719063,2,4,1,1,0.0,21.22840662725323,3.641023153175408,False,False,True
1092,49,1,2.042624373376046,111,4,2,1,0.0,22.728070128589284,33.50301644540118,False,False,True
1093,31,1,6.875320301328188,76,2,0,1,0.0,22.426149149659125,19.433589714292665,True,False,False
1094,59,1,8.692715188276525,94,1,1,0,0.0,18.933866067721308,30.44426207575104,True,False,False
1095,78,0,2.0655715728488864,69,1,1,0,0.0,30.429509371312367,17.739269654595805,False,False,True
1096,72,1,9.656994148531371,117,4,2,0,2.0,31.18404471147856,35.41910257527075,True,False,False
1097,72,0,2.2124840058159725,14,1,2,1,2.0,23.28259873967957,7.22289989329813,False,False,True
1098,59,1,3.660392124863906,16,3,2,0,0.0,33.88711751574806,8.730889743999585,False,False,True
1099,53,1,9.35856432349602,48,1,0,0,0.0,32.03167452194808,13.014808776436633,False,False,True
1100,48,1,1.6622316504072177,40,1,2,1,0.0,21.92198531409101,17.80327072964698,True,False,False
1101,41,1,6.1757772524660375,8,1,2,1,0.0,20.01249585880768,8.522703513076637,False,False,True
1102,79,1,6.030579162433392,66,4,2,0,2.0,31.787306169022585,23.396206779083226,False,False,True
1103,63,0,7.655592098413583,32,4,1,0,2.0,28.7840904569214,20.630188513058048,True,False,False
1104,47,0,9.724973222190313,110,2,2,0,0.0,22.806494312740245,31.454378715008485,False,False,True
1105,60,0,9.805999529382126,36,2,1,1,0.0,32.68565036783958,17.3130177672859,True,False,False
1106,71,1,4.736401084515794,82,3,1,1,0.0,24.48186328853244,26.30301774698424,False,False,True
1108,65,1,9.91535482189591,104,1,1,1,2.0,27.95678155430888,26.151893639976883,False,False,True
1109,54,1,3.040608042085253,44,2,1,0,2.0,32.30769241930367,11.717729156885513,False,False,True
1110,56,1,1.709362695185056,81,1,1,0,0.0,24.96121529819656,18.65471029217436,True,False,False
1111,50,1,2.60425129562167,31,1,0,1,0.0,29.765487567976585,8.147004282511027,False,True,False
1112,37,1,4.551940791549512,111,4,1,0,2.0,23.48871045719911,31.008493879078056,True,False,False
1113,24,1,9.959932677594272,30,2,0,1,2.0,26.97472104403689,11.809709060278276,True,False,False
1115,27,0,6.368644006287678,47,4,1,1,0.0,30.2473593690822,21.274178120119046,True,False,False
1116,50,1,5.557241309198596,107,3,1,1,0.0,24.738151430557508,25.767191884858264,True,False,False
1117,77,0,6.214417546131538,25,2,0,0,2.0,29.589572349502568,9.78249737743511,True,False,False
1118,71,0,1.9097973475679344,76,2,2,0,0.0,21.39303455349053,21.413920030790507,False,True,False
1119,61,1,9.36466809463186,12,3,1,0,0.0,28.264476980233177,7.460353678850463,False,True,False
1120,47,0,7.193970274669622,53,3,0,0,2.0,24.534596388659743,19.411498937411427,True,False,False
1121,45,0,6.852256476815709,115,1,1,1,0.0,33.565477029080085,25.070274266978064,False,True,False
1122,58,1,1.2171950082329823,89,1,0,0,2.0,32.183668387638875,19.30404208598034,True,False,False
1123,41,1,2.1610375752093303,13,1,1,1,2.0,22.52367452785272,1.2891758483861002,False,False,True
1124,67,1,7.802121185967721,78,4,2,1,2.0,27.70894993861819,27.817355927092773,False,True,False
1125,25,0,9.062688313076771,116,1,1,0,0.0,26.68502386202501,28.547606469897072,False,True,False
1126,48,0,5.488573285827384,56,2,1,1,0.0,34.138411385644226,14.803198285668213,False,False,True
1127,75,0,7.510552199694356,112,3,2,1,0.0,31.10550164665096,29.475521999408368,False,False,True
1128,49,0,5.630742429240164,97,1,1,1,0.0,26.999396458496207,23.502963358832726,False,True,False
1129,50,1,2.6582452704499007,100,1,2,0,0.0,29.97529682611524,26.0466010077271,False,True,False
1130,58,0,8.648583441373216,29,2,1,0,2.0,27.15432738038956,12.013291308982478,False,True,False
1131,23,1,1.2992914649134728,16,1,1,1,2.0,29.16268877461858,4.768386801977417,False,True,False
1132,51,1,2.5630447325890584,106,3,1,1,2.0,22.29129148734296,30.080895045050447,True,False,False
1133,57,1,8.59228251034186,28,4,0,0,0.0,25.145592004923564,15.193974471771169,False,True,False
1134,32,0,8.042608073852465,82,4,2,1,2.0,31.56631598934121,27.719162004282527,False,True,False
1135,23,1,1.7208055870404513,60,2,1,0,0.0,32.35027016326762,16.14219399841655,True,False,False
1136,49,0,8.33685739809085,63,2,1,0,0.0,24.634771938186923,20.657443888071768,False,False,True
1137,50,1,5.604315495818943,42,1,2,0,0.0,23.56017718683512,15.096984034964551,False,False,True
1138,58,1,8.14506089675065,3,4,1,1,0.0,33.56107534298304,11.135969384580983,False,True,False
1139,33,0,1.8601700289634104,68,1,0,1,0.0,28.894595131510275,21.18286570370136,False,True,False
1140,45,1,6.250920712397965,40,2,0,0,0.0,31.355494229749446,16.1762453661326,True,False,False
1141,28,0,1.1588064416074526,110,3,0,1,0.0,27.04779224259255,25.945571610571584,True,False,False
1142,66,0,3.4267095929728377,84,1,1,0,2.0,21.379385521879467,19.024876746230056,False,True,False
1143,50,0,4.878472028664942,4,1,0,0,0.0,23.64323279444679,5.503102248139939,False,False,True
1144,57,1,3.997784182046293,91,3,1,0,2.0,22.43133372609317,22.418532893826043,False,True,False
1145,50,1,4.391703846856979,6,3,1,0,2.0,30.434752807352737,6.371931365354662,False,False,True
1146,31,1,1.6336482616226276,115,2,2,1,0.0,20.81543762632697,32.83719854557009,True,False,False
1147,28,0,1.362531760605823,9,2,1,0,0.0,33.7910536644536,2.901286828458075,True,False,False
1148,27,1,3.75939168872388,16,4,1,1,0.0,23.41731475941171,11.100230764383385,True,False,False
1149,65,0,7.497792656186776,76,4,2,0,2.0,29.190643346704498,28.922080425042903,True,False,False
1150,61,0,7.425108400569382,77,4,0,0,0.0,18.694698291280865,23.188525019478483,False,False,True
1151,33,0,7.319410886772134,57,3,1,0,2.0,22.880450135268497,14.691620790304732,True,False,False
1152,28,1,5.009299147750112,33,3,2,1,0.0,30.43676135282916,16.21190981364014,True,False,False
1153,46,1,3.174265006037501,4,2,1,1,2.0,26.98217222389985,3.281611299594922,False,False,True
1154,35,0,1.6245578344648788,59,3,2,1,0.0,20.50626452508548,16.191394768149785,False,True,False
1155,76,1,7.106782696570583,119,1,2,1,2.0,26.364977635886177,36.64264738564386,True,False,False
1156,64,1,6.437175659708816,17,3,2,1,0.0,29.35634303407468,12.244057896131938,False,True,False
1157,50,1,3.814846546796344,53,1,2,1,0.0,32.45615463093982,18.05496046165774,False,False,True
1158,35,1,4.182320313615866,110,4,1,0,0.0,29.14298419057623,35.341207738817594,True,False,False
1159,79,1,5.428703678820814,117,4,2,1,0.0,24.80647338485861,39.46849474696099,True,False,False
1160,51,1,4.635786549727752,52,3,1,1,0.0,19.677030887901363,17.562107994249953,True,False,False
1161,65,1,3.3818455449888534,20,2,2,1,2.0,18.80902930892556,11.330395551564385,False,True,False
1162,77,0,3.8938764915808415,6,1,1,1,0.0,19.53813796566825,7.291503758189213,False,True,False
1163,35,0,6.216921673086844,53,1,2,1,0.0,26.36110231777562,18.912174452723978,False,True,False
1164,66,0,1.1216227807556431,33,4,2,1,0.0,21.500198443549213,17.330149290578017,False,False,True
1165,41,1,4.0933638292205625,8,2,0,0,2.0,34.24156906340739,9.647677320211905,True,False,False
1166,74,1,9.752361060485432,42,3,2,1,0.0,19.11160843606932,16.23632175445249,False,False,True
1167,44,0,6.918344490194894,34,3,1,1,0.0,30.179619881745086,11.937916133005618,False,True,False
1168,73,1,1.1608617775268424,94,2,2,0,0.0,23.20379306831673,28.64934933341298,True,False,False
1169,50,0,1.259526942295348,42,3,0,1,0.0,26.36296847232535,8.200294373760823,False,True,False
1170,52,0,2.5940931184217755,96,2,1,1,0.0,25.87559171816006,19.63679573810405,False,False,True
1171,44,0,8.011607629235227,12,4,1,0,0.0,23.86860230374203,13.188081937905778,True,False,False
1172,59,1,1.1559337458012735,117,2,1,1,2.0,27.26024324990904,29.63849241567249,True,False,False
1173,63,0,7.075419600609279,7,1,0,1,2.0,21.64043614568588,8.72259332426005,False,True,False
1174,66,1,3.593126159692226,76,1,2,1,0.0,27.031361584673835,21.18219848125801,False,True,False
1175,29,1,6.067848500852435,111,3,1,1,0.0,25.20348929580881,25.164270224232627,True,False,False
1176,50,1,5.621481652076715,65,4,2,1,0.0,25.507586162830016,29.155027792970245,True,False,False
1177,58,1,9.94987902288487,5,1,1,0,2.0,34.27301969041273,7.09879154105808,False,False,True
1178,30,0,9.711725009682292,64,3,1,1,0.0,29.403792178829463,15.480313091744994,False,True,False
1179,38,1,8.836536759869759,119,1,2,0,0.0,29.957355211846675,31.576385242928907,False,False,True
1180,33,1,7.902360337142435,39,3,1,1,0.0,27.65940785524326,15.826915307545583,True,False,False
1181,44,0,5.926657654011027,63,1,0,1,0.0,31.497260520387456,13.264480190078544,False,True,False
1182,33,0,3.8865978311020575,97,3,0,1,2.0,21.53562140215845,22.43223062524612,True,False,False
1183,39,0,5.557241309198596,79,2,2,0,0.0,34.91678424858647,24.0196681653494,False,True,False
1184,41,1,1.5982581718825442,117,3,1,0,2.0,30.85834948285032,27.931818152854987,True,False,False
1185,38,1,8.522995673136183,13,3,0,1,2.0,31.99839983293408,10.168846318291097,True,False,False
1186,22,0,1.009200696350032,57,2,2,1,0.0,25.138549672274547,14.072921209088712,False,True,False
1187,75,1,2.088997907608598,42,1,0,1,0.0,27.821597418087176,17.86303646698705,True,False,False
1188,37,1,7.182604623050117,29,2,2,0,0.0,24.278045910238347,16.0953598667475,True,False,False
1189,67,0,8.42771406108443,64,4,0,0,0.0,20.78030484024216,23.453848218415345,True,False,False
1190,59,0,8.13060957997812,16,2,0,0,2.0,20.29676567553205,7.745805436603984,False,False,True
1191,74,0,5.213011514094341,41,1,0,0,0.0,33.14035180351401,15.051825116734031,False,True,False
1192,36,1,4.285031460253466,70,1,1,0,0.0,28.57208332921021,20.474449506962056,False,False,True
1193,22,0,9.235291811239758,53,1,2,0,2.0,21.58699845953845,15.859501420256356,False,False,True
1195,37,0,2.442884242302409,56,3,2,1,0.0,30.05550892857244,16.73569136294696,False,False,True
1196,40,1,1.759491531054883,10,1,1,1,0.0,19.80335730463264,3.963501714617215,False,False,True
1197,40,1,5.557241309198596,46,1,2,1,0.0,19.750540320309547,13.97185534107283,False,False,True
1198,28,1,9.87702455942278,62,1,0,0,0.0,30.896125347516232,19.9807474417973,True,False,False
1199,64,1,9.837147900582483,79,1,2,1,0.0,24.42874165702889,26.28953667961795,False,True,False
1200,22,0,9.688979986648397,67,4,2,0,2.0,19.171481609167586,29.756261385714183,False,True,False
1201,56,1,2.175620347689322,24,4,0,0,2.0,21.87877266746351,15.22641375033372,True,False,False
1202,40,1,8.062510736614225,112,1,2,0,0.0,34.31133829857126,29.90003746232918,False,False,True
1203,67,0,6.353494424987536,99,3,1,0,0.0,26.67193978710928,24.791417206031355,False,False,True
1204,22,0,5.328822214416952,43,2,1,0,0.0,19.695920871601928,12.80319848229747,False,True,False
1205,69,0,6.432231224107563,108,4,2,1,2.0,28.459804602285168,34.62472209392982,False,False,True
1206,38,0,8.227851182925718,2,2,2,1,0.0,26.68502386202501,9.612213655589269,False,True,False
1207,71,1,8.134097390151641,72,1,1,0,0.0,28.347156083774568,20.91227690329045,False,True,False
1208,46,1,7.594301654837263,8,2,1,0,0.0,23.820845800202267,6.389776769137531,False,True,False
1209,22,0,2.8749422595523733,71,1,0,1,2.0,24.92802511635677,13.970115714031987,True,False,False
1210,66,1,4.225262820920456,37,1,0,1,0.0,31.56278294567261,14.418410739513316,False,True,False
1211,49,1,5.107720957411819,47,2,1,0,0.0,34.20961966380631,14.918573039244942,False,True,False
1212,77,0,3.106923984735765,30,2,1,0,2.0,24.459842533411184,9.334519498977006,True,False,False
1213,44,1,5.557241309198596,38,4,2,1,2.0,21.2108635233586,21.19986492694607,True,False,False
1214,29,1,5.709326616447916,38,1,1,0,0.0,33.98855732087485,16.981797757550787,True,False,False
1215,67,1,8.058518334591122,45,4,1,0,0.0,28.327674078895,15.593596303380185,False,True,False
1216,78,1,8.11149748204116,22,1,2,0,0.0,19.65023849854307,11.648649534797013,False,True,False
1217,37,0,9.693943681674936,16,3,2,0,0.0,26.68502386202501,9.833626376969631,False,False,True
1218,48,1,5.557241309198596,34,3,0,0,2.0,33.47082844023592,7.53377638870259,False,False,True
1219,55,0,7.676494423557937,24,4,0,1,0.0,29.15569347305294,17.735469922216005,True,False,False
1220,57,0,7.630501838512568,47,1,1,0,0.0,25.233602352884084,12.016315927978274,False,False,True
1221,54,0,5.557241309198596,70,1,1,1,2.0,33.23633353325372,16.76942892732428,False,True,False
1222,76,1,5.564294943763466,118,2,1,1,2.0,23.03787671391741,28.547948216407416,False,False,True
1223,48,0,3.5772946109844272,85,2,1,0,2.0,24.04615088071313,20.86108707059612,False,False,True
1224,50,1,5.244968645066443,91,2,2,0,0.0,26.68502386202501,30.08932126073108,True,False,False
1225,33,1,5.557241309198596,91,3,0,0,0.0,28.472720176024023,19.22417033589703,False,False,True
1226,39,0,2.230618624563117,89,3,2,1,0.0,26.32418174767767,22.640341661918225,False,True,False
1227,30,0,7.136069480096092,104,3,1,1,0.0,21.140116096663046,24.39786751025909,True,False,False
1228,45,1,7.016544110358845,116,3,2,0,0.0,26.68502386202501,31.543917535536583,False,False,True
1229,21,0,9.46851573943589,100,2,0,0,2.0,32.59667024260497,28.27400714969155,False,True,False
1230,68,1,7.6231178728167235,34,1,1,1,2.0,32.693118141688274,11.774374872867078,False,False,True
1231,60,0,1.5789132750995711,100,2,0,0,0.0,30.01732385934109,22.98497908081088,False,True,False
1232,24,0,6.270437510555565,118,2,2,0,2.0,26.68502386202501,27.698276352811583,False,True,False
1233,75,0,2.0534056543569355,12,2,1,1,2.0,30.089024185208658,11.82495575596061,True,False,False
1234,41,1,3.6997651733907926,67,3,2,1,0.0,26.755973649688386,24.32225411769161,True,False,False
1235,57,1,2.3844333205666985,5,1,2,0,0.0,20.05683353031474,4.2959374777101615,False,False,True
1236,32,1,2.2704942987732672,7,2,2,1,0.0,19.942555458706728,6.10272799294394,False,True,False
1237,74,0,1.3978966954213052,80,1,1,0,0.0,34.7054477160392,18.472467624678,False,True,False
1238,67,1,8.316143476775192,17,4,2,0,0.0,24.24033039360596,15.595036392885756,False,False,True
1239,45,0,3.255234189347735,7,4,2,0,0.0,18.93501649983773,16.02701808838084,False,True,False
1240,61,1,5.592223898228311,26,1,0,0,0.0,26.68502386202501,12.916127051527642,True,False,False
1241,30,0,9.073426493891718,47,4,1,1,0.0,18.513799880196824,17.75141797493738,False,False,True
1242,74,0,7.8299996512640195,51,3,2,0,2.0,26.68502386202501,13.715413971110312,False,True,False
1243,46,1,4.8872667803124585,13,1,1,0,0.0,21.793973772551272,7.298088175919576,False,False,True
1244,79,1,1.6399963739209311,24,2,1,1,0.0,25.975106496503585,13.242017112330949,True,False,False
1245,74,0,9.223026376984476,19,2,0,1,2.0,26.5858221113023,6.027857724013411,False,False,True
1246,61,0,3.742505254476808,88,2,1,0,0.0,30.303274841452343,22.3054560080824,False,True,False
1247,79,1,8.619050529651567,22,1,1,1,0.0,30.55324026958487,13.109511103514778,False,False,True
1248,79,1,5.302873169363994,58,3,1,1,0.0,24.635607635254416,18.76219441888944,False,False,True
1249,55,0,2.69758467138368,18,3,2,1,0.0,29.144825985374,12.825223176675694,True,False,False
1250,64,0,5.197542556243425,94,2,0,1,0.0,32.29714705695511,24.375433417567844,True,False,False
1251,47,0,9.252650017922395,82,4,1,0,0.0,24.396370456815937,27.85909675460745,False,False,True
1252,73,0,8.42353443456166,68,1,2,0,0.0,34.3004761998652,22.3677067577386,False,False,True
1253,65,0,6.701177073121953,24,2,0,1,0.0,26.422751630761542,11.463330762633188,False,True,False
1254,65,1,1.9586047332862129,89,4,2,1,2.0,26.61827328077485,30.517378452189604,False,True,False
1255,49,1,5.943416440135984,25,2,2,0,2.0,32.1692170357711,15.483551924832168,True,False,False
1256,28,0,8.613687304886799,9,4,0,0,0.0,22.445297549689244,12.037222961934832,False,True,False
1257,71,1,5.557241309198596,105,2,0,0,0.0,19.197980707697447,31.540674818529315,True,False,False
1258,72,1,5.557241309198596,89,3,1,1,2.0,28.440024855454435,21.59123659941013,False,False,True
1259,73,0,1.4553716830892356,105,3,1,0,0.0,34.16453322139252,27.09261278848651,True,False,False
1260,63,0,8.496384835536233,97,2,0,1,0.0,26.180924074152525,25.10111127277988,False,True,False
1261,34,1,4.838911287490683,40,3,1,1,0.0,33.6201554767201,12.253118274245908,False,True,False
1262,22,0,8.548340720804736,2,2,2,0,2.0,31.636146500616768,4.801816651414988,False,True,False
1263,74,0,5.557241309198596,36,4,1,0,0.0,31.423630616408705,22.922059373278813,True,False,False
1264,57,0,2.1404950385740937,97,2,2,0,0.0,32.059521458002,27.955045000423382,True,False,False
1265,26,0,5.596146860024642,38,4,1,1,0.0,24.27424386630697,18.6164584978245,False,False,True
1266,28,0,5.557241309198596,38,4,0,0,0.0,34.27269141568213,16.719142669888047,True,False,False
1267,44,1,8.417619996628225,95,4,2,0,0.0,29.883042216870777,31.92170825824716,True,False,False
1268,23,1,5.57519938808133,91,4,2,1,2.0,24.686355208939183,32.31527927859096,False,True,False
1269,75,0,2.0114733906237325,97,4,0,0,0.0,23.1950147717812,31.69477835619648,False,True,False
1270,68,1,3.194584569694948,62,4,0,0,2.0,25.11791873723706,21.0709896384118,False,True,False
1271,59,0,9.13751694592954,68,4,0,1,2.0,29.88015373477086,28.09841507470717,True,False,False
1272,22,1,4.594614928670202,71,1,2,1,0.0,20.958544477825114,24.404330746863337,True,False,False
1273,65,1,5.669274808759182,6,2,1,1,2.0,29.94120127323033,4.402345428503871,False,False,True
1274,77,1,3.733597801796908,83,4,2,0,2.0,33.485628800335896,27.15614865310568,False,True,False
1275,30,0,1.533780053209871,108,2,2,0,2.0,22.090106016760515,29.45166019346364,True,False,False
1276,39,1,1.854171187894702,103,2,0,1,2.0,31.213807672632107,23.87717754477763,False,True,False
1277,71,1,8.286285437285976,103,4,0,0,0.0,29.4355463480276,32.01801232545359,False,False,True
1278,58,1,8.948074660072976,108,2,2,1,2.0,33.40187500004793,32.35709971616338,True,False,False
1279,60,0,2.124278296665701,53,3,2,1,2.0,25.915723822183008,18.05082469847582,False,False,True
1280,79,1,9.411867574364983,114,4,1,0,2.0,21.985031222781352,32.98124164400301,False,False,True
1281,25,1,4.723596078222968,5,3,1,1,2.0,31.036013284366906,1.9967544880784232,True,False,False
1282,59,0,6.201547667630586,11,3,1,1,0.0,28.55833023837045,10.954072897714733,True,False,False
1283,47,0,6.603029229894799,90,4,1,1,0.0,22.21200253730983,28.847036941368152,False,False,True
1284,20,0,1.5767612884365958,77,3,0,1,2.0,23.242807516613404,19.620075926331705,True,False,False
1285,27,1,7.037783983017153,68,4,2,0,2.0,20.694419280913067,25.42963878946463,False,False,True
1286,78,0,6.30204709444896,36,3,2,0,0.0,24.550877354343,13.519779095677952,False,False,True
1287,78,1,5.568730503907125,82,4,2,1,0.0,31.92637642596961,27.805663590889,False,False,True
1288,36,0,5.557241309198596,110,3,1,1,0.0,22.25542526527397,27.387588079139533,False,True,False
1289,22,1,5.069644168255248,81,3,2,1,2.0,32.45956052958148,22.18077848318689,False,True,False
1290,47,0,2.386146928369296,23,2,2,0,2.0,19.19706080819892,10.987186172189809,False,False,True
1291,62,1,3.632863856334128,59,1,1,1,0.0,23.862367917102663,16.630349001216,False,True,False
1292,37,0,9.82372924209526,106,4,2,1,2.0,21.67171979860998,35.69872715537174,False,True,False
1293,38,1,7.031814664065637,77,1,0,1,0.0,32.103563537289055,17.11918400816544,False,True,False
1294,32,1,1.2400908634798529,52,3,2,0,0.0,33.76991586880168,19.75226986644315,True,False,False
1295,67,0,8.990856386661973,119,2,0,1,0.0,27.556831509270385,27.42739109712988,False,True,False
1296,20,0,6.096804593671941,44,1,1,1,0.0,34.20512575611635,11.164283674817623,False,False,True
1297,50,1,6.4227330111272805,67,4,1,1,2.0,33.98192578340556,23.02597312491164,False,True,False
1298,52,0,2.7063594115902347,42,3,0,0,0.0,18.76715951202568,9.458662149996028,False,False,True
1299,30,1,8.9004895110111,106,3,1,0,0.0,19.706695633031032,31.67148154987402,True,False,False
1300,50,0,8.997779024528654,54,3,0,0,0.0,32.804804782602424,15.224231662107863,False,False,True
1301,35,1,6.703588045518732,78,3,2,1,0.0,30.93187510788055,22.62737875098342,True,False,False
1303,71,1,8.523860041841274,102,1,2,1,0.0,30.128987975071325,29.68635913444808,True,False,False
1304,39,1,1.8481631542952268,17,4,2,1,0.0,23.61523088788796,7.849845141338635,False,True,False
1305,60,0,2.008886593156829,80,4,0,0,0.0,22.80168086737776,24.9637640871951,True,False,False
1306,74,1,4.778833346040441,54,4,2,0,2.0,26.19006009496633,23.433989220109755,True,False,False
1307,56,1,3.4214700586794664,47,2,1,1,0.0,33.39545206874316,13.640189505711524,False,False,True
1308,54,0,6.148491752632433,82,2,2,1,0.0,24.19432678081421,20.932042311203706,False,False,True
1309,41,1,3.1573817041820025,83,2,0,1,0.0,33.99569560574318,22.04592036231932,True,False,False
1310,28,0,6.302407396544094,73,1,2,1,0.0,27.350910189160608,22.892829852621404,False,False,True
1311,27,0,5.557241309198596,17,3,2,1,0.0,25.666159111020896,4.458827591835307,False,False,True
1312,77,1,5.756858743206591,57,1,2,0,0.0,27.04262955357907,22.32794142096101,False,True,False
1313,50,1,4.36040703583156,118,2,2,1,0.0,25.82183529538985,31.477728957326583,False,True,False
1314,24,0,3.822176188576277,112,2,2,1,0.0,27.048618210532208,33.18441373640868,True,False,False
1315,68,1,6.435283992960047,47,2,2,1,0.0,33.41313036555536,18.9298291216797,False,False,True
1316,24,1,3.1661343075329684,65,2,0,0,0.0,20.27013977633483,19.44116709832019,True,False,False
1317,53,1,1.239423072369075,81,2,0,0,0.0,23.59804969095422,17.25021849307544,False,False,True
1318,32,1,3.3534361335485743,37,4,0,1,0.0,22.92074317897585,16.710538598547696,True,False,False
1319,40,0,6.270051641477022,16,1,2,1,0.0,24.89456903255816,11.693124965887671,False,True,False
1320,64,1,5.122744207081575,67,1,0,1,0.0,19.60824156635941,12.290910947858071,False,False,True
1321,61,0,5.708422007253843,20,2,1,0,0.0,30.339854524348127,6.800670013410714,False,False,True
1322,24,1,7.936227736842105,43,3,1,0,0.0,27.8528242170352,11.862662630641337,False,False,True
1323,59,1,5.557241309198596,22,3,1,1,0.0,24.06512147351401,8.80220572105851,False,True,False
1324,66,1,6.784767225635922,35,3,0,0,0.0,29.146517076949458,11.566558811352488,True,False,False
1325,66,0,7.447190345866783,16,2,1,0,2.0,26.11068256140133,7.426042546586501,False,False,True
1326,52,0,6.1628788268988135,93,4,0,1,0.0,34.015298214712786,25.299637196701987,False,True,False
1327,21,0,4.413550525547901,30,2,0,1,2.0,18.9738468934516,9.031480841540803,False,True,False
1328,20,1,3.0241537349664016,37,1,0,0,0.0,32.812928159660046,5.532899088131807,False,True,False
1329,23,1,9.883741276053732,28,4,2,0,2.0,33.97490423132949,21.49975253622875,True,False,False
1330,40,0,3.541573990952444,85,3,2,1,2.0,26.8861808429537,22.7865709145056,False,True,False
1331,50,1,9.13943021198971,19,3,1,0,0.0,18.620666462958543,12.105506421313818,True,False,False
1332,57,1,3.2466223396952505,88,4,2,1,0.0,27.761681335426115,29.480716845608697,False,False,True
1333,68,1,1.0720732660640455,17,4,0,1,0.0,23.22553531333239,14.659792198314085,True,False,False
1334,63,0,7.681784606842584,115,3,0,1,0.0,27.31223496598608,28.40081044249384,False,True,False
1335,62,0,7.834858344608379,66,2,2,1,0.0,24.39230598604374,22.82595055735777,False,False,True
1336,36,0,5.479191635929949,43,2,0,0,2.0,27.46533887638889,11.585712182933255,False,False,True
1337,79,1,5.233344106463798,37,2,1,0,2.0,24.711996946822005,12.00596256227357,False,False,True
1338,67,1,7.092996448292073,71,2,1,1,0.0,29.79956478509401,23.887957845187948,True,False,False
1339,27,0,9.679039913899052,65,3,2,0,0.0,28.243403458620605,21.353914161815,False,False,True
1340,31,0,6.579696623165505,57,3,2,0,0.0,34.89753940952085,17.922063126881152,False,False,True
1342,64,0,7.011430700932587,44,3,2,0,0.0,23.732621654015773,16.46608954051907,False,False,True
1343,61,0,6.615000488466734,104,2,2,0,0.0,24.01052025493216,27.725589453992484,False,True,False
1344,30,1,9.54078098468411,64,4,2,0,0.0,19.971896059294867,31.939325051036093,True,False,False
1345,47,0,8.095595778504213,100,4,1,0,2.0,20.262912927603946,29.8998875821658,False,True,False
1346,36,1,6.918114752061512,6,4,1,1,0.0,18.70333653587542,6.96042378892957,False,True,False
1347,33,1,9.257661716946137,3,2,1,1,2.0,21.98397716574316,5.278725377067191,False,False,True
1348,44,0,8.091468286056102,33,3,2,1,0.0,26.11219396812238,14.97077507506628,False,False,True
1349,65,0,7.539472190631475,87,3,0,1,0.0,22.243149394255926,26.165401823971948,True,False,False
1350,21,1,1.586797900355354,13,4,0,0,0.0,24.27804232265819,10.017775351299282,True,False,False
1351,42,1,7.907462501583764,10,4,2,1,0.0,32.360713023209094,17.445607367292407,False,True,False
1352,61,0,6.70771069229072,57,4,0,1,2.0,34.02279233115645,19.939073153759228,False,True,False
1353,57,1,1.5850494046972567,31,2,2,0,0.0,29.778054503223856,11.570247516625464,False,True,False
1354,41,0,5.939018733367105,98,4,0,0,0.0,31.066033548200828,30.430994890460063,True,False,False
1355,35,0,5.497149072546137,39,2,2,0,2.0,27.94553498371804,19.22258608971155,True,False,False
1356,69,0,8.770870130695904,50,2,0,1,2.0,19.906756594462816,16.626106271361852,True,False,False
1357,42,0,7.390264129077062,48,1,2,0,2.0,33.435083910167826,17.92767586845637,False,True,False
1358,54,1,4.938816723918419,115,2,1,0,0.0,26.35657068164901,27.747783173308523,False,False,True
1359,38,0,5.782247485257401,78,4,0,0,0.0,19.669114767081066,24.719997301094992,True,False,False
1360,76,1,9.05856640879099,9,4,0,1,0.0,18.62956123481481,13.782835917165054,True,False,False
1361,25,0,5.817274611663782,65,4,0,0,2.0,31.199208153760544,22.347951394714663,False,False,True
1362,51,0,6.215447645112351,37,2,2,1,0.0,23.98587836293161,11.436104906180317,False,False,True
1363,22,1,5.794404598350868,29,1,0,0,0.0,23.466974848020552,8.571692419732965,False,True,False
1364,21,0,4.483605820521639,42,1,1,0,2.0,20.62830957392336,17.06837755093524,True,False,False
1365,70,0,4.648635647658317,26,4,1,0,0.0,20.51318054168564,17.973272350457602,True,False,False
1366,30,1,7.056260418582788,62,2,2,1,0.0,22.974135594955424,18.453858108445104,False,False,True
1367,48,0,7.414783792863258,95,2,2,0,0.0,19.628415403520048,25.416308690271634,False,True,False
1368,51,0,1.299908794955576,93,4,2,1,2.0,26.68502386202501,26.545165793316297,False,True,False
1369,79,0,1.1284928351724912,18,1,2,1,2.0,26.68502386202501,13.2866718356908,False,False,True
1370,68,0,9.723854829424033,30,1,2,1,2.0,25.18696397006272,18.67511156901934,True,False,False
1371,65,0,3.5642192729719224,38,4,2,1,2.0,34.63348619975393,18.17118564619053,True,False,False
1372,59,0,9.232785112041638,58,3,0,0,2.0,26.68502386202501,20.785642412760083,False,True,False
1373,50,1,5.647999077125394,20,4,1,1,0.0,19.067782257424657,12.395448690770476,False,False,True
1374,58,1,5.34455548729105,23,2,0,1,0.0,21.895901428306697,12.273129387699962,True,False,False
1375,69,1,9.91673928453897,41,3,0,0,0.0,27.436289116609125,13.52271372964177,False,True,False
1376,66,0,5.349803038275645,81,1,0,0,0.0,28.96585585430724,23.309468869091244,True,False,False
1377,22,0,2.322643653134304,92,1,2,0,2.0,27.95847092718429,22.6128025912558,False,False,True
1378,64,1,1.657465991295945,7,2,0,0,2.0,30.383919008780826,6.861603893002752,True,False,False
1379,27,1,5.557241309198596,118,2,1,0,0.0,34.047863049267704,28.68441988109445,False,False,True
1380,29,0,8.243495355668248,20,1,2,0,0.0,32.073694917934915,7.129653880883215,False,False,True
1381,50,0,9.859977582250314,112,2,2,0,2.0,18.69436561053828,31.1083779244896,False,True,False
1382,70,1,1.8640625185553743,10,1,2,1,2.0,29.11099093090946,5.8087145889786695,False,False,True
1383,22,0,1.6983602377853413,74,2,1,0,0.0,33.90819536784121,13.19551993795216,False,False,True
1384,54,1,9.13772086797185,53,3,2,0,2.0,30.59189434558558,28.824070142949765,True,False,False
1385,56,1,6.580284469104113,103,4,1,1,0.0,28.62944340504685,32.00610385200236,True,False,False
1386,59,1,7.033182756956192,15,3,2,0,0.0,31.4815912942162,14.452960820751931,True,False,False
1387,37,0,5.557241309198596,74,2,1,0,0.0,26.52803004840581,21.57296234729838,False,True,False
1388,54,1,5.557241309198596,44,2,2,0,0.0,18.8657150509077,17.116755682814144,True,False,False
1389,76,1,2.654859166488921,98,2,0,0,2.0,25.84171519802855,25.986712557920256,False,False,True
1390,29,0,4.207478306707253,118,2,0,1,0.0,32.60296298538688,29.47376025551918,False,True,False
1391,48,1,2.906193597233929,65,2,1,1,2.0,28.098549077121355,18.98732292795468,False,True,False
1392,59,0,4.93259374975328,67,1,2,1,2.0,25.391639897096923,21.92547617088818,False,False,True
1393,36,0,6.886697976601728,51,3,1,1,0.0,29.6659562420435,14.529877700842247,True,False,False
1394,62,0,2.623487283709416,52,1,2,1,0.0,29.867681412533702,16.972662189757543,False,True,False
1395,28,0,8.486992573810566,118,4,1,0,2.0,25.33621997032533,33.811568424002786,False,False,True
1396,27,1,5.409385779203746,119,1,2,0,0.0,19.18436132497032,31.56858213162894,True,False,False
1397,55,0,6.536139242952806,77,4,0,0,2.0,29.23853900026682,25.13305082447957,False,False,True
1398,63,1,8.307006792114851,14,2,2,0,0.0,20.761274357740703,13.750077956175415,True,False,False
1399,33,1,9.925295149167065,46,3,1,1,0.0,25.986046574544435,12.081632920948136,False,False,True
1400,41,0,6.175633771768734,103,2,2,1,0.0,31.51055802449202,29.24011309939833,True,False,False
1401,67,0,1.8554181279551705,115,4,1,1,2.0,31.57779727625281,34.49824708123354,False,True,False
1402,33,0,6.079053008639561,51,2,1,1,2.0,18.93563423590959,9.5050504714118,False,True,False
1403,77,0,8.771918785042859,2,1,2,0,0.0,29.07387242243012,9.173419016327443,False,False,True
1404,78,0,3.415058121471917,39,3,2,1,0.0,32.293819794844325,13.85533677323369,True,False,False
1405,44,1,5.557241309198596,41,2,1,1,2.0,24.56229705265771,15.768662689821682,False,True,False
1406,63,0,4.583394501262974,85,1,1,0,0.0,28.480611312296087,22.969283397813392,False,False,True
1407,77,1,6.952151258892959,102,3,2,0,0.0,25.83930466958989,31.94838939468229,False,True,False
1408,25,0,5.171962760967918,109,4,2,1,0.0,18.79788081798242,31.045534743447288,False,False,True
1409,58,0,6.210248793334458,105,2,0,0,2.0,30.88020631644497,28.55594869104245,False,True,False
1410,69,0,5.557241309198596,56,1,0,0,0.0,27.043739243219743,17.834736793891235,True,False,False
1411,23,0,2.531172946452481,115,1,2,1,0.0,21.85758066732665,26.46257950855753,False,False,True
1412,23,1,8.501856683893964,74,1,2,1,0.0,29.598084351924868,19.318898621782097,False,True,False
1413,66,0,3.1291113268999005,92,2,1,0,0.0,29.34666426109893,26.26242781335053,True,False,False
1414,74,0,7.974356250753595,101,3,1,1,2.0,31.14290671218799,27.9010540228084,True,False,False
1415,65,1,1.5862105129956494,86,1,1,0,0.0,20.593544236579227,20.82559112547274,False,True,False
1416,56,0,8.899416646272456,62,4,0,1,0.0,22.457084756488065,23.243856081526364,False,False,True
1417,60,0,3.376115614647037,27,2,0,0,0.0,25.989920417376823,10.413991425446444,False,True,False
1418,53,0,2.2445485606427296,42,1,0,0,0.0,18.5489564687231,12.00458857278806,False,False,True
1419,52,0,7.615208783603535,64,1,2,1,0.0,31.007837793549392,19.100521658750587,True,False,False
1420,66,1,2.9396157179299194,62,2,0,0,2.0,34.159221196270465,16.864036419254006,False,True,False
1421,23,0,4.994314668820728,111,1,0,0,0.0,33.851227098336004,29.608865738803463,True,False,False
1422,25,1,4.669652945724354,26,1,1,0,0.0,25.72351988001489,7.467392643051897,False,False,True
1423,20,1,9.61774505029762,74,2,2,0,0.0,27.016964810912235,20.03451364803061,False,True,False
1424,72,1,2.2792676823812594,13,3,0,1,0.0,25.15158012303125,7.180628053229527,True,False,False
1425,61,0,9.796321546998724,6,2,1,1,0.0,21.67812368180345,5.767852334040333,False,True,False
1426,32,1,9.132560828188396,19,4,2,0,2.0,20.313044955964383,15.49394711065731,False,True,False
1427,57,0,6.830400743419921,70,1,0,0,2.0,25.854462249065683,19.9525077586116,False,False,True
1428,49,0,7.515304040737589,58,2,0,0,2.0,22.45051201705,19.3630271125756,False,False,True
1429,52,0,2.6921414547666007,102,4,1,0,0.0,34.074420620248844,27.307011350924626,False,False,True
1430,28,0,8.116957573588307,43,4,0,1,0.0,34.91802939657451,18.108275605079,False,True,False
1431,25,1,5.010749207399457,93,3,2,1,0.0,29.73205908682219,24.257329551158843,False,True,False
1432,58,1,7.795543733345645,96,2,0,0,2.0,22.31270333337304,26.1255746061719,True,False,False
1433,49,0,6.845594441517314,47,1,2,1,2.0,31.21557209452897,14.223909084429234,False,False,True
1434,51,1,7.101054266464791,111,1,0,0,2.0,19.879424762143515,26.89149188421298,False,True,False
1435,29,1,3.75758918525762,37,2,2,1,0.0,34.39321722441823,9.378814273870969,False,True,False
1436,68,1,3.8123949352856936,112,3,1,1,2.0,30.929727004362064,29.066542548344035,True,False,False
1437,21,1,1.237452562049845,58,4,1,0,0.0,30.819904993793195,19.4715813429357,False,True,False
1438,75,1,7.573723775936134,21,1,1,1,0.0,26.68502386202501,15.596204649778889,False,True,False
1439,79,1,8.521233284734228,17,1,0,0,2.0,20.80269895387189,9.467838175419828,False,True,False
1440,67,1,4.810027982197435,13,1,2,1,0.0,30.06074289738081,12.755291350401809,False,True,False
1441,50,1,3.786406705769501,35,1,0,1,2.0,23.01205539558496,12.343503289393997,True,False,False
1442,68,1,3.616500768585986,90,2,0,0,0.0,26.28452478849313,23.057705888653143,False,False,True
1443,71,0,8.557882516347426,81,2,2,1,2.0,23.91983271088268,25.85155169022638,False,False,True
1444,33,0,7.460835224967357,39,1,1,1,2.0,31.4911001241304,11.133190987218343,False,False,True
1445,63,1,8.108971641566585,9,1,1,0,0.0,21.121199339954195,9.931056164810013,False,True,False
1446,24,0,3.842160800574261,75,3,1,1,0.0,18.972110011039653,17.955297025616115,False,True,False
1447,27,0,3.394192390559216,104,3,0,1,0.0,19.03155954896084,22.011912580881457,False,True,False
1448,52,0,6.302200628404345,103,1,2,1,0.0,22.6131046797591,30.350501347681742,False,True,False
1449,45,1,1.1846044272105054,109,3,2,1,2.0,34.84991037602772,33.53468189854086,True,False,False
1450,28,0,4.0486713665813365,26,3,1,0,2.0,30.506557550945296,11.204934782516537,True,False,False
1451,76,1,1.778011778560587,3,3,2,0,2.0,34.779868929841946,5.728600385430206,False,False,True
1452,74,1,7.357318946652768,69,3,1,1,0.0,31.8548424525104,20.15534572268717,False,False,True
1453,40,0,1.958028299497971,27,1,0,0,0.0,22.432728009436328,10.125043007319992,False,True,False
1454,30,1,6.369772648543615,43,2,1,1,0.0,27.771399472856658,13.398481953811102,False,True,False
1455,59,0,7.634973012141743,5,4,2,1,0.0,19.667432409074177,15.076802030546013,False,True,False
1456,42,0,2.145632797855705,101,1,2,1,0.0,34.788059817049934,24.48245111006209,False,True,False
1457,64,0,1.998953325296296,98,4,1,0,0.0,30.92919427054744,32.010691156728626,True,False,False
1458,25,1,3.1087458940346013,88,4,1,0,0.0,19.318624502196947,26.46699800461885,False,False,True
1459,49,0,2.039552795408196,70,2,2,0,0.0,34.837808427616764,22.288143946240883,True,False,False
1460,48,0,6.03842309994511,106,4,2,1,0.0,21.42258731926213,33.5679475809882,False,False,True
1461,42,0,8.725324660476925,116,2,0,0,0.0,30.40892558620135,25.191147403441164,False,False,True
1462,58,0,8.279136758734246,113,1,0,1,0.0,30.318343819587994,33.16244215950801,True,False,False
1463,58,0,8.257625373219168,117,2,2,1,0.0,20.512998278252848,30.11308318808776,False,True,False
1464,62,0,7.33522083515297,24,1,2,1,2.0,26.876487668530046,9.910660536325526,False,False,True
1465,42,0,3.177645721070464,110,2,0,1,0.0,26.134167043461524,24.047271396987814,False,False,True
1466,35,1,9.036681325343446,10,3,0,1,0.0,26.011442499066035,8.406921233686237,False,False,True
1467,51,1,6.635566664145052,77,2,1,0,0.0,18.830141325315424,21.91712916898284,False,False,True
1468,60,1,7.497848322564803,29,2,2,1,2.0,31.030640303651424,14.50215130134135,False,False,True
1469,28,1,1.676818258865222,65,3,1,0,0.0,31.662249569707924,13.725647440867808,False,False,True
1470,43,1,2.4730809735675505,42,2,0,0,0.0,28.21627495221069,10.690008058726695,False,False,True
1471,58,1,7.21153963543899,67,1,1,0,0.0,31.519549828690565,19.662949079046204,False,True,False
1472,66,0,5.329169018204157,18,2,2,0,2.0,25.79476661422684,14.568580764294833,True,False,False
1473,50,1,4.553087582536426,23,1,1,0,0.0,30.358856415908072,12.228943585054854,False,False,True
1474,53,0,6.36967479121427,53,4,2,1,0.0,29.240570293788323,23.481828794951667,False,True,False
1475,73,0,1.036955826077036,20,3,2,0,0.0,20.028566978743207,12.10550540280017,True,False,False
1476,35,1,6.043167766179657,45,2,0,1,0.0,28.33621129491117,12.644144186230289,True,False,False
1477,59,1,5.557241309198596,23,1,1,0,0.0,29.94422824163109,6.4105078217810085,False,False,True
1478,27,0,4.746348994240676,49,4,2,0,0.0,30.996464362843497,20.35928219767392,False,True,False
1479,73,1,8.224112464353272,50,1,2,1,0.0,29.731434179101218,18.083596917131548,True,False,False
1480,69,0,1.9652215014626149,119,2,0,0,0.0,27.09802469634362,29.783595544521106,False,True,False
1481,34,0,5.557241309198596,57,1,2,0,2.0,27.254009649993023,19.30361221372828,False,False,True
1482,23,1,1.994352651712584,109,2,1,0,0.0,19.2620477388736,25.01105330878728,True,False,False
1483,60,0,1.974604208346252,23,2,2,0,0.0,21.274739388964505,14.045779896215908,False,False,True
1484,51,0,5.557241309198596,30,1,0,0,0.0,26.68502386202501,9.29626178381872,True,False,False
1485,62,0,3.0006194844659912,66,3,1,1,2.0,23.30263508324558,21.5094126244007,True,False,False
1486,31,1,3.880991269053111,48,3,0,0,0.0,20.1603558498184,10.968221915166117,False,False,True
1487,24,0,3.572573037970685,11,1,2,0,0.0,31.07990828564181,7.453204891381369,False,False,True
1488,50,0,4.44578693935185,52,2,0,0,2.0,18.6440627495844,14.35178001178786,False,False,True
1489,69,0,1.1775317181685794,46,2,1,0,0.0,30.59488306046084,11.723027321020258,False,False,True
1490,68,0,9.378083299342864,23,2,1,0,0.0,31.521008885615103,10.403344374798946,True,False,False
1491,31,0,8.540859431074264,46,1,0,0,0.0,22.47728746216677,15.954328240779647,True,False,False
1492,48,0,3.4934103665508016,29,3,1,1,0.0,25.45608565026509,7.016991982235316,False,True,False
1493,56,0,6.546286365137312,6,1,0,0,0.0,33.20840266366834,4.762229559757103,False,True,False
1494,61,1,7.602596463591522,107,4,2,1,2.0,27.954695970405343,36.016225313742964,False,True,False
1495,49,0,2.3695714169372613,32,1,1,0,2.0,25.09140807215537,8.757152068429676,False,True,False
1496,50,0,4.795794822557765,88,1,1,1,2.0,22.397991164338368,24.27669550882509,True,False,False
1497,30,1,9.551626397362377,49,1,1,0,0.0,19.59801507265708,13.19460379763974,False,False,True
1498,40,0,4.938540658645151,104,1,2,1,0.0,24.87084212189717,27.66481407643633,False,True,False
1499,29,0,4.902454300685816,117,2,0,0,0.0,22.475240405634413,26.07215233805491,True,False,False
1500,32,1,5.557241309198596,78,3,1,1,2.0,24.46356840807492,19.478051891628905,True,False,False
1501,38,0,3.7214524550118417,116,3,0,1,0.0,18.683501337596443,27.19538839613534,False,False,True
1502,62,0,2.3807582146979867,46,2,2,1,0.0,25.42795909745562,17.679123145541766,True,False,False
1503,64,0,6.792186004658381,47,2,2,1,0.0,24.01814644286991,17.221128584110534,False,True,False
1504,32,1,5.557241309198596,117,4,2,0,2.0,23.352569541479884,34.794982615505155,False,False,True
1505,64,1,3.7043988276937503,77,1,0,0,0.0,22.8276971565264,17.968529253114617,False,True,False
1506,34,1,9.35923617998011,6,2,1,0,0.0,27.83732059890216,7.879966839545376,True,False,False
1507,42,0,9.251259202672989,90,1,0,0,0.0,24.27329211318352,22.5187997083521,False,False,True
1508,60,1,4.901906108416236,109,1,1,1,2.0,18.6520984767592,26.70884747763036,False,True,False
1509,50,1,3.3359702379848937,6,1,2,0,2.0,27.00143410038656,2.135873242897657,False,True,False
1510,60,0,6.210434585848213,15,2,1,0,2.0,20.911708430383428,5.069353240718523,False,False,True
1511,73,1,2.122625018995112,15,1,2,1,2.0,20.332556795671017,9.55653647878442,False,True,False
1512,52,1,8.92793281397263,7,3,1,0,0.0,26.68502386202501,5.348570615417611,False,True,False
1513,31,0,8.37566126839064,63,2,2,0,2.0,18.886620556668984,17.838925979492842,True,False,False
1514,54,1,7.448982758010996,83,2,2,0,0.0,20.468855730262487,27.23019508697452,False,False,True
1515,68,0,8.709147121234022,94,2,2,1,0.0,23.29802672725804,31.85286936059148,True,False,False
1516,61,1,4.25593005195682,84,4,0,1,0.0,22.18542366342443,27.905440403966512,False,False,True
1517,62,1,8.394844004920653,93,2,1,1,0.0,25.536917286019207,26.96909009404565,True,False,False
1518,45,0,2.870593492776841,101,1,2,1,0.0,33.376630065849305,24.92191345142081,False,True,False
1519,56,0,3.7903637685827287,67,2,1,1,2.0,26.68502386202501,20.2246868701706,True,False,False
1520,74,1,7.657328210030362,83,3,0,1,0.0,25.15004653923517,23.97868252617437,False,True,False
1521,62,1,8.898749844289977,114,4,2,1,0.0,26.68502386202501,37.69522181270299,False,False,True
1522,25,1,4.534376789297953,41,1,0,1,2.0,26.04860190480158,13.67695433207386,True,False,False
1523,25,0,9.850484984145153,94,3,0,1,2.0,31.90526396654373,21.27889647997051,True,False,False
1524,72,0,3.881675974636498,16,4,2,1,0.0,30.87973986895026,19.83517895848325,False,True,False
1525,62,1,9.399964772047126,113,4,0,1,2.0,30.337725130478475,31.88819427719126,False,True,False
1526,79,0,4.068530214783488,93,1,0,1,2.0,32.02621640193975,25.740219565651213,False,True,False
1527,26,0,9.716622011948784,104,4,2,0,0.0,19.61137757126371,32.71139778014288,True,False,False
1528,59,1,3.486150474608292,79,1,2,1,0.0,27.876977992947445,24.797487041974247,False,False,True
1529,79,0,7.18635219182026,110,2,1,1,2.0,28.3047954149489,27.81253343992043,True,False,False
1530,63,1,4.539076281755898,56,3,2,1,0.0,24.068776042404306,18.5152973894414,False,True,False
1531,73,0,5.3179422200414,60,4,0,0,0.0,20.84209044166221,25.65374923684269,True,False,False
1532,26,1,6.173551340738874,56,3,1,1,2.0,24.48474636432668,14.505987689267563,False,False,True
1533,27,1,8.440681857182708,95,4,1,0,0.0,26.68502386202501,31.571846468798185,True,False,False
1535,58,0,5.842607956613405,84,4,2,0,0.0,20.85443409474439,26.242848726366194,False,True,False
1536,42,0,8.307182034639142,113,3,1,0,2.0,18.523470998245124,31.01231196232332,True,False,False
1537,50,1,1.113355343524841,114,3,1,1,2.0,24.88726620265472,27.80260307097421,False,False,True
1538,55,1,9.749499613666211,69,1,0,0,2.0,26.09457273098721,18.33564708900596,False,True,False
1539,52,0,6.992719895946495,87,3,2,0,2.0,26.68502386202501,29.41885350798323,True,False,False
1540,53,1,3.726506511010756,56,1,0,1,2.0,22.52193474834823,17.31464720562572,False,False,True
1541,37,1,7.574483314908264,14,3,1,0,0.0,19.453615996560742,5.947240505962497,False,True,False
1542,54,0,6.363531557133529,99,4,1,1,0.0,32.89877048121924,28.8713368478514,False,True,False
1543,69,1,1.2845803441371757,27,4,0,1,2.0,29.05477058349452,13.356665317771837,False,True,False
1544,40,0,4.830070291465164,72,3,0,1,0.0,27.93269715342805,23.11011437747199,True,False,False
1545,29,0,5.434068972799026,51,2,0,0,2.0,26.34265091650383,14.11466971908886,False,False,True
1546,46,0,8.917126341848146,43,4,1,1,0.0,29.954845853286493,18.37280768800084,False,False,True
1547,34,0,9.264323511471757,37,2,1,1,0.0,26.68502386202501,10.440657223477738,False,False,True
1548,47,0,3.385802518768325,85,4,1,1,0.0,28.0622153702379,23.72833462857737,False,True,False
1549,68,1,1.0478275223937583,119,2,2,0,0.0,27.61565591711839,27.20876808198763,False,False,True
1550,69,1,2.716788967689375,30,2,2,1,0.0,20.948366361665897,10.646570083621192,False,False,True
1551,32,1,8.226696709977102,25,4,0,1,2.0,27.30568073968876,16.11640780350429,False,False,True
1552,73,0,1.3286834144323647,109,4,2,0,0.0,29.640794552325907,36.740317395196506,True,False,False
1553,42,0,1.3019128427094202,58,3,0,0,2.0,26.829607961352988,16.21385035825249,True,False,False
1554,41,1,6.258877585864381,106,4,1,0,0.0,19.19511232385041,34.00767910441254,True,False,False
1555,37,0,3.252216927366432,48,3,2,0,0.0,19.57415424746784,13.409927870857109,False,False,True
1556,64,0,6.590801301437639,21,3,2,0,0.0,24.70896912995243,12.503668315944704,False,True,False
1557,23,0,8.479326819454169,90,1,1,1,2.0,22.726662839362856,20.23511223803541,False,True,False
1558,46,1,8.258463514947207,37,3,0,0,2.0,22.953684710170904,15.418351023584794,False,True,False
1559,68,0,8.822094528529313,30,3,1,0,2.0,19.26824505090084,15.47288933465201,True,False,False
1560,65,0,8.037393218093879,18,3,2,0,0.0,22.814202305611825,16.854675481622714,True,False,False
1561,76,1,3.8128928701305,96,2,1,1,2.0,32.674230335938574,23.961145150216296,True,False,False
1562,42,0,1.3968299475777892,10,3,0,1,0.0,34.34835541586344,2.9487194238875443,False,True,False
1563,29,0,3.963191308872193,4,1,0,1,2.0,33.752083635229134,0.6221814193401602,False,True,False
1564,40,1,3.90763961565176,7,4,2,0,0.0,19.53351366300948,11.689322089282712,False,True,False
1565,32,1,5.557241309198596,44,1,1,0,2.0,30.322140587981707,11.308044461708796,True,False,False
1566,61,0,3.417392453509773,89,3,0,0,0.0,20.01899420297409,20.775510335362885,False,True,False
1567,44,0,8.171633590949108,90,4,2,0,0.0,21.10857636245615,37.31264943601464,True,False,False
1568,57,0,7.88179215352701,100,4,0,0,0.0,29.26214240581196,27.026055057393016,False,False,True
1569,74,0,6.010467631598488,42,3,2,0,0.0,25.27949490124124,15.162098656384352,False,True,False
1570,20,0,4.119763887668736,119,1,0,1,2.0,26.68502386202501,26.60324376804041,False,True,False
1571,32,0,6.350950910305404,43,2,0,1,0.0,20.467598768105923,10.717202170134426,False,True,False
1572,37,1,2.551142927304669,19,3,1,1,0.0,30.41637523452964,9.70964259646923,True,False,False
1573,55,1,1.6932879998570254,96,1,0,0,0.0,26.140658587755546,24.930037678950185,False,True,False
1574,52,0,5.180610254536696,8,2,1,0,0.0,30.743482901522945,10.132035559435998,True,False,False
1575,71,1,5.557241309198596,104,3,0,1,2.0,25.46076164167221,26.183377934385145,False,False,True
1576,61,0,8.999582605646786,97,3,0,0,2.0,29.05841331100958,28.16086075102191,True,False,False
1577,32,1,7.476213022744229,26,1,1,1,0.0,31.77484366772564,10.454341905715935,False,False,True
1578,29,1,1.045709316781545,74,1,1,0,0.0,32.66790113333795,10.381431969733194,False,False,True
1579,64,1,1.5138528445889554,109,4,1,1,0.0,18.98464564980929,28.244738184440283,False,True,False
1580,72,0,7.278817445017524,107,2,1,0,0.0,27.05874541301253,25.71377748922726,False,False,True
1581,40,0,4.567205547707274,25,4,2,1,2.0,25.3531566068926,15.89871884589592,False,True,False
1582,39,1,1.4702102533074508,81,2,2,1,0.0,19.176009691634977,22.931227690589544,True,False,False
1583,49,0,9.975044841662186,59,2,1,0,2.0,21.645847456938725,19.358192714504227,False,True,False
1584,56,0,5.674987157989889,112,3,1,1,0.0,23.146410952107928,24.685239006236227,False,False,True
1585,35,0,8.987877169537724,104,4,2,0,2.0,30.52629481588556,33.73896849779936,False,True,False
1586,53,0,5.135520399132857,6,4,0,0,2.0,18.98814356217272,13.888180366088005,True,False,False
1587,49,0,7.783124639886914,98,1,1,0,0.0,34.03573561931594,23.180778839889083,True,False,False
1588,68,0,4.279476791258064,31,2,0,0,2.0,31.900688576196124,9.39658945589445,False,True,False
1589,51,0,5.439191463401025,96,4,0,1,2.0,30.115136664275592,30.519425415888485,False,True,False
1590,78,0,7.572197496432316,24,3,1,1,0.0,21.33769880927287,12.627156149326597,False,False,True
1591,73,1,5.366187169429013,109,3,0,0,0.0,32.42311253465574,27.972891444163224,False,False,True
1592,74,1,7.195218624222919,85,4,0,1,0.0,31.74288134301541,27.99220968241741,False,True,False
1593,77,1,3.463389254555583,59,4,1,0,0.0,29.40112515544784,23.203410251350395,False,False,True
1594,38,0,2.7283028712534656,13,1,2,1,0.0,27.870715947621992,9.388318222228882,False,False,True
1595,43,0,1.716885348583806,38,1,1,1,2.0,30.62996610535958,7.681013286097318,False,True,False
1596,67,1,7.716289106316594,18,3,2,0,2.0,30.81901850651075,10.134718969500303,False,False,True
1597,63,0,6.626314825600186,87,2,1,1,2.0,21.08741747529904,23.534529283530883,False,True,False
1598,46,0,3.5003754523484254,93,1,2,1,0.0,25.89292973220564,22.8793992614316,False,True,False
1599,47,0,1.2730532213648642,103,4,0,1,0.0,29.221437974535647,28.64571123812806,False,True,False
1600,51,1,8.695705473727193,25,2,1,1,0.0,26.59819113543718,14.273318144491862,False,True,False
1601,53,1,4.671923351226282,78,1,2,0,2.0,34.74670333935364,23.98153657003577,False,False,True
1602,72,0,9.674585664344736,7,4,2,0,0.0,27.37871827264408,19.39191477876195,True,False,False
1603,43,0,9.433795582958464,101,4,0,0,2.0,31.628996571471767,30.46078848993581,False,False,True
1604,68,0,1.175703136281947,27,4,1,0,0.0,34.09852070943859,14.002728738178838,False,False,True
1605,27,1,7.745021091404789,7,1,0,0,2.0,33.95313999546312,6.118962180030755,True,False,False
1606,79,0,1.4481122786893823,70,2,2,1,0.0,34.91059412315717,20.251524121736686,False,True,False
1607,41,0,1.4669386983459298,28,2,0,0,0.0,18.88110253455937,5.506397381669334,False,False,True
1608,25,0,7.769105544237647,51,1,0,1,2.0,21.39455312636872,15.629121688730764,True,False,False
1609,54,0,5.07478903937866,46,3,2,1,2.0,34.65487268505317,15.900593778050894,False,True,False
1610,36,0,9.804929288005429,37,1,2,1,0.0,19.04817427421085,14.007439909087417,False,False,True
1611,50,0,8.411057273706161,36,2,2,1,0.0,20.39539918805392,15.804474213908431,True,False,False
1612,55,0,6.264934602452397,3,3,1,0,0.0,20.2997697028741,5.447479226397856,True,False,False
1613,20,0,2.740443935489425,68,4,2,0,2.0,19.493550629157653,24.552846278508323,False,False,True
1614,24,1,1.6562531073430486,62,2,0,1,2.0,25.57274055209731,13.595133797327088,False,False,True
1615,22,1,7.683946467907792,73,4,2,0,0.0,33.63545098649305,28.54662303145902,True,False,False
1616,57,0,5.44215513942083,93,1,0,1,0.0,31.40484174865144,24.873042334129536,False,True,False
1617,48,0,2.03647520714073,49,3,2,0,2.0,25.46500442696199,18.90108509997166,True,False,False
1618,37,1,9.884930093480271,18,2,0,0,0.0,22.07697538402381,12.582051165863671,True,False,False
1619,21,1,3.283562795114057,28,4,0,1,0.0,21.8475387338012,14.507934216531464,False,False,True
1620,22,1,7.842804859939815,33,3,2,0,0.0,29.6950840667932,11.962556008361185,False,False,True
1621,33,0,5.9175142049056255,52,2,2,1,2.0,34.59894113851114,17.72762650655657,False,True,False
1622,30,0,9.861799324360296,31,3,0,0,0.0,28.792022062989528,10.310141104224178,False,True,False
1623,58,1,1.686722087566716,68,3,2,1,0.0,20.86367049782646,22.96817566632607,True,False,False
1624,62,0,4.27202339813468,48,1,1,1,0.0,31.44233745483759,15.450471682979606,False,False,True
1625,31,1,3.9808747209566944,14,3,1,1,0.0,29.615690787664043,0.1360096953505714,False,False,True
1626,50,0,9.933629936075832,1,2,2,0,0.0,32.570152813046526,8.430200983817093,False,False,True
1627,30,0,7.41715152160401,78,3,0,0,0.0,18.802825692925325,22.41526389235328,False,False,True
1628,53,0,2.765625462441808,66,4,1,0,0.0,34.114876362447696,23.69829866455711,True,False,False
1629,32,0,7.365411267997952,83,2,1,0,0.0,20.59523697447035,17.64656937099423,False,True,False
1630,47,0,1.6208857743281255,69,4,2,0,2.0,25.789443573373,27.19757115954121,False,False,True
1631,50,0,1.1654289079771785,15,4,1,1,0.0,30.59691672075011,10.718163432337665,True,False,False
1632,58,0,6.378518718392144,69,4,0,0,2.0,33.795987146769086,23.677167872116065,False,False,True
1633,56,0,4.431391471801426,103,1,2,0,0.0,26.39113141341236,25.58802434240725,False,True,False
1634,41,1,6.422602272172558,79,3,2,0,2.0,34.56034286108432,20.32258590697404,False,True,False
1635,47,1,9.752702460702958,103,3,2,0,2.0,27.37175314113468,30.494533253473712,True,False,False
1636,24,1,7.878264382624559,2,3,0,0,0.0,28.680360091092005,3.65689358165004,False,False,True
1637,54,0,8.523419410148572,73,2,0,0,0.0,25.085162494216448,18.84285334863817,False,False,True
1638,39,0,7.724567534856853,49,4,0,0,0.0,22.14468037134903,17.98297554394714,False,True,False
1639,70,0,1.822836419755383,67,3,0,1,0.0,33.43752471641258,19.912844962691665,True,False,False
1640,55,1,7.015287039313898,71,4,0,0,0.0,19.638176563751543,22.50526997829452,False,False,True
1641,54,1,3.8789161900098703,85,1,0,1,2.0,23.073373095744607,19.622225965229365,False,True,False
1642,39,1,8.36562382748041,98,4,0,1,2.0,21.14017944177068,25.97412952586257,False,True,False
1643,68,0,7.0271557521694525,71,4,2,0,0.0,33.30018382131705,27.60842494787182,True,False,False
1644,60,0,1.0424118297001703,80,4,2,0,2.0,26.68502386202501,30.41914258329602,True,False,False
1645,73,0,9.97163999073478,87,1,0,1,0.0,26.32272441900635,27.63677237194407,False,True,False
1646,72,1,8.614030810576573,67,4,2,0,0.0,23.762199666060862,28.340892471053635,True,False,False
1647,52,0,7.040994007116859,38,2,1,1,0.0,25.41287175471732,12.19690389550577,False,True,False
1648,51,0,5.557241309198596,65,2,0,1,0.0,34.6143019818048,20.61469361172826,False,False,True
1649,62,1,6.703786784713027,24,4,1,1,0.0,20.414828790835127,16.447820598701018,False,True,False
1650,36,0,1.4953393800344457,113,4,1,0,0.0,30.78040178150066,32.501610060510835,False,True,False
1651,44,1,7.2643125900621905,9,1,1,1,2.0,24.39143880555708,8.460186534007631,False,False,True
1652,26,1,4.507977876600586,21,2,2,0,2.0,29.011138943785937,6.898946321357682,False,False,True
1653,46,0,3.1270846899538864,37,2,1,1,2.0,20.64405949323056,12.428258435151566,False,False,True
1654,52,1,6.279816949974326,31,1,1,0,0.0,30.908069954078886,10.080524656948173,True,False,False
1655,52,0,7.522338476337024,75,4,0,0,0.0,30.98054301800866,26.54344989844057,True,False,False
1656,62,0,8.628121432922455,17,1,2,0,0.0,28.259599079374908,15.104100634623284,False,False,True
1657,40,0,9.421743353720954,68,4,2,0,0.0,25.32340578260852,24.4263336350857,False,False,True
1658,50,0,6.807977315465696,45,1,0,0,2.0,30.1581540998434,13.475041210680237,True,False,False
1659,79,1,8.861258539504039,39,4,1,1,0.0,20.01564568103388,18.054213829166304,False,True,False
1660,38,0,9.95005079691026,15,4,0,0,0.0,29.21333664579012,10.322601892476332,False,True,False
1661,57,1,4.756484149304919,85,1,1,0,2.0,30.43717846024333,21.005388576486386,False,False,True
1662,21,1,5.411997771883668,3,1,1,1,0.0,34.53371208894896,5.29449461698014,False,False,True
1663,47,1,4.034979189192034,30,3,0,0,0.0,26.3392300496672,12.571648799055048,True,False,False
1664,23,1,7.472797260361903,32,2,0,0,0.0,27.389368059471305,11.902922114362076,True,False,False
1665,57,1,8.52149436983084,31,3,2,0,2.0,24.76070883791741,14.789786586144286,False,True,False
1666,76,1,7.292596883154156,117,2,2,1,2.0,24.07011072226598,33.05617706575425,False,False,True
1667,30,1,8.55073987006661,51,2,0,1,2.0,34.27874515801496,14.929252912274723,False,True,False
1668,29,1,9.324792534115312,43,1,0,1,0.0,20.13993744282414,15.061409155766956,True,False,False
1669,57,1,3.8561867524023095,48,4,2,0,0.0,26.68502386202501,21.07175803754587,False,False,True
1670,55,0,3.2718807469183595,106,4,2,0,2.0,25.334774809631565,34.080090223395416,True,False,False
1671,34,0,3.831077358346287,12,1,1,0,0.0,20.61294159435929,3.996711986548979,False,False,True
1672,76,0,1.3763946140781882,69,1,0,1,0.0,27.99229811323333,22.37897624174021,True,False,False
1673,59,0,6.204597536560633,108,1,0,1,0.0,23.56260456338869,26.5629530596174,True,False,False
1674,57,0,8.312105596770138,77,2,0,0,2.0,31.9025930499588,20.125321862403904,False,True,False
1675,38,0,2.741282644729313,43,3,2,1,0.0,23.10935015641057,17.201838683054326,True,False,False
1676,33,1,7.477251143147537,4,3,1,0,0.0,33.0986125016175,4.8196880171852055,True,False,False
1677,74,0,1.4959867594660008,81,4,0,0,2.0,32.5272486831885,26.162288639034625,False,True,False
1678,32,0,2.92829890908866,19,4,2,1,2.0,31.55249429784705,13.330131483963406,False,False,True
1679,34,0,8.247232782670945,56,1,2,1,2.0,24.13424227214919,18.40903286821941,False,False,True
1680,51,0,9.680586003924894,57,1,2,0,0.0,31.490117273707327,19.64356756685604,False,False,True
1681,40,0,7.211859985187218,116,4,2,1,0.0,32.49424397070657,39.71468309398247,True,False,False
1682,59,1,5.909110258532428,86,2,0,1,0.0,34.681266452194144,22.90692616675524,False,True,False
1683,27,0,4.477313234231263,18,2,2,0,0.0,23.62176937230771,9.098512452340785,False,False,True
1684,26,0,7.494836898265623,88,2,0,1,2.0,23.446899006873863,20.688831560581505,False,True,False
1685,44,1,1.999569729534892,41,1,0,0,0.0,34.50676813218978,11.897943937887527,False,True,False
1686,44,0,7.321757753353282,46,3,1,0,2.0,24.71960333162655,12.669050307622744,False,False,True
1687,61,0,1.7167744566012084,59,4,0,0,0.0,32.76229877294849,21.30531229894212,True,False,False
1688,31,1,6.54198683227887,42,2,2,1,2.0,19.26248396704083,18.970297563542804,True,False,False
1689,36,1,8.989519581039886,33,4,0,1,2.0,25.43880639201671,18.6777627003268,True,False,False
1690,31,1,3.0458986396302468,29,2,1,0,2.0,21.780430605320763,9.66537465318152,False,False,True
1691,64,1,5.6669658046208,74,1,1,0,0.0,20.62383907231933,20.485279864796503,False,True,False
1692,77,0,8.945408464106443,12,1,1,1,2.0,30.654420904608607,9.146545647227104,False,False,True
1693,41,0,5.012008728035233,38,2,0,1,0.0,20.25747496236024,10.117564561757536,False,True,False
1694,37,1,2.598148023684559,57,4,1,0,2.0,33.133485833422505,17.13257605646925,False,True,False
1695,52,0,7.079100562209255,13,2,2,1,0.0,19.79583912049573,8.728589075411536,False,True,False
1696,53,0,7.588885328404226,103,2,0,1,0.0,20.51182303761308,27.60563309885478,False,True,False
1697,28,1,7.920821757057666,66,3,0,1,0.0,30.030038486198823,16.753750129159204,False,True,False
1698,47,1,7.400165662027809,68,4,1,0,0.0,29.53434863293058,25.06851457262039,False,False,True
1699,37,0,4.526587116395671,24,1,0,0,2.0,22.95250659735821,8.462553428588512,False,False,True
1700,24,1,1.839680699290692,99,3,1,0,2.0,34.63326380607656,20.706972252116167,True,False,False
1701,50,0,2.6257302814718377,87,1,2,1,2.0,21.09569697579459,26.00465611476606,True,False,False
1702,29,1,2.955016892359733,56,2,0,0,2.0,26.810539567765765,10.865680289150651,True,False,False
1703,60,1,1.640622126862776,12,2,1,0,0.0,34.246072250826,5.915160420421495,True,False,False
1704,20,1,7.165054779968608,117,3,1,1,2.0,29.288260518252827,27.78792333037498,False,True,False
1705,56,1,8.050030227321585,39,1,2,1,0.0,28.75327887376772,20.0656703049072,True,False,False
1706,51,1,8.342384709366701,40,1,1,0,0.0,27.050488442564053,15.353859415391014,False,True,False
1707,23,1,1.3709624135652958,35,1,0,0,2.0,33.748754794296424,9.3417870456176,False,False,True
1708,48,0,2.5519697136390764,112,4,1,0,2.0,31.464421450171187,33.68754549707412,False,False,True
1709,32,0,8.001859833896088,2,3,1,0,2.0,26.23011173722909,6.632957298527524,False,False,True
1710,61,1,3.9946073858547,18,4,0,1,2.0,22.85156410766609,13.207672586772834,False,False,True
1711,77,0,5.896269687651181,76,3,0,1,2.0,30.30836008856268,19.131054197563337,False,True,False
1712,72,0,4.844192779435521,54,3,2,0,0.0,29.069879651067325,21.36455497928545,False,False,True
1713,51,0,8.939851635042915,34,4,2,0,0.0,26.32579086597802,20.2760046992958,False,True,False
1714,40,1,3.553709589644104,67,1,0,1,2.0,27.42984032624925,22.36403802726502,True,False,False
1715,50,1,5.557241309198596,17,3,0,0,2.0,30.5387537759374,13.075919259053435,False,False,True
1716,61,0,4.999169764877455,15,2,1,1,0.0,18.65707965145699,7.72981545707174,True,False,False
1717,21,1,2.5912149981765795,70,1,0,1,2.0,28.511653847012287,15.793985608361329,False,False,True
1718,52,0,1.0121997204815396,63,3,0,0,0.0,19.60512667415307,15.37117094210308,False,True,False
1719,23,0,5.847250472687831,100,4,0,0,0.0,23.749439274761947,28.88099463584805,False,False,True
1721,79,1,1.8329990127492544,52,2,1,1,0.0,32.51925505514332,14.096370844140884,False,True,False
1722,43,0,5.780809421376366,54,1,0,1,2.0,23.27143909636349,14.701305850595167,True,False,False
1723,53,0,9.634418689482528,49,1,2,1,0.0,32.632869138353726,15.953629266230877,False,False,True
1724,50,0,7.349405937207712,64,4,0,0,0.0,21.23069726180384,26.2121611018748,True,False,False
1725,53,1,8.577851752524037,69,4,0,1,2.0,18.59687003235605,22.10457817787384,True,False,False
1726,56,0,1.8881670498392853,61,4,1,1,0.0,25.92578270540913,19.410442594410043,True,False,False
1727,69,1,7.951698996645558,71,1,0,0,2.0,33.48679332284968,20.380328003035924,True,False,False
1728,32,1,4.150062678796119,30,3,1,1,2.0,19.85115115990955,8.494156695219637,False,True,False
1729,50,0,4.296956722288826,68,3,1,0,0.0,19.169759972273308,16.748389121416356,True,False,False
1730,73,0,3.4754900291245034,74,2,2,0,2.0,34.52571376823274,19.49176644292813,False,True,False
1731,37,0,8.820673955634646,30,3,1,0,0.0,21.625532885080347,14.638159216020084,True,False,False
1732,55,0,1.2237356432421476,36,3,1,0,0.0,23.125266559991907,12.90785847135466,False,False,True
1733,67,1,2.1969872836717528,29,2,2,0,0.0,28.40345704915772,11.676859936696196,False,True,False
1734,26,1,6.675004278182758,63,1,0,0,0.0,33.61287808090876,12.4341214712215,False,True,False
1735,78,1,7.5158583872333615,24,2,2,1,0.0,34.34850704227966,16.396309178534484,True,False,False
1736,51,0,1.1430405382600324,109,2,1,0,0.0,33.883599436785026,23.98181344352636,True,False,False
1737,20,1,5.041750534085021,59,4,1,1,0.0,25.036737654082984,17.358303599258342,False,True,False
1738,59,0,4.6367247654397845,103,3,1,1,2.0,27.92669645154036,24.338381049566664,False,True,False
1739,23,0,5.515415350196427,75,1,0,0,0.0,20.504148101341627,17.468026221854025,False,True,False
1740,59,0,6.1626507214861705,84,3,0,1,0.0,22.02817208197917,20.49014364227116,False,True,False
1741,54,0,5.234841413112473,5,4,0,1,2.0,23.02833867308833,10.838684020542392,False,False,True
1742,45,0,6.103295051511048,103,3,1,1,2.0,24.56295404847079,24.82559128574494,False,True,False
1743,50,0,8.128401319440652,103,3,1,1,0.0,31.40631232725048,25.037637945311207,False,True,False
1744,50,0,2.858007091745804,111,4,0,0,2.0,28.38301514239378,31.98269495349604,True,False,False
1745,50,0,7.92456199156722,107,2,2,1,0.0,34.32554362505468,27.682490654737784,False,False,True
1746,76,1,9.40827969186725,8,4,2,0,0.0,22.088564119510085,16.677914362612178,False,True,False
1747,51,0,1.7411422956785696,15,2,0,0,0.0,29.29201032670349,3.094666971745601,False,False,True
1748,50,0,1.7807299102357668,79,1,0,1,2.0,32.048085251505576,19.04613678879308,False,False,True
1749,55,0,3.2275551571282364,54,1,1,1,2.0,28.189065521942105,13.827762654736691,False,True,False
1750,66,1,1.1698502913154474,17,2,0,1,2.0,34.30544677240938,6.283750452805208,False,True,False
1751,75,0,6.144649240250489,59,4,0,0,0.0,24.71600234403465,22.745710289174635,False,True,False
1752,35,1,3.2852163220302533,66,1,2,0,0.0,33.917771994455734,21.77575110064949,True,False,False
1753,70,1,8.267522726024406,69,1,1,0,0.0,26.68502386202501,19.754770869227123,False,True,False
1754,25,0,3.143884919280545,52,3,2,0,0.0,26.10359732950065,18.731846616857588,False,True,False
1755,65,0,5.557241309198596,93,1,1,1,2.0,26.414328124795347,22.12132067849864,False,True,False
1756,32,1,4.066168812173214,58,4,0,0,0.0,20.12473775456746,16.72652986542747,False,False,True
1757,67,1,9.0218254204581,38,4,0,0,2.0,24.25636162706813,17.288644099498946,False,True,False
1758,47,0,1.45768081272239,54,1,2,1,0.0,30.02756062936016,18.519115754974425,True,False,False
1759,32,0,5.336860455504912,95,1,1,0,2.0,26.68502386202501,22.404821105090253,False,False,True
1760,67,0,1.4811284134433635,63,4,1,0,0.0,24.22728340847926,21.85944427215909,True,False,False
1761,37,1,6.845791879588509,96,2,1,1,0.0,27.067908274259143,22.696268287379983,False,True,False
1762,41,1,5.681914198811463,91,4,0,0,0.0,21.58315725745636,26.8443206533405,False,True,False
1763,58,1,9.926009905012238,79,1,2,0,0.0,22.27802954932758,24.194623211244103,False,True,False
1764,64,0,7.12543483107238,98,4,2,1,2.0,19.795405746815923,38.072592810336445,True,False,False
1765,73,0,1.8998672273539905,62,1,1,0,2.0,28.720903624634506,14.060483786070469,False,False,True
1766,44,0,1.5644995427301291,62,3,1,0,2.0,27.261096325958704,18.940182804239704,True,False,False
1767,52,0,7.280779558169298,14,3,0,0,2.0,20.965507405615607,9.670155677353309,True,False,False
1768,66,1,5.2132774768366215,9,2,1,1,0.0,19.28373199219537,2.5591787069718084,False,True,False
1769,44,1,4.1074704497671455,81,1,2,1,2.0,33.79008134843874,24.230053029357386,True,False,False
1770,71,1,4.60760712088131,83,4,2,1,0.0,23.46772483043956,30.42020091826321,True,False,False
1771,63,1,3.920986987578335,10,4,2,1,0.0,31.288289994875115,18.00562758433857,True,False,False
1772,23,0,2.9419749679842044,71,4,1,0,0.0,32.611350063386226,23.276594645925847,False,False,True
1773,78,0,5.623334790603,104,2,0,0,0.0,33.50214556928382,26.8551939042932,False,False,True
1774,24,1,6.689101856041208,64,4,0,1,2.0,33.135925261526594,21.434359315037764,True,False,False
1775,79,1,8.507247944712265,75,3,0,0,2.0,33.893776738432216,26.59950310229743,True,False,False
1776,54,1,6.731393178559175,61,1,1,0,0.0,20.60508228197572,17.772517470202096,True,False,False
1777,71,0,3.2428339353215856,79,4,1,1,0.0,25.40290755220036,23.55644547085626,False,False,True
1779,74,1,4.205901855284823,84,1,1,1,0.0,19.792782292180203,21.92321272080025,False,False,True
1780,22,0,8.512016696107347,48,3,0,1,0.0,28.464315486683944,7.990138478988598,False,False,True
1781,37,1,6.515205149225177,28,4,1,0,2.0,19.23576917638321,13.566331998095976,True,False,False
1782,44,0,8.430430824163135,35,1,2,0,2.0,32.92692820137689,15.769685098201034,True,False,False
1783,74,1,7.828962060285446,52,4,2,1,0.0,32.33664480743877,21.356356505419114,False,True,False
1784,59,1,7.858976200276937,32,2,0,1,0.0,19.4707304748786,13.68999960602604,False,True,False
1785,52,0,5.557241309198596,114,4,1,0,0.0,33.90283192432011,31.755150530530752,True,False,False
1786,55,0,6.6333973316383625,87,3,2,1,0.0,28.09892926191372,25.19990724610426,False,False,True
1788,48,1,8.236205105672179,2,1,0,0,0.0,30.40521977295961,5.227376083380704,False,True,False
1789,67,0,4.639372296137383,106,4,1,0,0.0,33.57906244408093,29.43128550544045,False,False,True
1790,66,1,9.44884114447383,34,2,2,0,2.0,18.596247849266508,15.284503189725948,True,False,False
1791,73,1,4.697281009087126,6,1,2,0,0.0,31.93807412402726,11.533772858323973,True,False,False
1792,24,0,1.6165251331470465,69,2,0,0,0.0,26.69643209084925,17.783432999217833,True,False,False
1793,20,0,1.3346266144713836,28,4,1,0,0.0,26.77524121131965,15.400257021643178,False,True,False
1794,47,0,9.313204069196832,78,1,0,0,2.0,26.12544923792142,22.12444087537357,True,False,False
1795,50,1,4.826704452162925,6,3,1,1,0.0,19.306022813907017,5.145592064028689,False,False,True
1796,47,0,8.766676418279278,64,1,2,1,0.0,32.246554879637245,23.738703272029344,False,False,True
1797,44,1,9.168547476027046,82,3,0,0,2.0,28.14581540059273,22.42910240949205,False,True,False
1798,36,1,9.05382280634968,78,1,2,0,2.0,34.40817359293975,23.080834234429823,False,True,False
1799,28,0,6.457475052847475,110,4,1,1,0.0,28.27258143081179,32.458271027915835,True,False,False
1800,64,0,2.4288212360087504,99,3,0,0,0.0,31.749314217538497,22.628070108102417,False,True,False
1801,32,0,1.741899448170917,72,3,2,0,0.0,21.39372256225188,20.250898903042348,True,False,False
1802,33,1,7.058838214142285,107,1,0,0,0.0,26.96608730467726,28.82931879578349,True,False,False
1803,63,1,7.562898536507678,89,1,0,1,0.0,30.216967829673948,20.72682944425842,True,False,False
1804,75,0,9.646432765028356,44,2,1,0,0.0,27.056404689178912,18.808225403020707,True,False,False
1805,51,0,6.784988950538785,59,1,2,0,0.0,22.573926630668723,17.83486125260864,False,True,False
1806,55,1,9.769145108716277,93,3,2,1,0.0,26.68502386202501,30.852071010539166,False,False,True
1807,45,1,6.275873495714581,65,2,1,0,0.0,29.97723145045564,16.851042011783097,False,False,True
1808,73,1,6.588685866494731,32,2,0,1,0.0,33.828657583801764,12.581403926387807,False,False,True
1809,63,0,6.570416464870903,28,4,0,0,0.0,24.58444381788495,14.324088218990308,False,False,True
1810,66,0,9.141904561679468,54,4,2,0,0.0,32.54232398246656,22.610171785422327,False,True,False
1811,43,1,5.557241309198596,9,4,0,1,2.0,28.24343414721553,8.88270896543711,False,False,True
1812,21,1,6.125288631967097,35,3,1,1,0.0,21.89923286889538,10.566846615140983,False,False,True
1813,32,1,8.74586698648855,81,2,1,1,2.0,24.439287201112844,21.6055767128881,True,False,False
1814,52,1,2.3070251792372414,10,1,2,0,2.0,25.91325812025199,12.878652136314596,False,True,False
1815,60,1,7.144545680157805,60,3,0,1,0.0,26.64149337757729,20.64433940675332,True,False,False
1816,31,0,7.883909470796218,57,4,2,1,2.0,26.981659588238763,24.49777831127812,False,False,True
1817,74,1,6.66885160164861,73,3,2,1,2.0,27.3761706852464,23.83148432065104,False,True,False
1818,34,1,2.653555063072936,50,2,2,1,0.0,29.02442048758341,16.579269526238658,True,False,False
1819,50,0,2.335615268375938,39,4,0,1,0.0,24.126146032088457,15.626146733378157,False,True,False
1820,59,0,2.68436973339037,59,3,1,0,0.0,23.55481495323281,14.20567451007543,True,False,False
1821,79,1,2.43451239174029,89,3,0,0,0.0,33.860009828572274,24.667413981364625,True,False,False
1822,54,0,7.055695340287221,54,2,2,1,0.0,26.24188251022403,16.766151070243968,False,False,True
1823,46,1,4.745066899886739,87,2,2,0,0.0,33.84347508207728,28.188918193475544,False,True,False
1824,56,0,8.271386601064474,40,1,2,0,0.0,23.79493575000926,15.470080359691847,False,True,False
1825,47,0,3.581313622961381,12,3,2,0,2.0,18.71735810883373,11.440157020931975,False,False,True
1826,31,1,4.598492134151845,77,1,0,1,0.0,28.589014843372624,19.09499971817192,True,False,False
1827,74,1,1.305741891996558,23,3,1,0,2.0,19.6512503849484,7.970368242156168,False,True,False
1828,29,1,3.249988617014486,27,1,1,0,0.0,19.43793593782698,10.177609748010276,False,True,False
1829,59,1,1.707958524828328,75,2,2,0,2.0,30.330716377223283,22.04769875781972,False,True,False
1830,76,0,8.112200283110326,53,1,2,1,0.0,33.62984745953744,19.310047705756784,False,True,False
1831,60,1,8.894427438395253,86,4,1,0,2.0,33.91352753858361,35.42081593407593,False,True,False
1832,43,1,9.400379492277718,68,2,0,0,2.0,32.72507538855117,17.142360592737344,False,False,True
1833,24,0,1.8636017945193093,25,1,2,0,0.0,23.25064493642802,10.954093512697568,False,True,False
1834,45,1,8.859195511671889,25,1,1,1,0.0,30.28474955490013,10.239320601930984,False,False,True
1835,79,0,4.525080368819941,77,2,2,1,2.0,34.91417534476302,26.18410466450118,False,True,False
1836,39,0,9.779054717214562,34,2,1,0,0.0,31.64460351609369,11.242850743995644,False,True,False
1837,41,1,9.02624397476592,115,1,0,0,0.0,26.68502386202501,32.96342980885525,True,False,False
1838,21,0,6.405459662684643,7,2,2,1,0.0,26.3681353831026,7.5185176401855776,True,False,False
1839,27,1,8.661350506258543,25,2,0,0,2.0,20.87678221801917,9.182406758140209,False,True,False
1840,32,1,8.878341369945097,46,2,2,0,2.0,27.998007820798414,17.438605851360315,False,True,False
1841,27,0,7.048472864548257,63,2,1,0,0.0,27.209932380556022,16.556993940133808,True,False,False
1842,54,1,5.557241309198596,113,3,2,0,2.0,21.275756039386003,30.99640013422293,False,True,False
1843,31,1,5.839151695795905,48,2,0,0,0.0,34.058646367470985,15.811580882825588,False,False,True
1844,72,1,9.5347844238733,37,3,0,0,0.0,33.765174488780985,13.855112140507275,False,True,False
1845,48,0,7.436993284523807,25,4,2,1,2.0,34.27345180858585,19.68166091533268,False,True,False
1846,52,1,7.360467193401041,28,1,2,1,0.0,26.68502386202501,12.36520959223694,False,False,True
1847,54,1,7.325119192400614,115,2,0,0,0.0,30.67217891982881,29.83890846970064,False,True,False
1848,23,1,6.041884624668505,93,4,2,1,0.0,31.797208158755765,30.258346114349013,False,False,True
1849,35,0,6.171170531257154,77,4,2,1,0.0,19.37858316632325,27.78858880621759,False,False,True
1850,49,1,2.7708289990449004,7,4,2,1,0.0,21.175147295921303,16.165797467790732,False,True,False
1851,59,1,9.205959536548296,40,2,1,1,2.0,34.74142102012787,11.702577577259202,False,False,True
1852,33,1,1.6839415568424865,118,2,0,0,2.0,28.842027423968823,30.208462071515427,False,False,True
1853,52,1,5.723350753282671,70,4,2,0,0.0,26.692318038816907,25.064431830351623,False,False,True
1854,70,0,3.239346838043999,99,3,1,0,0.0,27.59316116082345,27.56853352875327,False,False,True
1855,38,0,4.177218424227899,94,1,1,1,0.0,31.843922791912224,17.217057675146528,False,False,True
1856,64,0,8.945035296638471,103,4,1,1,0.0,34.43999952804383,29.45324467235571,False,False,True
1857,52,0,7.0882492914317,64,4,1,0,2.0,20.539595656382847,23.430666544034704,False,True,False
1858,36,0,3.1660547486075816,76,4,2,0,0.0,25.462947105793265,27.14414343898129,False,True,False
1859,24,0,4.238943379790993,17,1,2,0,0.0,24.743863728691903,7.275998986839501,True,False,False
1860,36,0,5.017191214869333,82,4,0,1,2.0,20.04960526715888,24.705793890288547,False,True,False
1861,25,0,8.191660775375764,5,4,1,1,0.0,31.79839554716392,14.161136022368307,True,False,False
1862,25,1,5.7870186189318975,111,4,1,0,2.0,33.83137714756938,26.72646888810142,False,False,True
1863,50,0,9.020807176616286,70,1,2,0,0.0,19.005713919421325,20.584094096837248,False,False,True
1864,48,1,4.352747075225154,78,1,0,1,0.0,24.32937272476016,22.02537567276928,True,False,False
1865,41,0,5.68175146951497,63,1,2,1,0.0,31.43655477846949,21.101818748707043,True,False,False
1866,32,0,4.485214433831275,79,2,1,1,2.0,30.4375062558709,19.758804451889915,False,False,True
1867,75,0,1.1732406746400457,27,4,0,1,0.0,25.733481359115142,17.531790888604743,True,False,False
1868,52,0,7.43623099130058,42,1,1,1,0.0,26.8614485668468,12.727713992209882,False,True,False
1869,77,1,8.973299029990827,30,4,2,1,2.0,25.55888536911996,23.524222556708995,False,True,False
1870,40,1,1.072762088770098,56,4,1,0,0.0,26.73115015122742,21.56909516734079,True,False,False
1871,22,0,3.144589988032613,99,1,2,1,0.0,23.95065794789096,27.820700831925933,False,False,True
1872,50,1,3.403647472141789,33,3,0,1,2.0,23.10914570856784,11.61972891670366,False,False,True
1873,23,0,5.554747861664598,92,4,2,1,0.0,32.45810172807303,29.48506666900874,False,True,False
1874,50,1,3.024550394893305,85,3,2,1,0.0,24.87637363795742,22.41584681823368,False,True,False
1875,67,1,6.389947852815855,30,3,0,0,0.0,31.25433494746209,10.583502082340797,False,True,False
1876,54,1,7.162958424512786,67,3,2,1,2.0,27.33808595409128,20.124733633477334,False,True,False
1877,75,1,9.13899562779286,100,4,0,1,2.0,27.212774294629902,28.21437495768913,False,True,False
1878,43,1,5.398581420795587,11,1,2,0,0.0,18.601917686710927,12.79823806379058,False,False,True
1879,50,0,3.8862935653719055,65,4,0,1,0.0,23.059059219011854,27.337034187803063,True,False,False
1880,47,0,3.511766225361552,109,1,0,0,0.0,26.08261537729432,23.285820355409427,False,False,True
1881,27,0,5.619147148868133,63,4,1,1,2.0,23.639257560359788,24.48496356292916,True,False,False
1882,51,0,3.430018403025224,15,4,0,0,2.0,25.533567789009705,12.202524963892817,True,False,False
1883,33,1,3.6326351830692793,40,3,1,1,0.0,31.93144733649243,10.309549830169884,False,True,False
1884,50,0,5.068796593050752,8,2,0,0,0.0,25.977758454723865,5.619101104475648,False,False,True
1885,49,1,1.9316165230551792,40,1,1,1,2.0,26.68502386202501,12.144899464944638,True,False,False
1886,27,0,3.865168199224098,63,1,1,1,0.0,26.68502386202501,11.90694409996682,False,False,True
1887,68,1,8.059673049563834,1,3,0,0,0.0,34.50799331949777,6.367980617127055,True,False,False
1888,47,1,6.032672919818635,86,3,2,1,2.0,32.99182277216935,24.22640900905629,True,False,False
1889,58,1,6.693339414744973,106,2,0,1,2.0,26.68502386202501,27.060440288303976,True,False,False
1890,44,1,7.315422706594857,31,3,0,0,0.0,18.81694852703624,8.782467844181225,False,True,False
1891,59,1,7.470916811679098,36,4,1,1,0.0,27.126546401341304,21.8964193304964,True,False,False
1892,64,0,6.704338656069504,74,2,2,0,0.0,32.495399387841,24.08008625840903,True,False,False
1893,37,1,5.987743269538584,33,1,0,1,0.0,25.72612237543101,10.381009387466731,False,True,False
1894,72,1,9.63615328866159,48,4,0,0,0.0,26.26406714873825,22.12732837963651,False,True,False
1895,30,1,4.023732766424603,66,2,1,1,2.0,26.451758374138056,13.948364597685725,True,False,False
1896,79,0,1.9361120885657228,110,1,0,1,2.0,29.69788774164472,28.27254397790828,False,False,True
1897,50,0,8.524713476501546,7,2,2,0,0.0,26.68502386202501,11.828600008661953,True,False,False
1898,70,1,3.372448958261933,26,4,2,0,2.0,24.0639793954878,18.666285025535007,False,True,False
1899,21,0,1.1132003123757586,4,2,2,1,0.0,26.68502386202501,3.980708067319151,False,True,False
1900,52,1,5.833751100310932,21,1,0,1,0.0,28.995026299454576,8.60438928558689,False,False,True
1901,50,0,3.873310347231072,94,2,2,1,0.0,21.22230417873936,26.711237807866635,False,True,False
1902,69,1,9.991816910175796,29,2,0,1,0.0,28.222123173312305,11.622670128193386,False,True,False
1903,34,0,5.897639388081707,40,3,1,0,2.0,32.384766831175774,13.03309395943783,True,False,False
1904,32,1,3.510695749781745,55,1,0,0,0.0,24.630229580255047,14.038548037228688,False,False,True
1905,30,1,3.799063033037987,46,1,1,1,0.0,23.714165310393305,10.378882740583954,False,False,True
1906,70,0,2.297510342362445,24,4,1,0,0.0,22.95949396576301,15.188461776967236,False,True,False
1907,35,0,2.2410544817311893,65,2,1,1,0.0,29.60221527275948,17.058489067397183,True,False,False
1908,50,1,1.014410687941259,49,1,0,0,0.0,27.16367604836975,12.200735648041382,False,True,False
1909,59,1,2.7279275520771105,34,2,2,0,2.0,32.79908574521191,13.358613884111405,True,False,False
1910,30,1,3.0312520695138723,51,4,2,1,0.0,26.68502386202501,19.738193252101425,False,True,False
1911,24,0,9.341260381990365,58,4,1,0,0.0,28.01422548087717,19.618523853052235,False,True,False
1912,27,0,4.725709286356487,78,4,0,0,0.0,23.74882720064184,24.13708236552912,False,True,False
1913,79,1,3.9020482873958464,52,4,0,1,0.0,20.79055431498904,21.22888408012686,True,False,False
1914,45,0,6.312808094416855,83,4,2,0,2.0,20.33863157633036,31.40105961007439,True,False,False
1915,24,1,4.72280108254929,17,3,1,0,0.0,22.41056729178386,8.10762409481316,True,False,False
1916,70,1,5.557241309198596,113,3,2,0,2.0,30.91617549477282,29.33427120297696,True,False,False
1917,78,1,3.0067703920898388,74,3,2,0,0.0,25.778323497373474,21.27653642599828,False,False,True
1918,61,1,5.557241309198596,36,4,0,0,0.0,26.661010214381733,14.873762739053715,False,True,False
1919,43,0,4.125588995374072,37,4,1,0,0.0,28.923249694140345,13.79799853294615,False,True,False
1920,21,0,9.310462011916512,6,2,1,1,0.0,31.70278719465992,4.462702536346379,False,False,True
1921,78,0,8.146545632944795,94,2,1,1,0.0,28.43791187738189,26.542451214158312,False,True,False
1922,63,0,2.8469807856466463,106,4,1,0,2.0,27.27386148709148,29.202425977683184,False,False,True
1923,38,0,6.535821586329895,15,1,1,1,0.0,18.75758919934856,7.167918124734782,False,False,True
1924,47,1,9.912390757560352,45,3,0,1,0.0,27.6570000933018,14.448245085509612,False,False,True
1925,33,1,6.481260502362242,99,1,1,1,0.0,22.31615340432556,22.96782887847364,True,False,False
1926,44,0,4.298112286778722,3,4,1,1,0.0,32.12727874985798,10.360779597436188,False,True,False
1927,28,0,8.227054274131012,61,2,2,1,2.0,25.441232821762423,23.468270798990293,False,False,True
1928,27,1,8.456000846989468,42,2,2,1,0.0,28.341380413232383,12.431828103246154,False,True,False
1929,24,0,3.652433621708219,31,2,2,1,0.0,20.905749705974145,13.876228170829892,False,True,False
1930,41,1,4.671663419851538,48,3,0,1,0.0,28.15739191929293,13.31448807286774,False,False,True
1931,40,0,1.7963820612911263,5,3,2,0,0.0,27.04432270014397,8.010769464823612,True,False,False
1932,42,0,7.817162710066198,28,1,1,1,2.0,22.46736864727964,13.174166938854576,True,False,False
1933,68,1,4.311126327576481,58,4,0,1,0.0,34.09074667588875,22.11534295955447,False,False,True
1934,50,1,2.2645657279773395,91,2,0,1,0.0,31.87121639744748,20.230793204163746,True,False,False
1935,68,0,8.654604867793601,8,4,0,0,0.0,26.1097274652124,14.64563508514895,False,True,False
1936,29,0,7.020583390614471,74,1,1,1,2.0,28.558851792381287,17.601873191863515,False,True,False
1937,40,0,1.8278605960372,8,4,1,0,2.0,29.66481826329906,9.047885308669429,True,False,False
1938,31,1,6.645853705221681,16,4,2,1,0.0,23.45937845796296,14.30012316512569,True,False,False
1939,77,0,5.338841669152429,14,4,2,0,0.0,29.07988555679959,15.244701263992738,False,False,True
1940,57,0,8.585085215025362,98,3,0,1,0.0,22.38614114263381,24.574743262330376,False,True,False
1941,70,1,6.655805460259056,52,1,0,1,2.0,24.00363562386668,17.457173291529458,False,False,True
1942,55,0,8.50940077290767,15,3,1,0,0.0,23.204077780709213,8.705514748412291,False,True,False
1943,22,0,1.2965308142097698,2,1,2,0,0.0,27.533210726746844,4.660873376792766,True,False,False
1944,66,1,5.5255875579917815,88,2,0,1,0.0,29.28445212573883,24.966134278392268,False,True,False
1945,23,0,4.069181550304305,17,3,2,0,2.0,31.79005095864235,6.53113956216002,False,False,True
1946,30,1,3.286318586027575,83,2,0,0,0.0,25.77149739571509,18.09134434898876,False,False,True
1947,59,0,4.802308755052691,73,2,1,0,0.0,34.79951076850202,20.18521814210784,True,False,False
1948,74,0,6.038161499617878,112,3,0,1,0.0,29.43805101577248,26.47225489865924,False,True,False
1949,53,1,2.1740626894925623,118,4,2,1,0.0,31.431154364423342,40.09890982106769,True,False,False
1950,79,0,8.9395005202393,56,4,2,0,2.0,20.389851506839754,27.653877292819804,True,False,False
1951,51,1,5.193495558369863,43,4,1,0,0.0,20.649278054875737,21.4203691942744,True,False,False
1952,72,0,7.580989988859216,20,3,2,1,0.0,27.73137142067787,10.643553353097213,False,True,False
1953,24,0,4.729906422714983,22,4,1,0,0.0,31.469930037931203,9.958276096542772,True,False,False
1954,48,1,5.557241309198596,41,2,1,0,2.0,29.03097591306828,13.274249323625249,True,False,False
1955,62,1,2.3897344990599314,99,4,2,1,0.0,34.820659670260895,34.230216124001174,False,True,False
1956,66,1,1.9936854790905365,57,3,0,0,0.0,30.2325528386186,16.02510926259949,True,False,False
1957,54,0,2.079040484303861,96,3,0,1,0.0,22.85089812145177,25.594509922815835,True,False,False
1958,45,1,6.5761140230079365,119,3,2,1,2.0,23.45986527043462,29.193374975344927,False,False,True
1959,41,0,2.1678601014663794,49,4,2,0,0.0,31.497364745332,24.26857157588973,True,False,False
1960,54,1,4.385812719656784,30,2,1,1,2.0,18.5086193415506,10.221942609532306,True,False,False
1961,39,0,1.2029429937707778,59,3,1,0,0.0,34.8169495477933,14.765227164569197,False,True,False
1962,72,1,9.483424304362725,28,3,0,0,0.0,22.33916283870916,9.285849335662808,False,False,True
1963,44,1,4.231006912713374,12,4,1,0,2.0,26.18605897014975,11.584013352112954,False,True,False
1964,54,0,9.550622397460655,111,4,0,1,0.0,29.96901336785421,30.982447036913253,False,True,False
1965,54,1,4.066001387395701,8,4,1,0,2.0,26.986035912381407,10.757507327961587,False,True,False
1966,42,1,6.121602984178806,12,4,2,0,0.0,25.044877233876555,14.542560445009851,False,True,False
1967,41,0,2.1246090947561624,80,3,1,0,0.0,21.61499678914709,21.45276949579793,True,False,False
1968,25,0,3.500802101295047,55,4,0,0,0.0,24.57227656757728,16.525311998841147,False,True,False
1970,41,0,4.05844322206104,50,1,0,0,0.0,34.27034964195113,12.237717282859023,False,True,False
1971,65,1,2.7059995768324643,66,4,0,1,0.0,30.656055762933253,23.754958434912467,True,False,False
1972,32,1,1.1332797501936265,46,3,1,0,0.0,19.08082402713888,11.159723495293962,True,False,False
1973,66,0,3.66858550127918,7,2,1,0,0.0,19.98968670599941,3.66460234386967,True,False,False
1974,51,0,2.385669147998535,65,1,0,1,2.0,18.523139069157416,15.22534685019308,False,False,True
1975,51,1,8.412933258855766,32,3,1,1,0.0,21.445139911291,9.602345713481194,False,False,True
1976,38,0,9.308518405787614,98,4,2,0,2.0,20.75288157607209,33.59598306397528,True,False,False
1977,75,1,8.267999958993709,74,3,2,0,2.0,27.442933821195385,26.467064203646977,False,False,True
1978,39,1,1.133820769109677,7,3,1,0,0.0,27.53205199190072,8.51860301246513,True,False,False
1979,54,0,2.135526311338631,86,3,2,0,2.0,24.55746830171492,22.746394026315755,False,False,True
1980,30,1,3.4800100310910587,113,1,0,1,0.0,26.16059783289306,24.94696272550297,False,False,True
1981,70,1,3.682518146153286,68,1,2,0,0.0,34.169351814210685,22.50857438708257,True,False,False
1982,27,0,5.118119629065745,2,1,1,0,0.0,23.58420554593425,3.0850818800484445,False,True,False
1983,72,1,9.030141239842958,76,2,0,0,0.0,24.795357000680777,20.205627491495605,False,False,True
1984,57,1,1.2798515974875042,68,3,2,0,0.0,29.86518164739544,22.85180559047125,False,True,False
1985,46,1,5.238287437758719,97,1,1,1,0.0,24.34552040524488,23.737700600941096,False,True,False
1986,50,1,2.3631186016037304,1,3,1,0,0.0,20.92771397238577,2.2536645029099525,False,False,True
1987,50,1,3.3330293843064243,65,1,2,1,2.0,33.72652375929708,22.23108921620125,True,False,False
1988,75,1,7.745647736411026,63,4,1,0,0.0,26.11292675774021,25.19963538904034,False,True,False
1989,76,0,3.5470057188616995,70,3,0,0,2.0,19.397298960492908,23.958776295297188,True,False,False
1990,65,1,5.330693363275922,79,4,2,1,0.0,20.36830224697588,26.793074908796136,False,True,False
1991,47,1,6.929075059128216,34,3,2,1,2.0,22.395636635147373,13.612926492972274,False,False,True
1992,72,1,7.206721677236089,55,3,2,0,0.0,26.68502386202501,22.644245835770818,True,False,False
1993,73,1,3.474724298076541,87,4,1,0,0.0,22.185271370154013,26.3565099668968,False,False,True
1994,76,1,8.076540765612027,6,3,0,1,0.0,30.273161522803548,14.592302477669056,True,False,False
1995,23,0,8.922231950280073,113,3,0,1,0.0,26.68502386202501,27.187882142967904,False,True,False
1996,76,1,8.609960759472097,117,1,2,0,2.0,25.05710803769672,29.20700818643792,False,True,False
1997,62,0,4.906587350778661,31,4,0,1,2.0,25.26953550632636,15.275393994230347,False,False,True
1998,51,0,3.021035223420068,66,4,0,0,0.0,24.935917922614507,20.943463363851816,False,True,False
1999,32,1,8.125445508258442,56,3,0,0,0.0,19.329263163195755,14.22656235037076,False,False,True
2000,44,0,5.883179072820221,19,1,2,0,0.0,26.68502386202501,10.348065398520896,False,True,False
2001,68,1,3.308683845932271,15,1,0,0,0.0,30.863260935925105,10.233787732500923,True,False,False
2003,58,0,4.8411133497452745,76,3,0,1,0.0,22.5801158355782,20.22002184799735,False,False,True
2004,51,1,3.312080254401069,29,2,0,0,0.0,30.10540222280219,11.158452454924024,False,True,False
2005,61,1,3.3921947973580533,64,3,0,1,0.0,26.20299807452524,12.970562950980923,False,True,False
2006,54,0,5.127921635431333,15,4,1,0,0.0,21.945445811378253,12.766278151969106,False,False,True
2007,47,1,3.716552082227639,99,2,2,1,0.0,21.648586987360844,29.14657867555848,False,False,True
2008,32,1,5.389469814838325,4,2,1,0,2.0,25.59122982900603,3.7590940204670455,True,False,False
2009,36,1,9.105908956915597,64,2,2,1,2.0,27.075418363402008,18.15995749030309,False,False,True
2010,37,0,7.438925829488864,107,2,0,0,0.0,33.288332797465266,24.95103617680616,False,True,False
2011,74,0,2.004737007890668,89,4,2,0,2.0,31.09595712836058,30.56838201731572,False,False,True
2012,79,1,1.3296672783893746,91,4,2,1,0.0,22.861514085103742,30.86184154170176,False,True,False
2013,32,1,4.82495716377877,53,4,1,1,2.0,19.448780721087463,16.10172347778912,False,False,True
2014,65,0,9.715881483032229,6,4,2,0,2.0,32.57418850611316,13.34285400375562,False,False,True
2015,40,0,9.098715536642755,88,3,1,0,0.0,20.38199623176671,23.267898337449736,True,False,False
2016,21,0,7.207314781281609,79,1,1,0,0.0,27.64683282851218,18.762113508232964,False,False,True
2017,58,1,4.0590623904565,34,1,0,1,2.0,30.02807983947373,9.701940468571886,True,False,False
2018,22,1,8.72868156861977,74,4,1,1,0.0,23.994266074508083,22.406805513169687,False,True,False
2019,28,1,1.6390097155485122,33,1,0,1,0.0,29.2403996405236,9.374114388719184,False,False,True
2020,69,1,6.934376686775436,33,2,2,0,0.0,32.91224851081488,13.303599880531534,False,False,True
2021,44,1,8.348084700405025,36,1,2,0,0.0,27.049744759089457,14.56650981001229,False,True,False
2022,42,1,7.605058338096339,112,3,1,1,2.0,19.79300154160985,25.985011252917246,True,False,False
2024,37,0,9.195787142510907,24,1,1,0,2.0,21.58648538928628,10.796356332525756,False,True,False
2025,50,0,3.866224830420749,20,4,2,1,0.0,26.68502386202501,15.81142815743249,False,False,True
2026,66,0,2.811253280960526,30,4,0,1,0.0,29.06283543623473,15.577963704187011,False,False,True
2027,71,1,8.368721293457725,12,2,2,0,0.0,26.94387875848637,11.82392278833534,False,False,True
2028,68,0,2.20188780554996,49,3,1,0,2.0,27.245386185788053,12.57400731830527,False,True,False
2029,30,1,8.403726444014985,31,3,2,1,0.0,22.424335925468,17.984268006238917,True,False,False
2030,42,0,7.995992626739739,46,2,1,1,0.0,26.939216956710744,16.59627343241325,True,False,False
2031,44,0,9.549090854478846,5,1,2,0,0.0,31.23341969269883,7.370326790467826,False,True,False
2032,63,1,5.547038300215066,83,2,1,0,2.0,34.09899836901625,24.03549391831628,False,True,False
2033,72,0,2.03966110096284,24,1,0,0,2.0,19.433605623091644,12.522372535272618,True,False,False
2034,63,1,8.551442512714218,40,3,1,0,2.0,26.41883714179597,14.486659420526085,True,False,False
2035,24,1,8.13621226794983,98,1,2,1,2.0,20.36527737996795,26.868534587736747,True,False,False
2036,32,1,8.016188039751427,21,1,1,1,0.0,27.2706437074731,3.9005581972141306,False,True,False
2037,50,0,3.167902573349344,118,4,1,1,0.0,22.14570868587452,34.48733815143366,True,False,False
2038,47,0,4.1517046515776,69,2,2,0,0.0,18.503352225707605,20.3388409845174,False,True,False
2039,42,0,8.498724938069085,19,3,0,1,0.0,34.14815980471388,8.062317117110014,True,False,False
2040,27,1,5.543873335857763,84,1,0,1,0.0,20.44393866117133,22.6677242402644,True,False,False
2041,37,1,5.5352172284254,96,3,2,1,2.0,26.811198712255667,28.363746749629684,True,False,False
2042,46,0,2.734219852236712,118,3,1,0,2.0,22.06189868013015,27.72512630315063,False,True,False
2043,65,0,8.281294295565989,69,2,2,0,2.0,20.626340377081608,27.53401440986,True,False,False
2044,50,0,1.882048733838476,59,2,1,1,2.0,34.03363923773296,17.655536742553082,True,False,False
2045,41,1,9.78012517020474,112,2,1,1,2.0,24.025838996149183,27.33181116999176,False,True,False
2046,47,0,2.3220474752163947,60,3,2,1,0.0,30.38265731925813,20.60254424035045,False,False,True
2047,37,1,3.097401654401852,88,3,0,0,0.0,20.098744662727285,20.8187714251661,True,False,False
2048,27,0,5.314742187643917,19,1,0,0,2.0,31.407863615500624,6.244671053511881,False,True,False
2049,30,1,6.224673490087332,62,1,1,1,0.0,26.028198474444206,10.696184616974165,False,False,True
2050,60,1,7.771978058032478,62,3,2,0,0.0,25.075715976463965,22.55556780449695,False,True,False
2051,48,0,5.518113619597754,84,1,0,0,0.0,19.674170382240373,21.33631581171897,False,False,True
2052,38,0,1.313922752380249,23,1,0,0,0.0,26.89688533954429,5.516401610215181,False,False,True
2053,42,1,6.892936422418795,44,3,1,1,0.0,31.0364544822906,12.840821685097168,False,False,True
2054,30,0,5.466732431378288,108,2,2,1,0.0,24.948137480207087,30.94092896977035,False,False,True
2055,63,1,3.3674636261074355,103,2,2,0,0.0,20.361171827038834,32.88907574793371,False,False,True
2056,50,1,8.937129562871135,60,3,2,1,2.0,24.16864513934676,21.9364087726806,False,False,True
2057,65,0,8.186358186373829,94,4,0,1,0.0,34.5411635211493,30.98164777952797,True,False,False
2058,33,0,6.664813400053904,39,3,1,0,0.0,23.305099352093777,10.576905017443046,False,False,True
2059,54,1,4.36167697808567,49,2,0,1,0.0,31.322778773222584,16.350056502280676,False,True,False
2060,66,0,7.912665872295579,45,3,0,0,0.0,23.24563677535909,17.44465843475141,False,False,True
2061,65,1,6.725969458024103,97,1,1,0,0.0,27.049677745973003,25.676193757210367,False,True,False
2062,62,1,2.180090885648499,108,2,2,0,0.0,25.30212703934336,25.47213464017465,False,False,True
2063,50,1,7.3287980629793825,65,1,2,0,0.0,26.93251546885749,25.167518905696102,False,True,False
2064,21,0,4.326788058602693,82,1,0,0,0.0,28.624594295048,16.495328907506895,False,True,False
2065,66,1,6.8162726589147145,61,1,2,1,2.0,19.566707551049504,23.942931417573167,True,False,False
2066,69,1,2.952489028666024,12,3,2,0,0.0,24.05930747447457,8.343002042102711,False,True,False
2067,50,0,4.111572269736981,13,2,0,0,0.0,27.37101086512149,7.984865922444769,True,False,False
2068,45,0,8.577749068365662,110,3,1,0,2.0,24.17509214858292,26.77987086785016,True,False,False
2069,50,0,2.0476028604733827,15,4,1,1,2.0,30.343360055503275,13.29107893512594,True,False,False
2070,73,0,6.138924141933806,20,3,1,0,0.0,26.0797115379239,7.817549946342021,False,True,False
2071,74,1,9.994026519851538,71,3,0,1,2.0,31.173254306165447,20.20396182913798,False,True,False
2072,20,0,4.922635235622474,44,2,1,0,2.0,24.98404101897279,12.187090949245352,False,False,True
2073,68,1,6.692249821703297,38,1,1,0,0.0,21.969513304835008,11.878429907340331,False,True,False
2074,48,0,5.219370622137172,2,2,0,1,0.0,28.954120083832727,0.2377766410504787,False,True,False
2075,24,0,1.0123118592718312,74,4,2,1,2.0,20.918560502193014,29.063471958346195,True,False,False
2076,47,0,7.924929954409866,26,4,2,1,0.0,32.814788755937656,23.486632330285413,True,False,False
2077,47,0,6.759607466031134,41,1,0,1,0.0,23.08445776379094,14.493088770108535,True,False,False
2078,74,1,5.557241309198596,100,3,1,1,2.0,19.98524996752367,23.83869559338125,False,True,False
2079,45,0,5.557241309198596,38,4,2,0,2.0,28.62526863782786,18.43364101017624,False,False,True
2080,60,0,3.914657979013029,87,3,0,0,0.0,30.54936751394972,20.501750680784948,False,True,False
2081,66,1,5.1612560573296,115,4,2,0,0.0,28.706402448607896,33.54951131757274,True,False,False
2082,79,0,6.036551700802515,9,3,1,0,2.0,20.787983081494435,7.425453257785717,False,False,True
2083,64,0,1.171893518575434,82,2,1,1,2.0,34.85977373582723,19.99358819158792,False,True,False
2084,25,0,4.87444225088359,118,2,2,0,0.0,19.05240894737777,29.517339665971623,True,False,False
2085,75,0,3.349257987641044,98,4,1,0,0.0,33.296811503605056,26.959529038140616,False,True,False
2086,69,1,3.5519320981868288,118,2,2,1,0.0,34.248245753236795,34.85592774722433,False,False,True
2087,21,0,6.247609159799293,84,2,0,0,0.0,31.771044388987555,20.433341324700503,False,True,False
2088,66,0,5.745877116398737,63,1,1,1,0.0,26.68502386202501,19.743167287059865,True,False,False
2089,67,1,1.5062202488365524,27,4,2,1,0.0,32.61572241378564,19.009200448878868,False,True,False
2090,30,1,4.040353389894076,96,3,0,0,0.0,26.048428780454643,25.8126579574378,False,True,False
2091,35,0,8.56996578044983,75,4,2,1,2.0,26.16259679604639,28.299379049908733,True,False,False
2092,63,1,3.4424936941308832,65,1,0,0,0.0,18.92457742586187,19.32469906694256,False,True,False
2093,78,0,5.474821632008978,4,4,2,0,0.0,22.62114053597813,19.506379440526715,True,False,False
2094,64,0,5.711874344713735,43,3,0,1,0.0,32.158587014782384,15.538836822615233,True,False,False
2095,54,0,6.508446593033379,75,2,0,0,0.0,21.89565982349292,18.853691475548324,False,True,False
2096,46,0,9.636347845249665,74,2,1,0,0.0,23.50429007206349,20.02561603737308,True,False,False
2097,60,1,6.31734287405957,26,4,2,0,2.0,20.7912377701317,22.11745418697324,True,False,False
2098,22,1,9.918875525470169,83,1,1,0,0.0,28.49256938195481,20.770849345150925,False,False,True
2099,25,1,7.594919514999121,105,2,2,1,0.0,19.498690588931936,26.901106862991007,False,False,True
2100,53,0,8.800876020622095,107,2,2,0,2.0,26.91350555940027,32.90276105870116,True,False,False
2101,70,0,9.796825375204794,108,4,1,0,0.0,33.621366200373025,27.97724938431304,False,True,False
2102,69,1,8.052004149781835,102,1,2,1,2.0,26.68502386202501,30.53043779136512,False,True,False
2103,63,0,6.074803287025899,110,3,2,0,0.0,21.4877355431344,32.00169131448213,False,True,False
2104,47,0,3.693235773341444,53,1,2,0,0.0,20.84832871403295,15.14479013152413,False,True,False
2105,32,1,7.358948220545442,72,2,2,0,0.0,24.75222052453285,24.64256078785047,True,False,False
2106,69,0,9.169137506972382,100,1,0,0,2.0,30.13334428477564,26.99478788809293,False,False,True
2107,35,0,5.843749345159627,106,1,1,1,2.0,22.73262586544905,27.06658669337785,True,False,False
2108,50,1,5.783373345740544,73,2,0,1,0.0,30.14348779233061,18.33780363840657,True,False,False
2109,56,0,5.557241309198596,118,3,0,0,0.0,20.31180929514143,28.671585354915955,True,False,False
2110,62,1,7.472903028704097,114,3,1,1,0.0,26.169017881716467,28.234263895113468,True,False,False
2111,30,1,7.023980608324651,70,4,0,1,2.0,26.63422588284524,23.82419607530521,True,False,False
2112,69,1,5.37067660628913,53,4,1,1,0.0,22.219143829394824,25.14642184393136,True,False,False
2113,79,1,9.529926238289336,117,1,1,1,2.0,34.780607494178184,32.54349237548957,True,False,False
2114,73,0,4.985651777276896,83,3,1,0,0.0,32.038819193983635,28.03535937668781,True,False,False
2115,45,0,4.7717897830386935,50,3,1,1,0.0,22.88963728419705,13.83893560714911,True,False,False
2116,36,0,4.893411933612345,6,4,0,0,0.0,28.210183656922844,11.425307980880564,True,False,False
2117,63,1,7.783913818405471,59,3,2,0,0.0,22.373012354435613,23.335017783144828,False,False,True
2118,36,1,5.431615832839022,54,4,2,1,0.0,22.49558769661717,21.64722282266587,True,False,False
2119,38,1,1.9604247399439183,110,4,0,1,0.0,29.51458566819279,29.79518299566568,False,False,True
2120,64,0,2.017476710510591,98,4,0,1,0.0,32.733740540994106,26.35258973767223,False,False,True
2121,32,0,1.426587201380476,67,3,0,0,0.0,34.79721042811372,15.396770743366275,False,True,False
2122,36,0,5.152610717430185,102,2,1,1,2.0,18.85883260555742,20.57700741745077,False,False,True
2123,73,0,2.6201624054572608,32,4,0,0,0.0,32.61386073569325,17.91605361858516,True,False,False
2124,46,1,3.00117717289283,97,4,2,1,0.0,34.864512682781964,31.85602649762233,False,False,True
2125,42,1,3.352575849043554,87,3,0,1,2.0,26.63748800916073,22.51571086988584,False,False,True
2126,43,0,6.478506479603947,73,4,2,1,2.0,23.34164126888088,26.01912374932476,False,False,True
2127,28,1,5.235326342216053,81,4,1,0,2.0,31.392750424563275,29.012325466596323,True,False,False
2128,46,1,3.2733558380722005,98,1,0,0,2.0,24.84613604644577,23.322609460962624,False,True,False
2129,28,1,7.479903079294519,68,4,0,0,2.0,26.3387520597756,24.33045397461161,False,False,True
2130,43,1,6.409820506566724,22,2,1,0,2.0,24.84203731168203,8.83076022461504,True,False,False
2131,27,0,6.475150418785108,44,2,0,1,0.0,33.095460909289834,8.10650948118736,False,True,False
2132,50,0,7.617260946761141,16,2,1,0,0.0,21.499648540824683,9.435032961836315,False,True,False
2133,65,1,9.734972633965914,91,2,1,0,0.0,32.04316067083148,25.969363685681795,True,False,False
2134,25,0,8.234738976239404,7,4,2,1,0.0,22.720706699692045,9.669890686543813,False,True,False
2135,51,1,8.591312522129627,4,3,1,0,0.0,33.38972343259543,6.270078264127773,False,True,False
2136,22,0,7.564739038538865,1,2,2,1,2.0,27.34262695555144,4.124113049730746,False,False,True
2137,66,0,8.637151686238415,69,2,2,1,0.0,34.935595743090374,25.59051909263072,True,False,False
2138,66,0,9.9977640708614,56,2,1,1,0.0,29.591223533361088,18.890741475602024,False,True,False
2139,73,1,5.894186453241471,117,2,1,1,2.0,25.381538472275,28.442073286667416,False,False,True
2140,38,0,7.216012138948499,112,4,1,0,0.0,31.856359794647204,29.61694072689995,False,False,True
2141,30,0,6.891095721012383,50,3,1,1,2.0,33.661695732482265,12.776812042345654,False,False,True
2142,71,1,2.731357830362222,13,1,1,0,0.0,27.27113888305473,8.755864881415773,False,True,False
2143,67,1,8.060550420665955,48,1,2,0,0.0,30.655285816201747,18.918405341208747,True,False,False
2144,68,1,5.567581850223983,93,2,0,0,0.0,20.98067490549935,26.246638341227595,True,False,False
2145,56,1,4.206353039136632,13,4,2,1,0.0,28.638848287333303,11.808748935230486,False,True,False
2146,34,0,3.1852134984364766,19,4,2,0,0.0,24.39878960271356,18.54741625383032,True,False,False
2147,45,0,1.7156774196684887,49,2,1,0,2.0,18.58708340753531,12.194109565651424,False,True,False
2148,58,1,4.811865195173573,21,2,0,0,0.0,34.73909111735843,11.3933004132466,True,False,False
2149,55,1,5.557241309198596,16,2,0,0,0.0,30.75601809125648,8.952810194658467,False,True,False
2150,53,1,3.7435435233064025,7,3,2,1,2.0,31.85392880191862,5.482843310617421,False,False,True
2151,53,0,8.998717642764777,108,4,0,1,0.0,33.11104237775638,34.39937765484513,False,False,True
2152,64,0,7.112425111692011,9,2,1,1,0.0,30.46186800483341,4.439916189224344,False,True,False
2153,75,0,5.557241309198596,67,1,2,0,2.0,24.121504469520453,27.952108053171106,True,False,False
2154,35,0,9.399025551872157,70,2,2,0,0.0,23.49106633112164,23.975700506785905,False,False,True
2155,22,1,8.866982062232474,97,4,2,0,2.0,26.97832084191805,33.56432017618971,True,False,False
2156,33,0,1.0533539380319032,59,1,2,1,0.0,25.14212900723156,17.823554691026246,False,True,False
2157,71,0,7.129451005574008,18,4,2,1,0.0,26.66090696040493,20.1335244735836,True,False,False
2158,51,1,7.867545433867376,110,1,0,1,0.0,20.8111061964849,27.595360177440952,False,False,True
2159,54,0,3.3450036938780405,104,2,2,0,2.0,18.636310569396656,24.63599431023425,False,False,True
2160,49,0,5.99224317082352,90,3,2,0,0.0,23.643169129900336,24.379661999176875,False,False,True
2161,78,1,2.093182938164148,68,2,1,1,0.0,26.315538709281064,21.549757593621155,True,False,False
2162,21,0,1.47377901364445,37,3,2,1,0.0,21.313553330280417,14.94820615407624,False,True,False
2163,50,1,3.307650337074555,29,4,1,1,0.0,32.83245760557111,15.48629755010102,True,False,False
2164,43,1,1.3086251047948814,10,3,0,1,2.0,26.487027550081336,6.796280681052538,False,False,True
2165,52,1,8.624945509840135,112,3,0,0,0.0,29.766140216037925,28.41672501788944,False,False,True
2166,77,0,7.540034223323913,83,1,2,1,0.0,24.804861711361244,25.58274359933046,False,True,False
2167,45,1,1.676106191390583,28,3,0,1,0.0,26.2844235643858,9.468111276635485,True,False,False
2168,33,1,6.343188574033186,58,4,2,0,0.0,26.66846001719857,23.70725691439493,False,True,False
2169,70,0,9.105994756977656,101,3,2,1,0.0,34.140916049934404,31.5313315003618,True,False,False
2170,47,0,9.374763409066167,53,3,1,0,0.0,26.788246391026075,16.083812931143978,True,False,False
2171,73,0,7.9837916483371805,44,3,0,1,0.0,32.29586999731375,14.460872700015251,False,True,False
2172,20,0,7.085416001081008,113,3,0,1,0.0,24.37320981786816,24.233552251620747,True,False,False
2173,68,0,2.6253658711425127,16,4,0,0,0.0,25.57642810878661,11.372110348008771,False,False,True
2174,50,0,4.073734678792274,87,4,0,1,2.0,20.74412309653801,25.65953128625121,False,True,False
2175,73,1,1.166933761519667,32,4,2,1,2.0,23.404571321291595,19.02889118600921,False,False,True
2176,43,0,9.037012261568474,50,2,2,1,0.0,21.53874857587501,17.12194196870939,False,True,False
2177,24,1,1.8930600647440887,55,4,0,0,2.0,19.127022238297805,18.681627008524107,True,False,False
2178,64,0,1.7647285368902437,51,1,1,1,0.0,30.95148580312345,15.27380042752466,True,False,False
2179,30,1,4.95017866185615,54,3,1,0,2.0,27.80842132819144,16.259772891747094,True,False,False
2180,67,0,7.267261892797275,92,1,2,1,0.0,22.22878695364798,26.697287107759674,False,True,False
2181,27,1,6.01059076983296,58,2,2,0,0.0,20.66115014120094,16.769381537129554,True,False,False
2182,22,1,1.2175331692015314,80,4,0,1,0.0,21.601302342158707,21.669506137661653,False,True,False
2183,55,0,9.320448544966476,22,2,0,1,2.0,28.267033635732687,9.437809533443506,False,False,True
2184,32,1,6.782786518054297,97,3,2,1,0.0,33.181318880497365,28.09975389281362,True,False,False
2185,26,0,3.568252473980692,20,1,0,0,0.0,21.41977252676192,10.30810520333403,False,True,False
2186,74,1,7.011757547399663,25,4,1,1,2.0,28.463870751258263,16.752527185317252,False,False,True
2187,51,1,1.5330097485694671,102,2,2,1,2.0,19.48392895928046,30.114009595972853,True,False,False
2188,27,0,8.751100706980637,18,3,0,0,2.0,21.40148679470573,8.992802263023519,False,True,False
2189,61,0,1.5619984747653173,16,3,0,0,0.0,30.19186839724191,6.526089577130007,False,True,False
2190,63,1,7.934333078071268,109,4,0,1,0.0,21.586443485785384,34.25913647969999,False,True,False
2191,34,1,3.542488539588681,13,2,0,1,2.0,31.803718578289864,4.452146727458064,False,False,True
2192,75,1,9.628791545934131,15,4,2,0,0.0,26.68502386202501,14.51150756616795,False,True,False
2193,76,1,7.739447172435887,68,4,0,0,0.0,25.495165082550923,18.89526097438432,False,False,True
2194,60,1,2.787855874130252,6,3,0,1,0.0,22.107961187320925,6.025658217327566,True,False,False
2195,54,1,4.737352938155385,35,3,2,0,0.0,23.04453206904318,11.960828578389108,False,False,True
2196,21,0,2.970731143952212,108,4,2,1,2.0,19.41219783938473,33.53619733019799,False,True,False
2197,71,0,5.441777472093588,15,3,2,0,0.0,34.46080687062438,10.97272745314254,False,True,False
2198,37,0,6.057832074637413,34,2,2,0,0.0,24.197306873350872,11.569067652804716,False,True,False
2199,64,0,8.497055936809776,114,1,1,1,0.0,30.78322186906369,25.12614909185854,False,True,False
2200,68,0,5.46980691150554,88,2,1,0,2.0,25.135596387479747,21.774843612476644,False,False,True
2201,25,0,1.5540100983999934,33,4,1,0,0.0,23.48203700946799,10.51619661490748,False,False,True
2202,47,0,7.65571990840502,22,4,1,1,0.0,19.89449203615421,19.0193850979472,True,False,False
2203,45,0,1.4924275735027597,55,1,0,0,0.0,32.90199318757031,14.875994975290862,False,False,True
2204,39,0,7.895095762106172,53,3,1,1,0.0,19.136360551031448,13.700259641273746,False,False,True
2205,75,1,4.468789897568907,85,4,2,1,2.0,25.48528314682549,28.25687154066531,False,False,True
2206,69,0,1.911386628886687,18,4,1,1,0.0,34.9983447909878,12.490714194304434,False,True,False
2207,60,1,1.7165462619469398,86,2,2,0,2.0,25.56046515982054,24.66066914124593,True,False,False
2208,37,0,7.281746118312522,41,2,0,1,0.0,32.682794571353554,11.620082940499245,False,False,True
2209,29,1,4.544961714474553,64,2,2,1,0.0,27.532607966875062,19.25813797855828,False,True,False
2210,21,1,3.662404467236768,56,2,2,1,0.0,21.793257154956464,14.70024384245784,True,False,False
2211,60,0,8.264898967828756,17,3,2,0,0.0,23.14453842348577,13.077454248833886,False,True,False
2212,60,0,6.215035773238208,80,3,1,1,0.0,31.70312080063374,21.39691808350843,False,True,False
2213,23,1,7.737082466082642,64,4,2,0,0.0,32.62148840020275,25.19927398290007,False,True,False
2214,79,0,4.492888618097415,107,3,1,1,2.0,20.94278996890703,26.97751036257756,False,True,False
2215,43,0,4.656241863792143,74,1,2,0,0.0,33.64834852044749,21.97355598539895,True,False,False
2216,78,1,9.775620303388452,54,1,0,1,0.0,25.16283003556236,16.08463712857158,False,True,False
2217,60,1,3.3283456329185803,65,4,2,0,2.0,18.7027123282398,27.287729660329298,True,False,False
2218,22,1,3.107791538092812,110,2,0,1,2.0,28.76246312795625,21.551432862510563,True,False,False
2219,66,0,3.8921599017074913,90,1,1,0,2.0,32.9875693457455,27.487825320130224,True,False,False
2220,52,1,8.91457293975296,9,2,1,0,0.0,24.54683699139293,5.1914622139473945,False,False,True
2221,79,0,7.363864685450004,79,1,1,0,2.0,29.56141074127344,21.52383895357548,False,False,True
2222,45,0,8.65339227369735,52,4,0,1,0.0,24.97540253856781,22.60982556537156,True,False,False
2223,77,1,1.1352028778250969,38,3,0,1,0.0,33.633391810581585,13.85208976041954,True,False,False
2224,67,0,7.370926257128818,119,2,2,0,0.0,27.791629578851328,34.268860561027125,False,True,False
2225,24,1,5.336230982850473,71,4,1,1,0.0,22.920759449818725,21.42694278957368,True,False,False
2226,64,0,5.14105464882993,34,2,1,0,0.0,26.61843438928057,10.914575764890063,False,False,True
2227,53,1,6.344846252047514,88,2,2,1,2.0,27.07486584587022,27.82163883021615,False,True,False
2228,51,0,5.73264672637432,24,2,1,0,0.0,19.77643294302501,9.03278734905152,False,False,True
2229,79,0,2.1765386491054715,63,1,2,1,0.0,28.5062356756887,18.131618371742608,False,True,False
2230,36,0,5.7042753817453296,72,2,1,1,0.0,25.4219733297434,21.103478020492208,False,False,True
2231,31,1,1.0485868796530968,71,1,1,0,0.0,21.626701464256936,18.453765315488216,True,False,False
2232,73,1,6.218508144529814,11,3,2,0,0.0,34.804617019621446,9.54018378787569,False,True,False
2233,26,0,7.078639934217645,36,2,2,1,0.0,34.54638816632024,13.37592007437063,False,True,False
2234,47,0,3.30535796656374,87,2,1,0,0.0,21.19822390295816,19.43544708996272,False,False,True
2235,23,1,6.868538883951623,77,1,2,1,0.0,34.55040321049786,20.62056107092417,False,False,True
2236,40,1,2.523986716662474,92,3,1,0,2.0,19.18663958848696,23.462901959998348,False,False,True
2237,59,0,9.686266306639174,35,2,1,1,2.0,18.82795502707529,12.105058936128051,False,False,True
2238,29,0,1.0318296133290217,51,3,2,0,0.0,29.30768140237384,12.875580090909304,False,False,True
2239,50,0,1.260825312249786,51,1,2,1,2.0,20.164366874696825,22.155264618739217,False,False,True
2240,50,0,3.132822865500862,23,4,0,0,0.0,23.438665615578863,14.102335938135967,False,False,True
2241,54,0,7.176249422717565,98,4,2,0,0.0,26.68502386202501,31.30134441532113,True,False,False
2242,69,1,8.29016000241637,19,1,2,0,0.0,19.449306788476125,15.38367952810158,True,False,False
2243,22,0,1.1775888610156475,1,4,2,0,0.0,22.38981667986652,8.088628071043596,False,False,True
2244,68,1,5.557241309198596,113,4,2,1,0.0,30.59750511401593,35.42866891359298,False,True,False
2245,65,1,1.3230347607003918,91,2,2,0,0.0,27.81513574738913,25.401685537608262,True,False,False
2246,34,1,7.494188734765242,19,1,1,1,2.0,29.96490562805095,10.807927880149446,True,False,False
2247,45,1,8.10755435627166,41,4,0,0,2.0,24.65372542114161,17.84359306867857,True,False,False
2248,33,1,4.527709662470167,22,3,1,0,0.0,21.292265173582127,7.734612275488313,False,True,False
2249,50,1,4.926200035278856,103,3,1,0,0.0,33.16857996017308,23.498018488490526,True,False,False
2250,27,1,2.57682126631636,48,1,2,1,0.0,27.89741596639789,12.320236270814574,True,False,False
2251,50,1,1.152292091184488,51,3,2,1,2.0,24.10855018516198,17.450901903911824,False,True,False
2252,48,0,7.135523653711079,5,1,0,0,0.0,26.68502386202501,8.230295818897922,True,False,False
2253,44,0,8.801097383352177,94,4,0,0,2.0,34.563134521094696,30.46764185123521,True,False,False
2254,77,1,9.235750000222671,88,2,2,0,0.0,21.424702176725344,28.297797290736675,False,True,False
2255,21,1,6.437849318769738,62,4,1,1,0.0,19.120203510922625,22.31626337250524,False,False,True
2256,23,0,3.29869378766659,37,2,0,0,0.0,31.763316167131435,7.821142302484265,False,True,False
2257,29,1,1.351708174017597,52,3,1,0,0.0,26.99943738015288,11.272176954071575,False,True,False
2258,57,0,8.284325899932512,7,3,1,1,0.0,32.775312812524454,8.937951431561695,False,True,False
2259,20,0,4.976641310299593,13,4,0,1,0.0,30.0073050845166,11.795355348990944,True,False,False
2260,77,0,7.339649897463175,54,4,2,1,0.0,20.887889050499293,25.70570316186149,False,False,True
2261,62,0,2.1576165439527286,1,2,2,1,0.0,29.42097829088199,5.82551265011038,False,True,False
2262,45,0,8.745415748742616,87,4,0,1,2.0,21.97380127999459,29.035401632013905,False,True,False
2263,66,1,6.380162494505496,55,1,1,1,0.0,34.13221992253203,19.01464985546246,True,False,False
2264,54,0,8.360095875304776,21,1,1,1,0.0,27.46762980061579,6.714557585337881,False,True,False
2265,69,0,9.648137387160634,4,3,1,0,0.0,26.68502386202501,8.112821024318476,False,True,False
2267,21,1,9.075189926724777,107,4,0,0,0.0,24.31388528309916,28.29277301052809,False,True,False
2268,32,1,1.9740398208899368,113,4,1,0,0.0,19.561051888386,31.07469225090836,False,False,True
2269,64,1,6.669284536551336,104,2,1,1,0.0,24.85061969855852,26.922499123127817,False,False,True
2270,57,0,3.2130814017383296,13,3,2,0,0.0,33.63722893758324,8.929554322082016,False,False,True
2271,34,1,5.470514434883604,79,1,0,0,2.0,21.74644022761418,17.53073207460795,False,True,False
2272,61,1,2.3059966193344463,24,3,0,1,0.0,19.361903181327826,5.87744232100501,False,True,False
2273,79,0,5.918644405155071,46,1,1,0,2.0,33.790491076894924,15.429960139623317,False,False,True
2274,77,0,8.214575373838302,49,2,0,1,0.0,33.8061553404197,18.071198983125825,False,True,False
2275,61,0,4.043291844017766,111,4,1,1,2.0,34.926898753831615,28.75610767347782,False,False,True
2276,78,0,3.1831948260814293,40,4,2,1,2.0,32.37190121892428,18.273551851639933,False,False,True
2277,49,1,7.673655270942913,107,2,0,1,0.0,34.94521569603731,29.295907947037776,False,False,True
2278,34,0,7.545416234071906,69,3,2,0,0.0,29.66043976632845,25.071317328835224,True,False,False
2279,31,0,6.998732486068453,21,4,2,0,0.0,33.691533900714724,18.012175549113394,False,False,True
2280,64,1,6.322165336478886,118,1,1,0,2.0,30.04242988088451,28.486148524163053,False,False,True
2281,73,0,8.935414043187674,92,2,2,0,0.0,20.26950081440856,32.1721189112817,True,False,False
2282,33,1,6.047311075997654,98,3,0,1,0.0,31.25867511408324,27.615759542442675,True,False,False
2283,53,1,6.7287727847258525,78,4,1,0,0.0,32.399092530438914,24.80208433413155,True,False,False
2284,44,0,1.720164427819114,90,1,1,0,2.0,27.59951729278551,22.3186660091844,True,False,False
2285,52,1,6.324393906250657,116,3,1,0,0.0,33.20385006608259,27.19944691729088,True,False,False
2286,75,0,2.2262681265074367,105,1,0,1,2.0,31.092949687407547,25.583283594647387,False,True,False
2287,37,0,5.557241309198596,38,2,0,1,0.0,23.30519385082154,9.341575308567371,False,True,False
2288,77,1,1.7617834649102622,37,4,1,0,2.0,26.81765489926428,15.44347794782223,False,True,False
2289,59,1,8.881862849732398,62,3,0,0,0.0,23.269708393971506,20.96220869170336,True,False,False
2290,25,1,6.707159297801226,43,4,0,1,0.0,30.867974351104635,18.480488570906427,False,True,False
2291,50,1,7.226621919513714,84,2,2,0,2.0,25.29382179170598,25.256820467207323,True,False,False
2292,61,0,2.6259642901216846,4,4,2,0,2.0,19.599774366821176,8.932171442428013,False,True,False
2293,66,1,3.228569984790151,93,4,1,1,0.0,19.56546340077037,25.049282000668253,False,True,False
2294,41,1,5.528612503462101,73,3,1,1,0.0,19.73091620822936,19.887741143559133,True,False,False
2295,56,1,8.855472107379882,84,3,0,1,0.0,18.725722864298856,23.02454409275866,False,True,False
2296,47,0,8.038308428964271,8,1,2,1,0.0,25.050999264412503,10.558337263630046,False,True,False
2297,21,0,5.557241309198596,32,3,0,0,0.0,26.68502386202501,10.794323642666322,True,False,False
2298,55,0,1.4163572560599995,14,1,0,0,0.0,23.96235294419275,9.07753612741656,False,True,False
2299,52,0,1.5966116870189522,110,1,2,1,0.0,19.07364354484644,28.247905688701447,False,True,False
2300,69,0,8.983958612668033,21,1,1,1,2.0,32.54234787375884,13.51734759541549,True,False,False
2301,71,0,1.9736757539203489,40,2,0,0,0.0,23.61916368148922,13.422716806288609,False,True,False
2302,36,0,7.830961862416549,100,3,1,1,0.0,27.20325140389951,26.25071013053882,False,True,False
2303,43,0,5.982806961993114,7,2,2,1,0.0,28.65444383986513,10.044165755236415,False,False,True
2304,53,1,4.891203929320882,61,2,0,1,0.0,24.079338201116386,18.29041269320334,False,True,False
2305,35,1,9.731689518756452,115,4,0,1,2.0,28.679753280699288,34.247251892170816,True,False,False
2306,22,0,7.491321171404422,10,4,2,0,2.0,27.606191443438423,9.89638241468502,True,False,False
2307,46,1,7.61365468449641,77,3,0,0,0.0,28.841700971848,18.550965896472416,False,False,True
2308,36,1,2.460453153031672,87,4,2,1,0.0,31.83987103991907,27.910161036257392,False,False,True
2309,45,0,5.5316216016819695,74,4,0,0,0.0,34.3992128658346,24.052874778425863,False,False,True
2310,79,0,8.996799596720365,26,1,0,0,2.0,21.57593735501622,12.776176498852356,False,False,True
2311,66,0,9.22416633483966,106,4,1,1,0.0,29.37126860720141,28.717719555202315,True,False,False
2312,59,1,9.524522725351837,114,4,1,1,0.0,22.51038260962333,35.33754490487863,False,True,False
2313,61,0,5.310735053081243,74,1,2,1,2.0,26.68502386202501,25.07729651040897,False,True,False
2314,44,1,4.069924424222123,16,1,1,0,0.0,29.480432320984832,6.639214842321288,False,True,False
2315,32,1,7.59554503545174,94,3,1,1,0.0,22.14162761197934,22.25300262112911,False,True,False
2316,50,1,6.06260907221785,40,2,0,1,0.0,22.810249904050703,14.645552968032462,True,False,False
2317,22,0,5.470931018144472,109,2,0,0,0.0,26.63232165083385,23.05984125220887,False,True,False
2318,62,0,4.589393742316516,35,4,2,1,0.0,26.68502386202501,20.59626120917124,False,False,True
2319,42,0,2.7724013869678323,51,1,0,1,0.0,28.08493155620675,15.061045994226712,True,False,False
2320,79,1,7.284453341774919,79,4,2,1,0.0,27.584763219099173,31.122987117733224,True,False,False
2321,31,1,9.90267017378305,60,1,0,0,0.0,29.785394364580995,14.255463976512852,False,False,True
2322,35,1,2.558965430682105,95,3,1,1,2.0,24.853452619940875,22.57064380198313,False,False,True
2323,34,1,2.869935664957555,45,1,2,1,0.0,29.25940333641324,14.30539122130638,False,True,False
2324,77,0,3.2015140306257264,75,3,2,1,0.0,26.68502386202501,23.909958850947746,False,False,True
2325,27,0,5.557241309198596,63,4,1,0,2.0,22.751405807089835,21.23186958525296,False,False,True
2326,43,1,5.0028030838181134,65,4,2,1,2.0,31.94594070058204,23.34147714647371,False,False,True
2327,28,0,9.152887798865804,30,4,0,1,0.0,33.724201579980445,13.756421477891903,False,False,True
2328,32,0,7.95469730091771,77,4,0,1,0.0,20.14917374619382,20.541092951351025,False,False,True
2329,28,1,3.651429996464104,72,3,0,0,0.0,34.684577673679925,17.184491390881526,False,True,False
2330,28,0,8.18445696891675,54,3,1,0,0.0,25.48575216416911,9.98143730365556,False,False,True
2331,30,0,4.115575695755162,63,4,2,1,2.0,34.94310114016031,23.97399881647188,False,True,False
2332,70,1,7.699031585395301,11,4,2,0,2.0,19.29827913747884,18.318902613087463,True,False,False
2333,22,1,9.540422875013537,55,1,0,1,0.0,24.44297805617593,14.629261805211502,False,True,False
2334,46,0,6.608326306023612,30,2,0,1,0.0,27.45804577237596,10.324716203624316,False,False,True
2335,34,1,2.522123763797602,96,3,0,0,0.0,20.10128245526341,23.42589846879481,False,True,False
2336,65,0,4.208290037630087,26,3,2,1,0.0,18.94402541483388,12.554905634067596,False,False,True
2337,38,1,8.782803060434643,61,1,0,1,2.0,22.821580299617448,16.137396492641553,False,False,True
2338,27,0,7.723076496372634,119,3,2,1,2.0,26.68502386202501,34.216196660256415,False,False,True
2339,31,1,6.971518624647314,103,2,1,1,2.0,31.792145518074523,27.16722287133022,True,False,False
2340,42,1,1.0737848901786595,39,1,0,0,2.0,32.03002543466465,9.532273718963946,False,True,False
2342,60,0,6.039943043172022,15,3,2,0,2.0,31.59907088952628,13.193128033516478,True,False,False
2343,78,1,5.996437568111394,84,3,1,0,2.0,29.533212455120527,18.85802084152724,False,False,True
2344,58,0,7.584439064675215,5,1,0,1,2.0,30.13076554673221,8.434605587705958,True,False,False
2345,50,1,1.9982820778732584,75,4,2,1,2.0,34.14012169045675,31.101533074971464,False,False,True
2346,42,1,7.471300049108987,89,3,1,1,2.0,31.688240058069653,22.596426736481625,True,False,False
2347,68,1,9.36555134831334,99,1,2,0,2.0,23.99912308632799,31.809397293815184,False,True,False
2348,47,1,7.567934604163131,80,3,1,0,0.0,18.613282404082565,18.74833391193684,False,False,True
2349,74,1,8.537058053512606,37,3,2,1,0.0,30.184390595447454,15.835296809366552,False,True,False
2350,73,0,1.9186743228948813,1,3,0,0,2.0,30.862263563804586,4.8905503130702,True,False,False
2351,64,0,3.0931126683114574,17,4,2,1,0.0,23.123325517986103,22.07358149513328,True,False,False
2352,26,1,3.387817962962573,28,1,1,0,2.0,18.94269748861421,7.792423663753418,False,True,False
2353,29,0,3.864294975514788,1,1,2,0,2.0,19.34949010574921,7.619387071626246,False,True,False
2354,49,0,5.307253591894962,56,2,1,0,2.0,23.97866116592793,19.752459394802127,True,False,False
2355,70,0,2.2443880948918395,37,2,1,1,2.0,31.14609918973602,15.927254986571292,True,False,False
2356,31,1,6.483733470608566,100,1,0,1,0.0,33.96309851371805,25.627779265103,False,False,True
2357,29,0,9.386431507554578,102,2,1,0,2.0,33.70284023478153,25.259866244064472,False,False,True
2358,49,1,9.853586685973054,92,3,2,1,0.0,28.53511533906845,26.732108298156565,False,False,True
2359,68,0,2.5041917558222897,5,1,2,1,2.0,29.197098553952912,8.548748012545635,False,False,True
2360,55,0,2.373168018721409,58,3,1,1,2.0,20.1936442106987,17.20877106497557,True,False,False
2361,55,0,2.4031111918595216,1,1,0,1,0.0,31.75475471173931,2.81386545762798,False,True,False
2362,76,1,7.257325606798902,30,1,2,0,2.0,26.00443877642952,17.978400356338284,True,False,False
2363,21,0,3.0140054764387862,59,2,0,0,0.0,26.74398718257748,11.96329553519578,False,False,True
2364,70,0,3.5841865346842896,10,3,1,0,2.0,30.3943191067813,11.812130120715178,True,False,False
2365,67,1,9.76054862292439,1,4,0,0,0.0,32.61280940220657,11.171273544175916,True,False,False
2366,26,1,6.941070126965567,96,3,0,1,0.0,18.989900318905004,22.19760137535534,False,False,True
2367,78,0,7.503824818549616,7,1,0,1,0.0,26.179864173907674,8.107669618363921,False,True,False
2368,66,1,2.5745141232192683,28,4,0,1,2.0,26.68502386202501,18.060957539752696,True,False,False
2369,47,0,7.515902478121223,15,3,2,1,0.0,31.936460052969323,12.246715663163236,False,False,True
2370,53,1,1.7546114620403293,32,1,0,1,0.0,25.665364029291343,10.541574927958754,False,False,True
2371,48,0,3.9589685874333167,68,1,0,0,0.0,23.056258646623128,18.215501554754656,False,True,False
2372,36,0,2.3059501605680524,109,2,2,1,0.0,24.140151518276404,28.62940894233465,False,False,True
2373,37,0,4.136582348038769,66,2,2,0,0.0,25.43615134994016,21.46294163571712,True,False,False
2374,56,0,1.3361764279199944,94,3,2,1,0.0,31.8872139760321,22.06118955001743,False,False,True
2375,74,0,5.557241309198596,100,2,1,1,0.0,25.95293393452819,21.765637414784585,False,False,True
2376,70,1,6.020224130882322,37,4,1,1,0.0,31.40945251276781,18.130644000372502,True,False,False
2377,67,0,4.110912419876733,88,1,2,0,0.0,22.32739575171491,28.879392001561133,True,False,False
2378,77,0,1.562027780777567,115,4,0,1,2.0,25.144190551087654,33.72038873999236,False,False,True
2379,66,1,2.466249337014572,64,3,1,0,0.0,26.93491617059912,16.58390591884209,False,False,True
2380,34,1,8.241775276012095,48,3,2,0,0.0,29.070268588953724,19.377241541924867,True,False,False
2381,27,1,9.18514718243894,67,3,1,1,0.0,33.662927618013825,15.66707440378218,False,True,False
2382,65,1,6.28461215322127,2,4,2,0,2.0,21.872437704342445,13.366536156924663,False,False,True
2383,47,0,4.618076244857752,44,4,1,0,0.0,26.68502386202501,17.31291201043409,True,False,False
2384,29,1,4.404465043145857,19,1,1,1,0.0,26.93765304476915,13.15110943977776,True,False,False
2385,69,1,3.997353118270548,110,1,2,0,2.0,28.99182452263681,27.383034942005995,False,False,True
2386,71,1,4.447722531998665,51,2,2,0,0.0,27.681252972194137,19.740801912562976,False,False,True
2387,20,0,2.095897398396089,53,2,1,1,2.0,31.49062019639838,14.818454122712897,False,False,True
2388,65,0,7.040012485369923,70,3,2,1,0.0,18.586145882790014,21.98362350207736,False,False,True
2389,63,0,4.246729705496883,119,2,0,0,0.0,30.681836308847416,29.30009936967821,True,False,False
2390,44,0,5.565137996868014,64,1,0,1,2.0,33.78874057214175,19.109307119421388,True,False,False
2391,56,0,2.082258879136612,82,4,1,1,0.0,29.01538690894189,24.89227383468653,False,False,True
2392,43,1,9.270124879111195,4,2,1,1,0.0,26.392959839256488,6.008492085362363,False,False,True
2393,20,1,6.673579581473442,74,2,0,0,0.0,33.36388859094982,17.88305506025283,False,False,True
2394,24,1,7.02972931686991,69,4,1,0,0.0,21.603245957668456,21.854421119844044,True,False,False
2395,38,0,3.351586243031541,61,3,2,0,2.0,23.970565671420555,18.27299039721742,False,True,False
2396,44,1,1.3278289897154814,25,1,0,1,0.0,19.36099549678568,7.937914898901186,False,True,False
2397,20,1,8.318290512694027,71,2,1,0,0.0,31.063085435754253,16.945856772413517,False,True,False
2398,66,0,5.557241309198596,14,1,2,0,0.0,22.074157113017822,6.567013636265773,False,False,True
2399,72,1,5.557241309198596,93,1,1,1,0.0,34.94686214945443,25.92888364178572,True,False,False
2400,42,0,8.507128899225213,16,2,1,0,2.0,31.62431418213701,9.402076423688865,True,False,False
2401,54,0,4.793600642592615,66,1,0,0,2.0,22.53484685530668,19.65110056419136,False,False,True
2402,46,0,3.961696752010288,92,1,2,0,0.0,34.13362488071882,26.47706415237368,True,False,False
2403,68,1,5.955519681866292,76,2,1,0,0.0,32.06372912568847,21.09046506020135,False,False,True
2404,73,1,4.572386761459137,100,2,1,0,2.0,34.8669986913095,25.366647845126383,True,False,False
2405,29,0,3.2588848568446367,83,2,0,1,0.0,32.40437957865553,18.16169468843449,True,False,False
2406,51,1,7.195364914473303,109,1,0,0,2.0,24.895359500219605,26.77302557065446,False,True,False
2407,35,0,6.311146653338879,12,3,0,1,0.0,27.761233480115777,7.607316825529857,False,True,False
2408,33,0,9.28245131922167,40,1,2,1,2.0,22.05550894390771,20.19510271830436,False,True,False
2409,74,0,7.690412484780541,10,1,0,1,0.0,23.357768064299343,9.240075903521207,False,False,True
2410,20,0,6.412696498032502,43,1,0,1,0.0,27.81363064430976,11.405425583562224,False,True,False
2411,26,1,1.1895200520068805,95,1,1,0,2.0,22.787377462385063,22.7045613824764,False,True,False
2412,40,0,4.621542083329871,118,1,1,1,0.0,21.884731642386427,28.10027394808376,False,True,False
2413,23,1,8.732701348494125,57,4,2,0,2.0,34.02341623824071,28.003729185835883,True,False,False
2414,63,0,7.606977231078123,40,1,1,0,0.0,34.34564343472392,13.950717475324918,True,False,False
2415,24,1,8.387042042556136,88,1,0,0,0.0,22.141276401015624,22.203999212249936,False,True,False
2416,61,1,7.509065127449811,25,3,2,0,2.0,34.6068405045611,16.292764778725743,False,True,False
2417,21,1,6.4986354948902925,65,1,1,0,0.0,23.15375406376668,15.960121623229949,False,False,True
2418,50,0,2.304392743985505,87,2,2,1,2.0,21.584944050051263,29.103330496602,True,False,False
2419,23,1,6.954878804205259,16,4,0,0,0.0,26.68502386202501,14.639832746281822,True,False,False
2420,37,1,4.162410700822978,69,2,2,1,0.0,26.68502386202501,23.73779997290012,True,False,False
2421,48,0,2.5333052570337804,92,4,2,0,0.0,34.61516269538369,35.22147169347972,True,False,False
2422,78,0,3.855600853983148,20,3,0,0,0.0,28.06686995727688,9.332419287727015,True,False,False
2423,51,1,3.3621428026061504,69,4,2,0,0.0,28.53031626656752,22.603393542963666,False,False,True
2425,52,0,4.558645094767369,82,1,1,1,0.0,22.9792362411243,22.44619488334562,False,False,True
2426,48,0,2.524568496684207,106,1,2,1,0.0,28.97969431490363,28.448802511582585,True,False,False
2427,40,0,1.1369178567581986,48,1,2,0,2.0,19.72930221057088,16.78305457482857,False,False,True
2428,25,1,5.744335434627383,94,4,1,1,0.0,28.53474087280741,28.681864597646484,True,False,False
2429,32,0,8.16077210396911,9,2,0,0,0.0,32.678358898829295,8.792478973425016,True,False,False
2430,69,1,1.5482100418437437,60,4,2,0,0.0,23.26295536166166,25.63842477634361,False,True,False
2431,34,1,2.0779023871979643,97,4,1,0,0.0,34.44751696574002,26.79325312831313,False,False,True
2432,26,1,6.01154825221217,17,4,0,1,0.0,19.591790006768417,15.067074181824635,False,False,True
2433,71,0,6.545956566647253,86,4,0,0,2.0,34.77392428139029,26.609239711015924,False,False,True
2434,69,0,5.557241309198596,71,3,1,0,2.0,24.26719764664528,19.85210699839493,False,False,True
2435,28,0,2.957028706069303,34,4,1,0,0.0,32.39683999969535,12.035489808266288,False,False,True
2436,52,1,1.3911062167105357,116,3,1,0,0.0,20.61747883486847,27.640508686826497,False,True,False
2437,38,1,8.671873758122072,104,2,2,0,0.0,34.94704762702038,29.56689413070856,False,True,False
2438,56,1,5.704576102511691,91,1,0,0,0.0,21.88215333852884,27.0106064752084,True,False,False
2439,59,0,7.538470717036804,52,4,1,1,0.0,33.1719781176793,23.75886957641941,True,False,False
2440,40,0,7.244608476450397,62,2,1,0,0.0,19.0040055966356,19.14793986012901,False,False,True
2441,51,1,8.407860222660704,30,2,2,1,0.0,34.5393600031638,15.84245937669636,True,False,False
2442,30,0,2.4719111814172536,57,4,2,1,0.0,25.131455997201705,22.36503053370884,False,False,True
2443,77,0,9.88451055667184,110,2,1,1,0.0,32.935822512778664,27.03588016990463,False,False,True
2444,21,1,9.714052458655692,48,4,0,1,0.0,19.711716664288645,21.444148381248905,True,False,False
2445,41,0,8.50721714569346,46,4,2,0,0.0,26.64333206112854,23.071648957405262,False,True,False
2446,63,1,5.557241309198596,10,2,0,0,0.0,29.026234923469524,8.31103591183781,False,True,False
2447,61,1,4.970045476885003,96,2,1,1,0.0,25.922743387674423,19.68098092857219,False,False,True
2448,47,1,7.470932278582548,47,2,1,1,0.0,26.68502386202501,14.157712968773543,False,False,True
2449,59,1,4.596386604587812,61,4,0,0,0.0,26.84315225185476,24.43007613449042,True,False,False
2450,31,1,5.557241309198596,92,3,0,0,0.0,32.486884236966304,20.50253495746215,False,True,False
2451,37,0,5.502680869545928,67,2,0,0,2.0,24.701409685670583,17.798918721021433,False,True,False
2452,69,0,2.212441577827532,32,4,2,0,0.0,27.960486419612373,20.647240585208227,True,False,False
2453,24,0,8.360655970733493,112,2,2,0,2.0,33.54683908222622,28.54416401714112,False,False,True
2454,74,1,5.684104829254448,115,4,2,1,2.0,31.317311875350903,37.41630159756134,False,False,True
2455,39,0,6.955239715223529,8,2,1,1,2.0,19.5699890948785,5.746257296382489,False,True,False
2456,65,0,2.9897098632409773,13,2,1,1,2.0,19.1478761239186,6.837365354917745,True,False,False
2457,43,0,6.929800002298198,37,2,2,1,0.0,28.41224717998544,16.553748175451737,False,True,False
2458,63,1,2.175839485269835,36,3,0,1,0.0,26.26662560596837,19.03595288509061,True,False,False
2459,33,1,8.843564921415712,12,4,0,1,0.0,23.2563046384298,10.786666761484565,False,True,False
2460,43,0,1.574797360069215,105,1,1,1,0.0,29.346138894449386,23.051566583720604,False,False,True
2461,65,1,2.141595342033374,80,3,0,1,2.0,23.94598674961749,18.144383905404258,False,False,True
2462,68,1,7.519477203982401,101,2,2,1,0.0,22.60829376428083,28.079669801243647,False,False,True
2463,30,0,5.390405536436929,65,1,1,1,2.0,27.06984426680589,17.065126647961414,True,False,False
2464,39,1,4.804828993794144,115,2,2,0,0.0,27.89708161617584,33.566719357851575,True,False,False
2465,74,0,1.9200175401875004,68,2,2,1,0.0,34.564421287416046,20.58141634062929,False,False,True
2466,79,1,7.658792195886257,35,3,2,0,0.0,29.71032534509068,16.226569462407774,False,True,False
2467,68,1,8.229331645110566,74,1,1,0,0.0,33.47582715722798,20.74003045421811,False,True,False
2468,48,0,9.292774013886948,117,2,0,1,2.0,26.50086440256994,30.567835883876345,False,True,False
2469,74,0,4.40336451963215,114,2,0,1,2.0,28.43549494968616,24.105013693147395,False,False,True
2470,75,1,4.823456798592105,37,1,0,1,0.0,29.25832687749781,11.41397763888864,False,False,True
2471,68,0,7.831468090603974,85,1,2,0,2.0,21.677001382942507,24.430274192499823,False,True,False
2472,34,1,5.024444540775972,38,4,2,0,0.0,34.360192304618344,17.95982466251161,False,True,False
2473,30,1,3.0193225812863744,79,2,0,1,0.0,23.030191808727658,25.07995494974744,True,False,False
2474,25,1,9.083114512415907,84,3,1,0,0.0,31.49533936552356,19.030402307960927,False,True,False
2475,68,0,1.5591319364808616,66,3,1,1,2.0,27.058187283715235,18.92723979783575,True,False,False
2476,48,1,9.671358507905552,96,4,0,1,0.0,26.68502386202501,30.55432685284832,True,False,False
2477,21,0,2.457704659626463,31,2,1,0,0.0,24.30318360171964,6.669380210120057,False,False,True
2478,59,0,6.67403304092191,44,1,0,1,2.0,25.5489406984832,13.919785044267067,True,False,False
2479,57,1,6.411851419025361,78,2,1,1,2.0,21.16861808592355,20.69774350650664,False,False,True
2480,57,0,1.780737719512434,57,3,2,0,0.0,23.92281179310266,19.11679409311592,False,False,True
2481,78,0,7.626285531644159,50,1,1,1,2.0,32.50852559274277,18.5722445277313,False,True,False
2482,69,0,8.387562130343658,73,2,1,1,0.0,34.59597054204862,21.55995229907204,True,False,False
2483,50,0,5.201298154036522,3,3,2,0,0.0,25.453819596650824,8.005221299285965,False,True,False
2484,46,1,8.982883625709878,48,2,0,1,0.0,26.68502386202501,17.363413023395953,True,False,False
2485,58,1,5.492528499363956,97,4,1,1,0.0,29.02604892498237,29.859524990002964,True,False,False
2486,74,1,2.813627128816976,23,2,1,1,0.0,23.662126828266267,10.852041379244117,True,False,False
2487,55,0,3.396211294546031,28,3,1,0,0.0,27.792794885754816,7.345306637549138,False,False,True
2488,35,1,3.978927528430627,26,4,1,0,0.0,21.676347896914567,16.29082743592445,False,False,True
2489,72,1,2.156641015997048,68,3,0,0,2.0,20.335986285415736,17.69877257739342,False,False,True
2490,46,1,4.31186569468108,63,3,2,1,2.0,26.68502386202501,16.44488864333487,False,False,True
2491,37,0,4.961149268916937,19,4,0,1,2.0,27.346235294520625,15.666629993426206,True,False,False
2492,47,1,8.545714580506338,66,1,2,1,0.0,24.00355445217226,22.498670657448184,False,True,False
2493,62,0,8.993709576677684,115,4,1,0,2.0,32.014252063722424,32.936238741540336,False,True,False
2494,49,0,4.65776686901924,31,3,2,0,2.0,18.870346641097505,10.057908430717356,True,False,False
2495,35,0,8.709511026024334,21,1,0,1,2.0,24.81698102812212,9.68384541148906,False,True,False
2496,60,0,5.557241309198596,64,1,1,1,2.0,22.302520154581178,16.990411735458043,False,False,True
2497,75,1,7.9970106542807,114,3,2,1,0.0,20.407656707275628,31.22820242464385,True,False,False
2498,45,0,8.637458967089017,94,4,2,1,0.0,24.469488104580496,34.493714888589864,True,False,False
2499,27,1,9.713871349330296,70,4,0,1,2.0,29.646643551664056,24.562087609655897,False,True,False
2500,38,0,1.874482137693689,61,2,0,1,0.0,18.841958827808494,14.500918272937378,False,False,True
2501,37,0,2.0404504955036096,113,1,0,0,0.0,31.59588218540126,23.421448048907976,False,False,True
2502,56,0,3.2825406487470774,37,3,0,1,0.0,22.798899631622213,12.7888917130551,False,True,False
2503,77,0,8.514094855279524,14,3,2,1,0.0,33.278835626317594,17.762502446520017,True,False,False
2504,23,0,5.690340149545814,46,4,0,1,2.0,26.171037595581087,17.244440021162312,False,False,True
2505,40,0,5.9887063526315725,43,1,1,1,0.0,19.45192419231704,14.970326253073544,True,False,False
2506,72,1,6.241608683811458,47,4,2,1,0.0,26.68502386202501,26.91709266891252,True,False,False
2507,21,1,5.923566918265979,33,2,0,1,0.0,27.60268539523078,13.247940428130208,True,False,False
2508,53,1,2.6583856855366936,11,4,2,1,0.0,20.781732095825657,12.60847278062028,False,False,True
2509,79,0,4.639279869830329,16,1,1,1,2.0,24.95321548244174,9.495466917567146,True,False,False
2510,61,1,6.498167699425569,86,3,0,0,0.0,23.41377886448417,23.98047640013719,False,False,True
2511,42,0,1.2681145362935995,3,4,0,1,2.0,27.195300412738675,14.408702853842607,True,False,False
2512,22,0,2.5676576926121504,38,1,1,0,2.0,21.86349168605649,12.401069107464467,True,False,False
2513,59,1,8.681325998738405,11,1,2,1,0.0,32.201015625881055,14.218781501371309,False,False,True
2514,45,1,9.934938878614604,117,1,1,1,2.0,22.77801576236221,28.091801560957112,False,True,False
2516,37,0,2.118130350002281,27,2,1,0,0.0,33.99786912592235,7.804018924107373,False,False,True
2517,63,1,4.378396185093878,28,4,0,0,0.0,32.084346581520634,14.791933171249632,False,False,True
2518,65,0,7.418971045693946,81,2,0,1,0.0,33.79468112912713,20.15265697069848,False,False,True
2519,27,0,2.718539729878986,43,1,0,1,0.0,23.250728495240665,9.303781667790972,False,True,False
2520,49,1,7.735657099645341,93,2,2,0,2.0,29.76049311274092,26.62783527564331,False,False,True
2521,27,1,5.326511108220759,16,2,1,0,2.0,32.92709546138671,8.053802412534402,True,False,False
2522,75,0,2.0334612854923253,98,4,2,1,0.0,19.22271644980504,34.49459498649761,True,False,False
2523,40,0,6.06531349858267,23,3,0,0,0.0,31.739868932172,9.881361007726245,False,True,False
2524,76,1,3.8141439852501295,70,4,2,0,0.0,26.45329960472607,26.991075489726377,False,False,True
2525,54,0,9.335424974732812,17,4,1,1,0.0,29.48794924298525,14.29375741738876,False,False,True
2526,60,0,2.1809393463851787,104,1,1,1,0.0,26.94377620736977,23.31353974901172,False,True,False
2527,54,1,8.988062125714148,50,4,0,1,2.0,30.140382790862336,16.28922016837983,False,True,False
2528,39,0,2.969149164190503,102,3,1,1,0.0,25.61779347947188,22.37770550792176,True,False,False
2529,50,1,3.547152692953926,71,4,1,0,0.0,26.68502386202501,22.41191014633136,False,True,False
2530,33,0,1.236679540162017,110,2,1,1,0.0,24.03773750302107,27.584234225058776,True,False,False
2531,65,1,4.587093654400485,9,3,0,0,0.0,26.68502386202501,6.73255516406708,False,True,False
2532,53,0,3.1385278017517826,25,2,0,0,0.0,21.92931560058492,6.864207197233939,False,False,True
2533,42,0,1.3127507356064143,109,1,0,1,2.0,28.988064773578365,27.526937960898024,True,False,False
2534,23,1,8.64522911425296,36,1,1,0,0.0,18.831399365199584,15.060813516306403,True,False,False
2535,76,1,6.574134240629535,95,4,0,1,2.0,25.868320515360537,25.502525943185272,False,True,False
2536,69,0,7.591973132174043,63,4,0,0,2.0,20.5468488998067,21.422580183435965,False,False,True
2537,71,1,5.557241309198596,84,4,1,0,0.0,26.436909128682792,24.98808775000471,False,False,True
2538,43,0,6.837810931558567,80,1,0,0,0.0,24.783098625027336,20.41228140268672,False,False,True
2539,64,0,5.960272025752604,5,2,0,0,2.0,30.76748890504476,3.683470591351633,True,False,False
2540,68,1,2.968662907936838,48,1,2,0,2.0,18.586782615114387,20.94329365343157,True,False,False
2541,50,0,5.102798501623898,39,3,2,0,2.0,28.61486731769117,17.89722875794488,True,False,False
2542,41,0,6.828270299216266,114,3,0,1,0.0,21.62306768527493,33.07264893399613,False,False,True
2543,22,0,5.558107393328626,105,2,1,1,0.0,33.7154237980359,23.41149291286247,False,True,False
2544,60,1,4.583889677061956,76,1,1,0,0.0,26.70872524148233,22.806325641135714,False,False,True
2545,39,0,8.222138338036334,112,2,2,1,0.0,23.56071754092041,27.639786281179017,False,True,False
2546,71,0,1.6255789430372762,30,1,1,1,0.0,32.532436113964884,10.686806110041706,False,True,False
2548,30,0,1.960806974449718,71,1,0,0,2.0,23.7865430146251,21.298910778365027,True,False,False
2549,31,1,8.331086909021526,79,2,1,0,0.0,25.21488056370389,20.71214945972571,False,True,False
2550,54,1,9.726011877008668,34,4,1,0,0.0,26.308328569688427,15.531394304095803,False,True,False
2551,44,0,7.609452772194555,54,1,2,1,0.0,22.93287077373873,24.36938143484814,True,False,False
2552,42,0,3.779128268205364,4,2,1,1,2.0,25.80843309133809,4.292765520766521,False,True,False
2553,24,1,8.034719008988894,72,1,2,1,0.0,22.807924257994188,19.78094892553361,False,False,True
2554,32,1,9.666024707602338,25,4,0,1,0.0,32.42081638079429,13.40266023843018,False,True,False
2555,28,1,4.012504182231867,56,1,1,0,0.0,32.55058782896113,14.84416680596444,False,False,True
2556,55,0,9.083058252432052,29,2,0,0,0.0,19.536167672426703,16.130027893611956,False,False,True
2557,68,0,6.265700347358945,7,1,2,1,0.0,26.528573698429977,9.35515635508994,False,True,False
2558,24,0,7.182445201000327,6,4,2,1,0.0,23.790157055801657,13.13972771594688,False,True,False
2559,41,1,4.532735785760445,16,2,2,0,0.0,19.590337131219574,10.05180089162772,False,False,True
2560,59,0,5.315673134002184,106,3,0,0,2.0,22.62880033697161,27.649616656708577,False,False,True
2561,53,1,3.675859385608424,69,3,2,1,2.0,20.85709620742546,21.719210312457964,False,True,False
2562,53,1,9.032881262787054,36,1,0,0,2.0,28.74318726453288,11.963294984843008,False,False,True
2563,24,1,6.635615076320632,86,2,1,1,0.0,22.84010923864048,23.25599326716521,False,True,False
2564,53,0,3.344657008923721,44,2,0,1,0.0,32.537881799858305,10.529316490016306,True,False,False
2565,21,1,5.38075943517084,31,2,2,0,0.0,33.6847719487036,12.48332365698373,False,True,False
2566,27,0,1.0654552692460837,34,3,1,1,2.0,30.916713656230662,10.73826111205199,True,False,False
2567,22,0,4.426259821096096,98,3,2,1,0.0,34.28477848145713,25.379951211403736,False,True,False
2568,79,1,8.142691728300228,56,4,2,1,0.0,19.61488393092661,24.952140688790045,True,False,False
2569,68,0,5.805355964491909,35,3,2,0,0.0,24.04899838419829,15.176473969652989,False,False,True
2570,49,0,4.851232211690069,97,2,2,1,2.0,20.18392220534768,25.60718545650389,False,True,False
2571,28,0,4.065895695585693,59,4,1,1,0.0,32.4412140547971,18.53180774807652,False,True,False
2572,54,0,6.461738270208357,115,2,0,0,0.0,33.15338502970335,26.356923877989995,True,False,False
2573,57,0,5.557241309198596,17,1,0,0,2.0,21.837798548788257,12.368981947845311,False,False,True
2574,40,1,9.909825534902629,60,2,0,1,2.0,25.63141558047329,19.175302549342053,False,True,False
2575,72,0,7.798879905598248,66,4,0,0,2.0,26.68502386202501,27.26126236762072,True,False,False
2576,44,0,1.4546820400510123,77,2,2,1,0.0,23.92621132530165,22.191732197912955,False,True,False
2577,50,0,9.069143724723498,31,4,1,0,0.0,21.575185867051125,19.16629074463836,False,False,True
2578,55,0,7.784025409777738,112,1,0,0,2.0,27.22542413327251,35.721033428197714,True,False,False
2579,43,1,8.586549938251963,26,4,1,0,0.0,30.77815220008263,11.7889532586571,True,False,False
2580,27,0,7.171327462500434,4,4,1,0,0.0,22.31037338018803,14.75174308298262,True,False,False
2581,66,1,2.187846982111665,29,2,2,1,2.0,22.147464926175605,11.77165893271222,False,False,True
2582,40,1,4.809940543202744,63,4,2,0,0.0,22.1344973582202,24.236189465943816,False,False,True
2583,31,1,7.486010807141255,87,4,1,1,0.0,33.3198595174238,26.60102794613239,False,False,True
2584,69,0,4.821051143859014,19,1,2,1,0.0,22.1818961482338,12.110768179227028,True,False,False
2585,60,1,8.467018122385856,23,1,2,1,2.0,28.271253249317272,12.92123225696258,False,False,True
2586,78,1,2.4601199332651973,7,1,0,1,2.0,22.155223029860952,3.0001436413884432,True,False,False
2587,77,1,5.374397786361888,32,1,2,0,2.0,19.91807644101909,15.117560760535405,False,True,False
2588,40,1,3.9006772606261766,118,2,2,0,0.0,19.837221772855955,31.112817800066185,True,False,False
2589,21,0,5.557154979527311,65,1,1,0,0.0,32.33871650691778,17.081879549686846,False,True,False
2590,72,1,9.974840570656111,89,3,2,0,2.0,19.454613619484967,24.47931050308887,False,True,False
2591,20,0,8.692665567327808,60,4,1,1,0.0,34.840651642607824,21.95632369277278,False,True,False
2592,60,0,5.557241309198596,21,4,0,1,2.0,30.59979763490165,13.171936229350935,False,True,False
2593,64,0,6.725203009552591,21,1,2,1,2.0,25.64973873925229,11.715492360212693,True,False,False
2594,38,0,3.566905701879989,51,3,1,0,2.0,26.82294023540936,15.85669454564621,False,False,True
2595,78,0,2.131353158609041,72,2,0,1,0.0,33.480244870042526,13.1539409857733,False,False,True
2596,35,1,4.701972612981131,32,3,1,0,0.0,23.420446348620693,12.38126288441222,False,True,False
2597,69,0,5.674579167551209,9,4,0,1,0.0,24.951908190860653,12.884771028748863,True,False,False
2598,27,1,6.723456190672903,69,3,1,1,2.0,32.56047637960064,16.882011237639706,False,False,True
2599,37,1,5.527393728013193,114,2,0,0,2.0,19.16844859149191,27.102771580468005,False,True,False
2600,31,1,8.28408545864832,66,3,0,1,0.0,27.99181989966106,18.282824903512104,False,True,False
2601,31,1,4.37589464786515,97,1,2,0,2.0,21.05307814809249,28.309232684382064,True,False,False
2602,53,1,3.1859761296231013,11,2,2,1,0.0,22.49807524029998,9.14042258247162,False,False,True
2603,34,1,6.708964215316414,33,3,2,1,0.0,26.68502386202501,11.821937059194443,True,False,False
2604,33,1,5.994384799369089,80,4,2,0,0.0,21.79471259706668,31.957181355037683,True,False,False
2605,41,0,5.150276000926299,28,2,2,1,0.0,21.775955798562684,13.458650647750217,False,True,False
2606,55,0,9.388921289114997,96,4,0,1,0.0,27.874319847728685,30.27626140829577,False,False,True
2607,55,1,3.741178296597115,100,2,1,1,0.0,31.851900231982068,20.275643080642062,False,True,False
2608,29,1,6.280583746507767,72,4,0,1,0.0,31.027265519840498,25.775235873373123,True,False,False
2609,39,1,6.783219242240867,9,3,0,0,0.0,34.76803411883063,8.00550992720238,False,True,False
2610,50,0,5.681646421591544,29,4,0,0,2.0,28.192990298853427,16.417800203632197,False,False,True
2611,38,1,1.4884406685043623,96,2,2,1,0.0,19.03014831068304,24.406138065850936,False,True,False
2612,75,1,2.078422828383405,42,2,0,0,0.0,23.71189498812148,14.61599934920052,True,False,False
2613,74,0,5.027580691177059,63,3,2,0,0.0,19.394280252845668,17.63297881773209,False,False,True
2614,61,0,8.657223414845616,41,3,1,1,0.0,26.30303914964836,10.241486508577102,False,True,False
2615,63,0,8.853166173678801,91,2,0,0,2.0,24.2047581854679,25.46998195631133,True,False,False
2616,26,1,7.686178479583502,45,2,1,1,0.0,27.351214414035063,13.744252852235007,False,False,True
2617,57,1,7.856985510016772,26,3,1,0,0.0,24.983626826074943,12.632902427241854,True,False,False
2618,44,1,1.3349953411239626,81,1,2,1,0.0,33.80226098592244,23.292941900631224,True,False,False
2619,33,1,8.519862020893367,38,4,0,0,0.0,26.13278494953376,18.56379529691306,True,False,False
2620,65,1,2.436694810960961,118,3,0,1,0.0,18.888546466775225,31.43368952793154,False,True,False
2621,65,0,9.125889823566965,67,3,1,1,2.0,28.48323264159393,21.80234438372554,True,False,False
2622,57,1,2.630750135222644,25,1,2,0,0.0,29.40544163048881,13.998988879609092,True,False,False
2623,60,0,5.294440417704234,6,2,0,0,2.0,32.01616094125325,9.171476662767963,True,False,False
2624,30,0,4.174220081527612,60,4,0,1,0.0,31.895901827325737,19.30646212508704,True,False,False
2625,72,1,3.645010748793851,18,1,0,0,0.0,29.91166958684267,8.542678526972294,True,False,False
2626,66,1,6.34417713473883,7,3,0,1,0.0,19.62464098417369,7.941224674328005,False,False,True
2627,46,0,9.597184914586093,64,3,0,1,0.0,31.65290485082249,16.982281361310005,False,True,False
2628,70,1,9.422171568059076,16,4,0,0,0.0,32.846847358627954,16.093657910797496,True,False,False
2629,41,1,3.670401776758162,1,2,2,1,0.0,23.22110691263593,7.3281981943647825,False,True,False
2630,50,1,5.5573276388698805,106,4,2,0,0.0,27.946487669829093,30.0876938207643,False,False,True
2631,24,1,8.58935838539588,106,3,1,0,2.0,25.670104570957005,26.91348409374266,True,False,False
2632,32,1,5.016580016269161,56,4,1,0,2.0,21.77845726714536,24.22203252701462,True,False,False
2633,50,0,5.564835430910366,22,3,1,0,0.0,34.958997515129994,10.65043972779625,False,False,True
2634,69,1,5.557241309198596,27,3,1,0,0.0,30.91665633390613,9.330467805353113,False,True,False
2635,37,1,1.5657173872514285,45,4,1,0,0.0,24.44934169631674,17.45588655307488,False,False,True
2636,38,1,1.1568749095184132,103,3,0,0,2.0,30.389273996498112,19.67439345600784,False,False,True
2637,35,0,2.047136048716634,5,1,2,1,0.0,20.54688476863178,7.033404700795649,False,True,False
2638,36,1,7.952813165139683,1,3,0,0,2.0,24.921109105883147,3.321708557025877,False,True,False
2639,73,0,1.8459183647494184,33,4,0,1,0.0,26.8732881069988,13.914947481909216,False,False,True
2640,47,0,1.1070804902064006,115,3,1,1,0.0,30.20214040310616,26.821325796697327,True,False,False
2641,50,1,6.20634123757773,105,4,1,1,2.0,20.6786892351828,32.26421066036159,True,False,False
2642,24,0,5.557342786806357,49,3,0,1,0.0,29.805964209864698,13.281325339924132,False,False,True
2643,56,0,5.557241309198596,44,4,1,1,0.0,29.242954926742588,14.458830696305562,False,True,False
2644,24,1,3.850724649316915,72,1,2,0,2.0,21.78703137122961,18.402726431586387,False,True,False
2645,63,0,9.621838482481897,2,1,1,1,0.0,28.682698447598582,6.635536646483223,False,True,False
2646,25,1,7.099133870059284,15,2,1,1,0.0,22.468313772191728,4.875732882726241,False,True,False
2647,66,0,9.335873569606154,86,4,2,1,2.0,33.412721912792044,36.32785775510469,True,False,False
2648,41,0,2.386554875745832,33,2,1,0,0.0,33.84164160184363,9.692408922637902,True,False,False
2649,71,0,8.487910477993125,35,1,2,0,0.0,20.103211231220424,16.647514455217046,True,False,False
2650,22,0,1.4320207236711635,86,3,0,1,0.0,24.456404880851,16.28710639375483,False,True,False
2651,74,1,8.498887191620213,83,1,1,0,2.0,24.49764144740349,23.58649633192852,False,True,False
2652,76,0,2.807458751574288,88,3,2,1,0.0,22.89560471223698,27.15596297862716,False,True,False
2653,66,1,7.044994514885234,31,1,2,1,0.0,20.34345037815243,11.377439625397782,False,True,False
2654,48,1,8.569404842613043,49,2,0,0,0.0,22.45019417060411,16.99582923771365,True,False,False
2655,24,1,8.565432604958726,42,1,1,1,0.0,19.229996469423927,11.518307914378768,False,False,True
2656,52,0,9.573779177207753,28,1,2,0,0.0,34.8864153185386,16.65283281878641,True,False,False
2657,70,1,6.93969650021719,96,3,0,0,2.0,26.34260807084389,25.68173959720865,True,False,False
2658,61,1,3.393057178245358,112,3,2,0,2.0,30.04904127172842,28.508568966313405,False,True,False
2659,53,1,5.125393352247946,86,2,2,1,0.0,34.92644431327457,23.074680818513183,False,True,False
2660,71,0,9.679503309915342,53,1,1,1,0.0,28.065740078321387,17.610336822359415,False,True,False
2661,57,0,7.772248135483646,108,4,1,1,2.0,23.714834235727142,33.443508105832144,False,True,False
2662,55,1,7.401392422394077,74,2,2,1,0.0,25.29155804335863,23.130131941786296,False,True,False
2663,50,0,8.203245882909366,46,2,0,0,0.0,22.52536862868062,13.750258567194406,False,False,True
2664,40,1,1.1041497887974323,77,2,0,0,0.0,23.67654085461701,16.95506067989449,True,False,False
2665,50,1,8.874454650424042,38,3,2,1,0.0,26.53439200138244,16.867949164537073,True,False,False
2666,36,1,4.876850425255617,18,1,2,1,2.0,27.512047593341364,10.75214682290525,False,True,False
2667,53,0,5.701449748840616,98,2,2,1,0.0,23.913477266018965,30.052423280078525,True,False,False
2668,66,0,9.474698633366826,118,2,1,0,0.0,24.1176194169928,32.40680119378744,True,False,False
2669,39,0,1.77066307655682,16,4,1,1,2.0,32.804389625397114,10.033596737884736,False,True,False
2670,25,1,9.828159024611166,13,2,0,1,2.0,30.87713521415004,7.59201868373793,False,True,False
2671,40,1,8.833563174031317,40,4,2,1,0.0,30.733225410082312,22.47673929964976,False,True,False
2672,40,0,3.3640276179743607,97,2,1,1,2.0,19.915988380177087,22.08396337519338,True,False,False
2673,38,1,7.179168628673057,21,4,1,0,0.0,32.111144405785204,17.25806783094929,True,False,False
2674,21,1,5.304553007599387,61,2,0,1,0.0,31.18570836908709,17.069404895337318,True,False,False
2675,37,0,4.739440570263229,17,3,2,0,0.0,33.15207205875558,10.393604640158982,False,False,True
2676,25,1,5.243861139293487,99,1,2,1,0.0,24.915847346524465,23.2712030807637,False,True,False
2677,71,1,5.667535284718007,66,4,2,1,0.0,31.46386572812853,22.29378734580528,False,True,False
2678,27,1,6.543388063780019,53,4,1,0,0.0,34.115628626137315,20.011434967798227,False,False,True
2680,20,0,7.775353234799287,104,4,0,1,0.0,32.462835784512166,30.054938956801493,False,False,True
2681,52,0,5.597128274489955,94,1,1,1,0.0,26.66134654814323,20.511213417813305,False,True,False
2682,76,1,4.45545300733533,8,1,2,1,0.0,29.191250683819817,13.95280976453006,False,True,False
2683,29,0,8.353004351478676,59,4,2,0,0.0,26.58053558314249,26.47621038818505,False,True,False
2684,63,1,3.802053186364749,22,3,1,1,2.0,32.831024222265334,7.484680275077347,False,False,True
2685,30,0,1.6463312538752413,47,1,1,1,2.0,23.594941057708247,10.237876752148084,False,False,True
2686,55,1,5.557241309198596,52,1,1,0,2.0,27.200347351182643,18.966903619827605,True,False,False
2687,63,1,5.232596290328583,109,2,2,0,0.0,31.1160651295664,28.69538778317317,True,False,False
2688,42,1,4.741968822234166,34,2,2,1,2.0,30.79717161852468,11.468229884639516,True,False,False
2689,71,0,9.589613588479594,17,1,1,0,0.0,22.205021699121367,8.255877496916938,False,True,False
2690,32,1,7.53943993598682,8,4,0,1,2.0,23.48978803814232,10.577955893555243,False,True,False
2691,45,0,2.1754968403251924,36,2,2,1,0.0,27.27063838726039,15.050581769503545,False,False,True
2692,31,1,1.929329284924743,89,2,0,0,2.0,30.42192462998524,19.760277136412054,True,False,False
2693,61,1,9.951032265487658,76,1,2,1,0.0,29.05037846659905,25.192599745422665,False,True,False
2694,44,0,9.64918842188692,100,1,2,1,0.0,27.826582940897723,32.45665934085436,True,False,False
2695,53,1,6.011925311331692,109,1,0,1,0.0,34.0633669938996,27.08823447551102,False,True,False
2696,41,1,3.127029312418761,87,4,1,0,2.0,23.628250411987352,26.2656489357998,False,False,True
2697,31,0,2.407842269394572,20,2,0,0,0.0,26.158555074585948,5.2192264228493785,False,True,False
2698,36,0,6.803547364181768,119,3,1,0,0.0,26.36764540258493,24.00835548979778,False,False,True
2699,43,1,5.176632568881129,60,1,2,0,2.0,26.91835400429205,20.44706435795667,False,False,True
2700,60,1,2.6150071382276776,97,1,0,0,0.0,29.83071166665988,24.96114622063592,False,True,False
2701,56,1,3.743914216520864,51,1,1,1,0.0,22.52774289988836,13.534043337555152,False,False,True
2702,58,1,3.424761003966145,5,3,2,0,2.0,29.50514136881373,6.647799995009579,False,False,True
2703,68,0,5.65558090991134,80,4,2,0,0.0,32.341293824762865,23.62109099775125,False,False,True
2704,76,1,2.5228274650952662,65,1,2,0,0.0,31.20745460127677,22.929538648785595,False,False,True
2705,42,1,5.557241309198596,16,2,1,0,0.0,32.674509971903504,8.069772102620728,False,True,False
2706,50,1,8.358087965901372,53,2,0,0,0.0,32.41569152383883,18.342470707310508,True,False,False
2707,23,1,1.4055362372775293,16,4,2,1,0.0,21.55734372027656,14.845363783362416,True,False,False
2708,29,0,3.022877302978205,113,1,1,1,2.0,19.53764530117004,26.381906261546483,False,False,True
2709,74,1,4.015988740332496,26,1,2,0,0.0,25.93566875722924,17.24330698873342,True,False,False
2710,48,1,4.527470708095937,15,1,1,0,0.0,27.92237144559224,3.803293672736429,False,True,False
2711,77,1,6.258413818580509,108,4,2,0,0.0,21.2897091557179,38.20050771320914,True,False,False
2712,21,0,7.320924814777362,77,4,0,0,2.0,31.71803877912962,21.89505723577978,False,True,False
2713,38,1,3.636326830628106,117,3,2,1,0.0,26.98723903188476,29.50232699585114,False,False,True
2714,31,0,9.342896273360155,45,4,0,0,0.0,31.8874237599202,21.14269315261388,False,False,True
2715,34,1,8.54464705300687,39,3,0,1,0.0,26.68502386202501,14.9446871463651,False,False,True
2716,34,1,5.277673664409301,76,4,0,1,0.0,30.91736741805872,26.13072996418362,False,False,True
2717,73,0,5.516383379864599,19,4,1,1,0.0,21.31954424243172,15.089851757498565,False,False,True
2718,77,1,4.738951146336948,65,4,2,0,0.0,27.606261710235948,22.918144991179844,False,True,False
2719,76,0,9.36624785137812,50,2,1,1,0.0,18.705452908888866,18.84246761276998,False,True,False
2720,51,1,2.1613310902939302,31,4,0,0,0.0,18.619052678948044,12.50210067561233,False,False,True
2721,66,0,1.2506479982448018,48,2,1,0,2.0,24.672573554842707,15.449847037312834,False,True,False
2722,61,0,7.047494972637852,112,4,0,1,0.0,34.27757981459871,31.159475775921933,False,False,True
2723,50,1,9.637974835896866,113,2,0,0,0.0,26.68502386202501,30.946866858968537,False,False,True
2724,68,1,1.7285473182012048,52,3,0,0,2.0,32.90516973199189,14.504611722643212,True,False,False
2725,25,1,5.62963481871566,111,2,2,0,0.0,20.41066578752199,35.364523361587125,True,False,False
2726,72,0,1.2123277100271628,68,2,1,0,0.0,28.927653274744408,17.09850349218969,False,True,False
2727,79,1,6.976906040331018,22,3,2,1,0.0,23.148912338029923,14.750252859309851,False,False,True
2728,30,0,8.318349895274327,19,2,0,1,2.0,19.313979427717737,9.256251599263122,True,False,False
2729,61,0,2.4898671534077854,85,2,1,0,2.0,33.503748204034395,19.67968771853023,False,True,False
2730,67,0,8.31066449881133,35,3,0,0,2.0,32.989619824758776,14.293523277379286,False,False,True
2731,70,1,1.4748095334888174,75,2,1,1,0.0,23.797340673940287,19.272315182417223,False,False,True
2732,70,0,1.0533165890860214,57,1,2,1,2.0,19.79694588796758,17.592227698943187,False,True,False
2733,32,1,1.414406440404087,20,3,1,1,0.0,22.32743501757142,8.125109841272884,True,False,False
2734,60,1,6.392068163380974,105,4,2,1,2.0,22.84822926075321,33.34916259089148,False,True,False
2735,78,1,5.5767468859621525,118,3,1,1,0.0,26.191913430090207,30.220696916763035,False,True,False
2736,68,1,7.1817984436141895,64,3,2,0,2.0,34.11751093018966,22.16876250183445,False,False,True
2737,53,1,2.148113362278558,58,2,2,0,0.0,31.91318880038323,21.219108105770346,True,False,False
2738,20,0,3.925518790526338,37,2,1,1,0.0,21.55701704540397,7.4319753815352065,False,True,False
2739,69,0,4.235181596685492,62,2,2,0,2.0,27.66937063423253,24.192561464030312,False,False,True
2740,40,1,2.4010769148781392,92,3,0,1,0.0,23.639753739050526,25.39193280936904,True,False,False
2741,40,0,3.333161218512432,63,2,0,1,2.0,33.94443620884411,18.29626265283351,True,False,False
2742,50,1,9.858166451214842,31,1,2,0,0.0,30.48794054760302,16.738362434518084,False,True,False
2743,33,0,5.557241309198596,102,2,2,1,0.0,24.8083532805384,31.506149258587683,True,False,False
2744,50,0,3.332938003947878,54,4,2,0,2.0,21.2174580246274,17.70915927839974,False,True,False
2745,23,0,2.5908118068111468,5,1,1,0,0.0,26.283841683171453,4.347998704716357,False,True,False
2746,56,0,5.326668211687504,117,4,2,1,2.0,31.12574894447053,38.615865700534975,True,False,False
2747,79,1,5.428735348495736,115,1,1,0,0.0,22.84362667337889,26.57933341000067,False,False,True
2748,28,0,6.394855528993767,25,3,1,1,0.0,23.86424551555919,8.499216475505204,True,False,False
2749,34,0,6.860730773357746,60,2,1,0,0.0,26.181040308087965,16.631009398756966,False,True,False
2750,47,1,6.162261462584102,55,4,0,0,0.0,27.01873054470335,20.039223123443453,False,False,True
2751,64,1,8.717367283625983,55,1,0,0,0.0,30.64300756757655,17.367359999235752,False,False,True
2752,48,1,4.6207858041231935,47,1,1,0,2.0,19.440354247583027,17.251833754590226,True,False,False
2753,65,0,8.299785215802325,40,2,1,0,0.0,31.20243967750121,16.442484641043137,False,True,False
2754,70,0,8.257197527142306,90,1,2,0,0.0,34.56789878299894,24.848399254135977,True,False,False
2755,74,0,5.497351060011898,42,3,2,1,0.0,22.64800118843166,13.515057879864033,False,True,False
2756,51,0,3.6340430118348177,17,1,2,0,0.0,24.085449578091698,9.042142908800948,False,True,False
2757,58,0,6.539062783459654,30,1,0,0,0.0,26.911838643128096,8.347604876032689,False,True,False
2758,60,0,4.123423233583993,109,4,1,0,0.0,19.825364549683293,34.20371804729972,True,False,False
2759,62,0,2.90962344310186,8,4,2,1,0.0,22.239950091881344,13.022164941518454,False,False,True
2760,28,0,4.775856800740407,93,2,1,1,0.0,34.40401883895214,18.664015449476025,False,False,True
2761,58,0,8.668097645395388,42,4,2,0,0.0,25.454837825717544,19.1201344915046,False,True,False
2762,31,0,1.534044077257509,2,2,0,0,0.0,24.84068234892888,2.19212869671774,False,True,False
2763,61,1,3.174422158360359,118,4,2,1,0.0,27.691119750628296,33.551731188774085,False,True,False
2764,21,1,2.623203714534867,11,3,0,0,2.0,27.306410575484342,8.198490525161006,False,False,True
2765,63,1,7.335478741797659,67,3,1,0,0.0,19.540640358448947,19.19053850629913,False,False,True
2766,29,0,1.999314307214736,78,4,0,1,2.0,30.567678950682748,21.604123708491976,False,True,False
2767,34,1,5.708171016156019,71,2,1,0,2.0,31.11561282946685,18.233051844206447,False,False,True
2768,58,0,7.121285586205092,82,1,1,1,0.0,30.34958548274156,24.04261357356667,False,True,False
2769,22,1,3.411484750961631,2,3,2,1,2.0,30.077045339351628,6.415611444980263,True,False,False
2770,58,0,1.842696040002663,37,4,0,1,0.0,20.48379873209783,13.833238703980646,False,True,False
2771,21,0,7.2031961796582085,93,4,1,0,2.0,25.613074451902783,25.24523014804514,False,False,True
2772,44,1,5.776256707871692,44,4,2,1,0.0,22.95365523206164,23.58222890392999,False,False,True
2773,23,1,1.1644118344870902,3,1,2,1,0.0,33.65737058711677,6.364354142942139,False,False,True
2774,64,0,2.264475833747215,101,2,1,1,0.0,27.70366245717043,23.921446920073944,False,True,False
2775,44,0,6.273078430174812,112,3,0,0,0.0,34.17173450559327,26.56088375166728,False,False,True
2776,67,0,5.345906807042592,83,2,2,0,0.0,29.34226506248121,28.79810586572253,True,False,False
2777,20,0,4.31991182493348,77,2,2,0,2.0,20.49934557725529,21.14215668834334,True,False,False
2778,41,1,1.641906904715329,64,3,1,1,0.0,19.82706544130828,14.726599512411449,False,False,True
2779,50,1,1.5083508160313386,56,1,0,0,0.0,19.26039748622649,11.54164883100927,False,True,False
2780,75,0,9.807205553734365,69,1,1,1,0.0,32.26077464186242,18.952110625001108,False,False,True
2781,77,1,6.608196286774163,9,1,2,1,0.0,19.11664475439565,13.038580722483983,True,False,False
2782,36,0,5.557241309198596,74,2,0,0,0.0,26.340422304768097,16.971474723353577,False,True,False
2783,51,1,4.048749137930566,64,2,0,0,0.0,23.40897276526863,17.34732501437236,False,True,False
2784,50,1,8.245101691735513,49,3,2,1,0.0,26.68502386202501,15.296991201092512,False,False,True
2785,74,0,3.631519214629664,92,3,2,1,0.0,22.67834013109832,22.842505850689008,False,False,True
2786,75,1,8.037573552749368,2,1,0,1,2.0,25.221732595378565,1.5615721765750834,False,False,True
2787,59,0,6.132141681193433,84,2,2,1,2.0,25.93063616672055,23.73140000004369,False,True,False
2788,71,1,9.240327869633823,83,2,1,0,0.0,30.951097680261107,28.617650825403626,True,False,False
2789,69,0,7.076704739604615,111,2,2,1,2.0,33.29317378516646,34.304450210708254,False,False,True
2790,49,1,2.3078481070296344,110,2,2,0,2.0,29.82410534994054,26.372099573309708,False,False,True
2791,76,0,5.590174417552285,69,3,2,1,0.0,24.07062571375203,24.08150515729888,False,True,False
2792,66,1,2.251532132145366,111,1,1,1,2.0,26.68502386202501,23.63109991195305,False,False,True
2793,37,0,6.756554121421205,105,1,0,0,2.0,22.691222157665216,21.487731699431336,False,True,False
2794,33,0,7.886378447636922,114,3,2,0,0.0,31.553048759036496,30.769455682879563,False,True,False
2795,68,0,6.546434402882724,11,2,1,1,2.0,22.582939013839784,7.570849230415982,False,True,False
2796,45,1,3.0707731757800167,105,3,1,0,0.0,26.928069374816808,25.40521223613473,False,False,True
2797,46,0,3.0193014492314174,88,4,1,1,0.0,23.308370133815096,26.572477391587604,False,False,True
2798,59,1,5.664868501862647,50,2,2,0,0.0,34.930322497670296,19.272445592040768,True,False,False
2799,75,1,2.584743697285446,23,4,2,1,0.0,22.553551299508385,19.71173255540841,True,False,False
2800,25,0,4.904004469664383,30,3,1,0,0.0,31.976855239504808,7.48483893146452,False,False,True
2801,75,1,4.416677807370709,107,2,2,0,0.0,21.38088895850842,32.40126184475653,False,False,True
2802,69,1,5.557241309198596,86,2,1,0,0.0,31.0760893840909,22.63378263265403,False,False,True
2803,56,0,7.776834555665051,74,1,2,1,2.0,21.454527090847265,27.44596907507437,True,False,False
2804,64,1,4.747529531277283,12,3,0,0,0.0,32.82899837600949,9.847762938787795,True,False,False
2805,48,0,8.21385514647168,72,1,0,1,0.0,31.48187085614808,25.10362874219152,False,True,False
2806,66,1,9.480103475420496,48,3,1,0,0.0,29.907507786165084,16.054533951373607,False,False,True
2807,57,1,1.2302108487565135,8,1,2,0,0.0,21.17453783321551,8.835099897877685,False,True,False
2808,38,1,7.697140171429332,44,2,0,0,0.0,25.1598146204335,17.36337180007193,False,True,False
2809,72,1,3.926990722371708,89,3,1,1,0.0,22.80766262592913,25.097022544061083,True,False,False
2810,22,1,5.156258806176579,16,2,2,0,0.0,22.6106497078293,12.91965211129098,True,False,False
2811,27,0,6.12353244655472,3,2,0,0,0.0,28.9759831958524,3.924376120678146,False,True,False
2812,66,0,1.4724296555772691,93,2,0,1,0.0,27.02314835927345,22.029806246855618,False,True,False
2813,78,0,7.808009287307786,10,1,1,0,2.0,34.200300437098704,6.153341718506978,False,False,True
2814,33,0,9.764899903392758,110,3,0,0,0.0,32.64364314268698,25.483215763660155,False,True,False
2815,73,0,6.70417278393456,39,4,2,0,0.0,30.345489489775225,22.179494261976,False,False,True
2816,63,1,5.335802467560833,20,4,0,0,0.0,29.02592264441172,15.739498814481763,True,False,False
2817,27,0,7.569939021804672,15,1,2,1,0.0,19.430236451326245,10.29892364822923,False,False,True
2818,52,1,4.018044145133892,66,3,1,0,2.0,28.575461082321628,21.95056839495423,True,False,False
2819,77,0,7.433296229181498,93,4,1,1,0.0,32.61655309312903,30.78157995664341,False,False,True
2820,50,0,2.3277145075961214,50,3,0,0,0.0,20.808124407771203,9.66607542262138,False,False,True
2821,33,1,6.587369231553026,4,4,2,1,0.0,30.428236595947467,13.713060484191448,False,True,False
2822,29,0,6.950061346109721,1,3,1,0,2.0,18.689775580397743,5.119146432045289,False,True,False
2823,44,1,4.440135880130423,13,4,1,0,0.0,33.96769266014743,7.305337857345414,False,False,True
2824,40,0,5.44452346586731,99,2,0,1,0.0,32.99013066035585,25.660097525412983,False,True,False
2825,40,1,5.706833635952493,88,3,2,1,0.0,23.429857125242904,27.994760060437667,True,False,False
2826,56,0,3.826396027158797,35,3,0,0,2.0,28.92769621186423,12.721731543032307,True,False,False
2827,75,0,8.115426682927797,95,3,0,0,0.0,21.669994870041883,26.64657887751545,False,False,True
2828,60,1,8.981386006091697,88,4,2,0,0.0,29.48275161215187,33.5544912638563,False,True,False
2829,41,1,5.320166588601588,51,1,0,1,0.0,22.93046441978454,14.135415671226928,False,True,False
2830,68,1,3.707255449768907,39,3,2,1,0.0,26.68502386202501,16.78484279179958,True,False,False
2831,78,0,5.413153969500947,34,1,2,1,0.0,21.85639770403246,14.715797957398966,False,True,False
2832,29,1,7.631245960488991,118,4,0,1,2.0,22.745353270764728,39.48093498473021,True,False,False
2833,41,0,8.572057471054434,52,2,1,1,0.0,31.615577828961065,14.455785636116325,False,True,False
2834,23,0,7.939345332203693,50,4,0,0,2.0,22.42599234501006,20.283914361878374,False,False,True
2835,64,1,6.838616249881608,88,3,0,1,0.0,31.35713971727332,24.14180265238416,False,False,True
2836,72,1,3.515224971066837,32,4,2,1,0.0,23.442870504928933,20.43890325063005,False,False,True
2837,77,0,2.4122554483350447,61,1,0,0,0.0,23.24606712535785,12.986547240455405,False,False,True
2838,50,0,2.6618612130432786,41,2,0,1,2.0,23.679389686926072,11.412803860873224,False,False,True
2839,34,0,2.310107588499122,46,2,0,1,0.0,32.181663887431014,13.465262225984835,False,False,True
2840,58,0,4.7289431261818695,8,4,1,0,2.0,18.72184174861557,13.866860523544746,True,False,False
2841,50,1,8.513224011590498,35,1,2,0,0.0,21.257656737726727,14.633916906143538,False,False,True
2842,59,1,6.4124828738360735,64,2,1,1,2.0,27.09559348903712,21.235222436135547,True,False,False
2843,34,0,6.539576997385388,101,1,0,0,0.0,27.69137243553407,23.293720251039343,False,False,True
2844,31,1,1.9203785289740445,111,3,1,0,0.0,21.97214444873824,24.34792068136945,False,True,False
2845,30,0,8.843396875816495,65,4,1,1,0.0,18.777228871268736,19.854795143421992,True,False,False
2846,45,0,5.557241309198596,107,2,0,0,2.0,30.915547336693805,22.992792094996457,False,False,True
2847,64,1,5.17450908655047,55,1,1,0,0.0,30.48347142567125,13.940455066440665,False,True,False
2848,38,1,9.45401514168688,77,4,2,1,2.0,21.11408666428591,29.79719409302762,True,False,False
2849,33,0,4.19864866086102,11,2,2,1,0.0,19.58730573799612,9.448080194043646,False,True,False
2850,76,0,3.507111578850935,41,4,2,1,0.0,28.799798696541043,21.33721254450409,False,False,True
2851,37,1,5.557241309198596,53,4,1,0,0.0,20.79044348637805,21.755144111615223,False,True,False
2852,76,0,3.940669562296341,18,4,2,0,2.0,34.7883496810337,16.0137649024759,False,False,True
2853,24,0,1.5516891500430123,62,4,1,1,0.0,19.79588616327816,19.757019291689417,False,True,False
2854,64,1,4.445135479719184,57,4,0,0,0.0,30.993394727690475,19.48204484860983,False,False,True
2855,28,1,8.339389890221224,90,4,2,0,0.0,21.730201542475825,29.12150085096992,False,True,False
2856,54,0,5.573519257095669,72,2,1,1,0.0,33.71540148190734,18.007002305768793,False,True,False
2857,34,0,2.2104109584595206,17,4,1,1,2.0,31.874618317129404,13.826449406765342,False,False,True
2858,35,0,3.757101176819317,60,4,2,1,0.0,26.68502386202501,22.2553455942431,False,False,True
2859,59,0,3.7382168033792618,30,2,2,0,0.0,27.98791409915756,13.262343261899314,False,False,True
2860,36,1,7.71303038558934,76,4,2,0,0.0,34.393748525608224,26.12651547296408,True,False,False
2861,50,1,2.3910760598489453,38,2,1,0,2.0,34.28103659023057,8.186054673921241,False,True,False
2862,70,0,3.9592162412060814,72,4,2,1,2.0,26.68502386202501,29.189783813754826,False,True,False
2863,46,1,7.803692640381232,85,3,0,0,2.0,31.195009641491485,26.164955831844296,False,False,True
2864,50,0,6.610705582026381,15,1,1,1,0.0,31.58576177403368,9.161614300861856,True,False,False
2865,76,0,9.743357935380796,80,4,1,1,0.0,19.16379130443051,27.59833941970622,False,False,True
2866,53,0,8.489720370768019,28,2,2,0,0.0,20.19377744231293,13.700772888067249,False,True,False
2867,32,0,5.944857510596644,3,1,2,0,2.0,19.685012289758387,9.06321793643841,True,False,False
2868,75,1,5.186112392330016,8,3,0,0,0.0,27.695166846828474,5.272387782868281,False,True,False
2869,57,1,4.207514493699138,31,2,2,1,0.0,26.43120628166076,13.668224231089283,False,True,False
2870,43,0,1.2885642667612451,82,1,1,0,0.0,24.84257264216504,19.87230254253204,True,False,False
2871,36,1,2.4103836618662724,114,3,0,0,2.0,27.082491912449825,29.369065193104923,True,False,False
2872,62,0,1.9706793810607823,40,1,2,0,0.0,27.25686325414403,16.004549952722442,False,False,True
2873,64,0,9.914787145754362,102,1,1,1,0.0,29.686130381799128,26.58184873767523,False,True,False
2874,52,1,7.344733004264853,51,3,1,1,2.0,25.02761921573473,14.831655372925834,False,False,True
2875,24,0,5.532579441762413,92,3,0,0,0.0,20.536254274724207,20.876446369991665,False,False,True
2876,78,1,9.735400610717129,67,3,0,1,0.0,23.0318405054112,19.47536865219613,False,False,True
2877,78,1,4.439033780585667,97,3,2,0,0.0,19.77624191253089,29.570899262005344,True,False,False
2878,52,0,9.928672881322209,73,2,2,0,0.0,20.187517679609577,24.587209265970824,False,True,False
2879,59,0,3.679063440335612,58,4,1,0,2.0,29.18466089081977,23.87463241396897,True,False,False
2880,49,1,5.095138946180031,61,2,0,0,2.0,19.13186084602123,16.62133549785697,False,False,True
2881,23,1,6.684800404703472,75,3,1,1,0.0,24.402908830401373,20.71998836651212,True,False,False
2882,45,0,8.227334446907246,86,1,1,0,2.0,21.53595481122005,21.92187796997238,True,False,False
2883,23,0,3.418306621788414,118,4,0,1,2.0,24.05916777144013,33.17518075511565,True,False,False
2884,34,1,9.93577090243197,100,4,0,0,0.0,27.909759345958168,33.57928953468206,True,False,False
2885,28,0,5.819124780634071,117,1,0,1,0.0,32.244428362043,31.27183550567584,True,False,False
2886,36,1,1.1085626604016068,70,2,1,0,2.0,24.454456497686323,18.612715650050543,True,False,False
2887,44,0,2.4786818555722507,18,1,1,0,0.0,23.043644755570146,7.603939063254719,False,False,True
2888,50,0,8.92903676333237,20,4,1,0,0.0,32.43912258829261,15.443045787771386,True,False,False
2889,75,0,6.638044314053002,33,4,0,1,0.0,32.90784193019325,16.899633390095055,True,False,False
2890,23,1,5.293434026614191,78,2,1,1,0.0,31.907219603296703,19.836659578280727,False,True,False
2891,39,1,8.68479394172683,28,2,0,0,0.0,23.98253969660143,9.14892646293246,False,True,False
2892,60,0,7.720537934809284,34,4,2,1,2.0,19.872310803962247,18.644145076591577,False,True,False
2893,50,1,1.6333129711542638,29,3,2,0,0.0,20.46559874365403,9.734215377994106,False,False,True
2894,56,0,4.758751052818324,67,2,2,0,0.0,29.369812461166784,17.087024212319953,False,True,False
2896,69,0,7.5061090670300015,12,2,2,1,2.0,32.3222108155031,6.995287784946154,False,True,False
2897,39,1,9.127250861435304,117,3,1,0,2.0,32.03922088919671,25.62699968484708,False,False,True
2898,50,0,6.264925738317268,52,4,0,1,2.0,27.35375981827978,23.63005724718445,False,False,True
2899,51,0,1.847527284225135,23,2,0,0,0.0,23.5683165031978,10.788172428574333,False,False,True
2900,51,0,3.77962547303458,69,1,2,1,2.0,25.56453694504889,21.388915000406403,False,False,True
2901,78,1,1.254919217923249,41,4,0,1,2.0,21.74543513284204,15.270219387236995,False,True,False
2902,49,0,1.0906629579390832,118,3,2,0,0.0,21.976550591988943,30.037468513251792,False,False,True
2903,50,1,1.6597523630234785,88,1,0,0,0.0,26.240617142675244,18.503608248838752,False,False,True
2904,41,0,2.33634864704756,71,3,0,0,2.0,25.623478904261084,19.126716757926594,True,False,False
2905,50,0,8.841382167431416,66,4,0,0,0.0,32.90742634745298,20.00826217063515,False,True,False
2906,32,0,9.20363795350466,83,2,2,0,0.0,19.001157268462787,23.63802873285966,False,False,True
2907,37,1,2.602182918630433,43,1,2,0,2.0,21.928060100727524,9.130203371747996,False,True,False
2908,39,1,3.023875826251263,109,1,0,0,0.0,26.68502386202501,26.86128840232437,True,False,False
2909,57,0,3.634673937248439,74,1,0,0,0.0,34.08117583023002,19.67099514192966,True,False,False
2910,31,0,8.87609851616305,95,2,1,0,2.0,19.402478600790392,24.40279812316728,False,True,False
2911,79,0,9.623105159316516,31,4,0,0,0.0,20.73424119872071,19.80015306213441,True,False,False
2912,56,1,6.739325659377359,17,1,0,0,2.0,30.664925524769988,8.302228461249305,False,False,True
2913,50,1,8.75893666106332,68,4,1,1,0.0,26.791084920476457,26.51023056693204,False,True,False
2914,71,1,5.068257161182169,49,4,1,1,2.0,28.66185146174509,20.49052298669849,True,False,False
2915,73,0,3.575676220157205,35,1,0,0,0.0,29.544659273824458,11.78862812937759,False,False,True
2916,47,0,4.646419048152468,117,3,0,1,0.0,19.86641389931881,29.413352236123387,False,True,False
2917,71,0,5.58173645709824,36,2,1,1,2.0,32.620975567193206,16.72572014079121,False,False,True
2918,39,1,4.512932013353992,47,1,1,0,0.0,32.264041715803344,11.948054946698353,False,False,True
2919,37,0,3.931319904199321,108,3,0,1,0.0,34.589819993717,25.539175657999337,False,False,True
2920,78,1,2.418502141565813,15,4,1,1,0.0,34.73760319533001,13.377481741217473,False,False,True
2921,50,1,5.3425503224390205,18,2,1,0,2.0,21.924709784911062,7.581187061331799,True,False,False
2922,71,0,8.293929270540627,109,2,1,0,0.0,20.8470001460794,25.76563802115904,False,False,True
2923,40,1,4.670943491772848,77,1,0,1,2.0,27.623136321306365,16.625407005882757,False,True,False
2924,46,0,7.174658398804476,58,3,2,1,0.0,19.829708290384367,18.03958320195347,False,True,False
2925,41,1,2.493884994434888,109,4,2,1,2.0,33.9788367246947,34.68123743912123,False,True,False
2926,42,1,6.873418136938961,67,2,1,1,2.0,28.55817925355764,17.011499590975838,False,False,True
2927,77,1,6.597229791554904,79,2,0,0,0.0,31.28948103193394,21.09985005108005,False,True,False
2928,29,1,6.432272088923851,112,3,1,1,0.0,31.254248450420704,24.17376448903725,False,True,False
2929,54,0,3.763001645635006,11,4,0,0,2.0,33.85757140017612,9.81171586264561,False,False,True
2930,21,0,5.870833891941685,74,4,1,0,0.0,27.07447424283633,25.631883519011364,True,False,False
2931,60,0,5.8704540319059255,93,4,2,1,0.0,23.518882492982986,34.73971231483979,True,False,False
2932,59,0,5.288404576184436,79,3,0,0,0.0,24.26051304128797,23.2187384034215,True,False,False
2933,32,0,1.6321357528253295,89,1,0,1,2.0,26.68502386202501,24.90856516782581,False,False,True
2934,70,1,7.582185745996402,54,3,0,0,0.0,27.867884424187423,16.19126541448577,False,False,True
2935,74,1,8.082646542868682,86,3,2,1,0.0,23.44622134359479,25.779464047481675,False,False,True
2936,29,0,5.832111434683798,31,2,2,0,2.0,24.07178299876341,12.938368823959674,True,False,False
2937,74,1,5.704243966400833,16,3,0,1,2.0,18.84535570958978,10.18483823081684,True,False,False
2938,49,0,5.720505167970788,33,1,1,1,2.0,33.8453910033075,11.96877007849904,False,True,False
2939,46,1,6.383269588334796,7,2,2,0,2.0,26.81196687348823,14.45719954393574,True,False,False
2940,78,1,7.866936426607247,10,3,1,0,0.0,26.68502386202501,7.252654548274734,False,True,False
2941,72,1,7.24957594731922,77,1,2,0,2.0,34.671778811965,24.1755567589513,False,False,True
2942,26,0,7.367818939708993,20,2,0,0,0.0,29.196793714872367,9.5720345213333,False,False,True
2943,64,0,1.4344469826218331,101,2,2,0,0.0,18.853514955775204,22.10911058603984,False,True,False
2944,73,1,9.426163490264829,63,4,1,0,0.0,24.71810598848339,23.8695599292104,False,False,True
2945,73,0,7.142437303634339,100,2,1,0,0.0,20.279509549134502,26.052484826595872,False,False,True
2946,30,1,8.428401800820746,58,3,1,0,0.0,20.474419321738583,15.954645226549603,False,False,True
2947,77,0,9.971269414109686,45,2,2,1,0.0,28.430389802121244,18.25258230019507,False,True,False
2948,77,1,6.490390109119764,1,3,1,1,0.0,20.06298870222485,6.753689292917306,False,False,True
2949,40,1,6.4650650526855165,37,1,0,0,0.0,20.99156302133048,13.542375921335866,True,False,False
2950,58,0,9.10281015617042,26,3,1,1,2.0,23.2479997863886,12.017439346440105,False,True,False
2951,36,0,2.439666257208888,92,1,0,1,0.0,19.901164092410244,20.14332064289429,True,False,False
2952,49,0,2.3221801812063427,38,1,0,0,0.0,26.62604713971145,11.353255342484806,False,False,True
2953,34,1,7.047028140727353,44,3,0,0,0.0,34.48306362622932,12.851825706057095,False,True,False
2954,74,0,4.708869118373031,56,1,2,0,0.0,27.10792839813925,19.434098909317267,False,False,True
2955,43,1,6.010918479077416,69,2,0,0,2.0,26.68502386202501,19.610169051345547,True,False,False
2956,22,0,1.291378395469673,38,1,0,0,2.0,23.59169177563896,12.819125915686826,True,False,False
2957,48,0,6.748535640242976,47,4,2,0,0.0,28.96051828986233,25.105943614990377,False,True,False
2958,36,1,5.921084123454554,33,2,2,0,0.0,19.72504043702048,12.8791437814111,False,True,False
2959,55,0,8.052255052685954,104,3,2,0,0.0,24.66612816379784,30.30746030761564,False,True,False
2960,50,0,9.206852363605067,6,3,1,0,0.0,33.67382570652599,5.076796557786794,True,False,False
2961,50,0,8.969714548778773,110,1,2,0,2.0,30.188427384201056,29.79693102465063,False,True,False
2962,48,1,5.345290839955333,104,2,0,0,2.0,29.334853494666927,26.795612005270904,False,False,True
2963,41,1,7.469274114542481,51,3,0,0,0.0,29.857661191931115,11.060517477109624,False,True,False
2964,49,0,7.7283741528949825,118,4,1,0,2.0,23.273321541411423,34.71350509383435,True,False,False
2965,42,1,2.3479941851281243,90,2,2,1,0.0,30.443589592124127,23.57419937540794,False,True,False
2966,43,1,7.19780547037951,109,1,2,0,0.0,30.867347058308912,29.25832004081909,True,False,False
2967,20,1,6.634882917883421,64,4,0,1,0.0,29.560223575813133,23.341520055709147,True,False,False
2968,75,0,6.772539238509848,70,4,1,1,0.0,24.46189999502858,25.335038210378222,False,True,False
2969,39,1,7.372101977841606,68,1,2,0,0.0,26.710011812289068,18.37375616254916,False,False,True
2970,34,0,5.266918682580402,36,4,2,1,2.0,28.02528869000464,18.86442362758587,False,True,False
2971,20,0,5.6730406977057495,7,2,0,0,0.0,32.33216787506919,5.726354418012296,False,False,True
2972,20,1,1.096050590639507,109,3,0,1,0.0,32.79221702857549,22.364746369018665,False,True,False
2973,60,1,7.329747761770402,26,4,0,1,2.0,28.161907862441065,14.735510558413765,True,False,False
2974,61,1,7.506235476306418,99,2,1,0,0.0,26.61048233387162,25.121455758416868,True,False,False
2975,53,1,4.704001718905246,39,2,0,0,0.0,26.69717373358167,12.663275263141864,True,False,False
2976,70,0,5.557241309198596,72,1,0,0,0.0,24.219817121431284,25.414360950846785,False,False,True
2977,57,1,3.42423730597184,41,3,2,0,0.0,23.7865877077884,16.11813112024168,True,False,False
2978,71,1,2.7265250314090954,119,1,0,0,0.0,20.73050468443098,28.81578064981729,False,True,False
2979,51,0,1.9548260165161824,55,2,0,1,2.0,24.65417136850344,14.554855284811277,False,True,False
2980,47,0,1.3068612806794324,2,2,1,1,0.0,34.73685929967629,2.7967913009742937,True,False,False
2981,40,0,6.499210703877321,25,3,1,1,0.0,29.54026769132225,10.081497526438907,False,True,False
2982,78,1,3.2580313871846607,37,3,0,0,0.0,29.817965371172114,9.859844712438807,False,True,False
2983,68,0,6.218395957900672,49,4,1,0,2.0,31.763828289496534,20.44048963285704,False,False,True
2984,30,0,7.720038683079733,32,2,1,1,0.0,25.43631193685805,11.340660687265434,False,True,False
2985,70,1,3.351955563468117,97,4,0,1,0.0,33.36848129291593,28.51795757300554,False,False,True
2986,43,1,8.078940427285094,89,1,2,1,0.0,26.44661180569907,28.650630902543085,False,False,True
2987,29,0,4.038905519208456,36,4,1,1,2.0,24.27911312062975,17.35223857496164,False,True,False
2988,36,0,6.7807806021191634,96,3,2,0,0.0,34.267187694409444,26.2031229856613,False,True,False
2989,56,0,2.339278430663584,75,1,2,0,0.0,22.703460534228963,22.11650557354318,True,False,False
2990,20,0,9.470220263654024,110,1,1,1,0.0,27.071934260695976,22.94463461239408,False,True,False
2991,63,0,2.1937948700856897,51,4,0,1,0.0,24.323692527478773,21.42345855790386,False,True,False
2992,28,0,5.520715458955678,106,3,1,1,2.0,25.171085562817595,24.261939562423308,False,True,False
2993,27,1,9.349070873495672,21,4,1,0,0.0,21.77037012220365,14.212433694135104,False,True,False
2994,69,0,3.378195431309911,36,2,0,0,0.0,29.623877300448296,7.488191374593661,False,False,True
2995,34,0,5.350528600139138,15,4,1,1,0.0,25.34837099216396,11.267303362344714,False,True,False
2996,69,1,8.139682690288614,51,1,1,0,0.0,30.530792669971586,15.813334629840526,False,False,True
2997,56,1,8.933900053653389,68,3,1,1,0.0,26.68502386202501,21.10883385427039,True,False,False
2998,78,0,3.416544255275518,19,2,2,0,2.0,23.951447384676097,10.973022386126424,False,True,False
2999,25,1,5.30831548512399,115,1,1,1,2.0,24.622449238025624,23.64209961342517,False,True,False
3000,28,0,8.197105722882412,105,4,1,0,2.0,23.92350716296125,29.68829237651483,False,False,True
3001,23,1,4.884857687659433,89,3,2,1,0.0,20.57523014234007,25.7753334837847,True,False,False
3002,77,1,5.0436623880662905,74,1,1,0,2.0,33.42872277453909,22.134630835393864,True,False,False
3003,75,0,8.152125179597265,88,3,1,0,2.0,19.32850936208836,24.24391797710365,True,False,False
3004,55,0,4.171923473739175,23,1,1,0,0.0,20.87921718448712,5.769734952678608,False,True,False
3005,28,0,2.2739689852939544,87,3,2,1,0.0,26.68502386202501,21.756247089286777,False,True,False
3006,24,0,5.541781938931507,58,3,1,1,2.0,23.27360203023331,15.900510074269889,False,False,True
3007,78,0,2.3773833744743915,48,2,0,1,0.0,26.68502386202501,16.895158182927958,True,False,False
3008,53,0,5.12926258842132,104,3,0,0,0.0,27.64591636901368,26.950529217787818,True,False,False
3009,78,1,5.78252613824594,25,4,2,0,0.0,23.31710444603796,17.832428969337844,False,False,True
3010,62,1,7.959486004001335,79,3,2,0,0.0,23.0853126118252,23.60937519475613,True,False,False
3011,64,0,7.968260329306039,3,4,0,1,2.0,29.98492943289302,9.148786980673838,False,True,False
3012,43,0,5.557241309198596,98,2,0,1,0.0,28.8218699854651,24.934231262319305,False,False,True
3013,57,1,7.69753897464537,77,4,0,1,2.0,22.222646474397685,26.03605911682914,False,True,False
3014,53,0,9.71020222068707,98,1,0,0,0.0,31.704060010912865,25.636324089501432,False,True,False
3015,48,1,8.616488092026628,36,2,0,0,0.0,33.06607958291541,15.157915257935237,True,False,False
3016,63,1,9.068538258630952,3,2,2,0,0.0,20.824790103514623,6.544879645497844,False,False,True
3017,68,0,5.740730671870415,104,2,2,1,0.0,34.43027174575832,29.486075258870457,False,False,True
3018,41,0,7.597217933772923,46,4,0,1,2.0,26.37979956083877,17.559770735586127,False,False,True
3019,44,1,5.659108014078615,5,3,1,1,0.0,27.679874177279217,4.993257170420697,False,False,True
3020,64,1,8.743331235524327,112,4,2,0,2.0,23.04445686598582,36.79555048974025,True,False,False
3021,73,1,1.3459005352122724,12,2,0,0,0.0,30.92272955405052,6.371607554598603,False,True,False
3022,38,1,3.8332455302851134,66,2,0,0,0.0,26.68502386202501,15.823202206749851,False,True,False
3023,39,1,4.664272461003202,103,1,0,1,0.0,24.38676628114048,25.01614408584815,False,True,False
3024,30,0,2.615502344449156,86,2,1,0,0.0,26.4445343107536,18.869433799814647,False,False,True
3025,20,0,7.383674232258987,44,4,2,1,2.0,34.08554683834599,23.276993099170824,True,False,False
3026,79,0,1.921603148164011,17,3,0,0,0.0,23.32115350905069,8.315522336883722,True,False,False
3027,50,1,4.579960163779357,50,1,2,0,0.0,32.01158750722608,18.44315887548616,False,True,False
3028,27,1,4.031371998707112,8,2,0,0,0.0,30.13430300210604,0.4540850556033633,False,False,True
3029,24,0,1.6826640155411945,60,1,2,0,0.0,30.716941311441687,17.220985802548725,True,False,False
3030,58,0,1.489295605961654,97,2,2,1,2.0,19.36526248465152,27.09923106549889,True,False,False
3031,37,0,8.12525589281572,8,1,1,1,2.0,20.152052449039385,10.161165689533744,True,False,False
3032,68,0,7.39836673073095,11,4,2,1,0.0,26.68502386202501,17.653620301790845,True,False,False
3033,21,0,2.8622456861150525,65,3,1,1,2.0,27.64775830385531,13.429886712084052,False,True,False
3034,63,0,2.5714982528403576,79,4,1,0,0.0,22.60988906459916,23.95352478430371,False,False,True
3035,68,0,2.572296672014032,72,1,0,0,0.0,33.97825715854892,18.16856790073266,False,True,False
3036,60,1,6.40013029732572,8,3,2,0,0.0,24.67431224707789,12.34297460584298,True,False,False
3037,27,1,1.550545796493494,16,3,2,1,2.0,32.432123483252084,8.376862798421822,True,False,False
3038,66,1,8.271442270128551,30,3,2,0,0.0,23.89338412425408,17.121274839873013,False,True,False
3039,66,0,8.651547506845429,51,4,2,0,2.0,32.489389657976204,23.08994670449516,False,True,False
3040,78,0,8.948737476312477,39,1,1,1,2.0,27.56537109173562,15.5671588195413,False,False,True
3041,60,0,2.936085373414368,90,4,1,0,0.0,25.878327746908173,30.7572582916625,True,False,False
3042,27,1,5.013525747885164,38,1,1,0,0.0,23.088159217164897,13.953407129081038,False,True,False
3043,74,1,2.662425186128949,108,4,1,1,0.0,33.16153264130517,34.76439534417318,False,True,False
3044,54,0,1.6281953640527478,92,3,1,1,2.0,25.22398552559266,21.860913067777435,False,False,True
3045,50,0,2.415461806687539,83,1,0,1,0.0,20.73963257512392,22.002124526543337,True,False,False
3046,25,0,6.9675674421627285,80,2,2,1,2.0,29.421815934814475,28.441083656512664,True,False,False
3047,21,1,5.557241309198596,101,3,1,0,2.0,25.668390046577464,23.909785685843826,False,True,False
3049,56,0,7.760325195562968,71,2,1,1,2.0,26.550052674895795,17.029102090982427,True,False,False
3050,50,1,2.783856387119677,82,1,1,1,0.0,24.18849280350509,20.82412747185554,False,True,False
3051,66,0,9.591761446446082,83,2,1,1,0.0,20.898557494802773,23.96198426718652,False,False,True
3052,76,1,9.223885029734188,79,3,0,0,0.0,23.185214673714928,22.60839463893407,False,False,True
3053,47,0,2.9508748120936,33,2,2,1,2.0,33.28632920944762,14.709811874705894,False,False,True
3054,34,0,9.33528369936638,111,1,2,1,2.0,25.77182722300971,28.473421732009683,False,True,False
3055,32,0,7.955925197171663,15,3,2,0,0.0,24.86227619681815,8.705338485643574,False,True,False
3056,60,0,3.2875994287509176,87,1,2,1,0.0,34.55922645362675,25.128769794685702,False,False,True
3057,47,0,8.667723282002576,24,4,0,1,0.0,31.100001912499167,15.285540044908007,False,False,True
3058,59,1,3.834568557268835,11,4,1,1,2.0,30.08864018332849,11.575394338351163,False,True,False
3059,43,0,3.945252771152353,37,3,1,0,2.0,25.08097984728038,11.964411823736611,False,True,False
3060,71,0,2.777262253171147,68,2,2,1,0.0,23.348832921741074,21.812548706169373,True,False,False
3061,50,1,5.46000121338337,64,1,2,1,0.0,33.46290038712986,19.62122860534313,False,False,True
3062,33,0,6.010138474135782,79,1,1,1,0.0,32.32152128443803,19.223828901839497,False,True,False
3063,52,0,8.341383430018656,52,4,1,0,0.0,26.68502386202501,22.68879651600988,False,False,True
3064,20,1,3.214892103186844,47,2,1,0,2.0,20.693921025666647,9.222446138379702,False,False,True
3065,27,0,7.701011713941214,80,4,1,0,0.0,30.773723737847185,23.32233098299138,False,True,False
3066,50,0,3.6837539008803897,49,1,1,1,0.0,25.55100693545773,13.263633188752069,False,True,False
3067,64,0,2.022285856408074,95,4,0,1,0.0,21.2209621369751,29.765687963189343,True,False,False
3068,25,1,5.796012955524389,21,2,1,0,0.0,34.6244224515182,6.718071133045117,False,True,False
3069,20,1,3.43469602154662,15,3,0,1,2.0,32.13113606226894,3.102795419850559,False,True,False
3070,57,0,3.9637478157813937,104,4,2,0,0.0,26.68502386202501,31.74954855770113,False,False,True
3071,51,0,5.993802252992413,10,1,1,1,0.0,23.565911216993857,4.172898755206862,False,True,False
3072,30,0,8.982160519529582,15,1,2,1,0.0,33.217882356064344,15.118693740030924,True,False,False
3073,34,0,7.21768153905832,82,4,1,1,0.0,21.563311843929107,26.74485382774126,False,False,True
3074,26,0,5.557241309198596,111,2,2,1,0.0,26.68502386202501,33.6303356044661,True,False,False
3075,45,1,1.0439601941822674,30,4,2,1,0.0,25.93651276157121,19.46883748134132,False,True,False
3076,61,1,1.1625419778396449,18,4,2,0,0.0,30.337140990728543,18.39492972985549,False,False,True
3077,52,1,4.837967157631887,115,4,0,1,2.0,22.35961803001188,33.09457330535306,False,False,True
3078,65,0,2.616912692531614,31,2,2,1,2.0,30.24901603135499,12.811910205607605,False,False,True
3079,39,0,3.863469433803888,51,4,0,0,2.0,33.89330430342554,16.08739681379207,False,False,True
3080,28,1,3.050588692688505,106,3,1,0,0.0,20.5740152700238,27.05889783409343,True,False,False
3081,30,1,9.579880723908298,13,1,1,1,2.0,19.672124153408014,6.230354474916823,True,False,False
3082,53,1,2.4073625127997627,73,3,0,0,0.0,32.75027704462215,18.502249915625217,True,False,False
3083,25,1,2.3766568354516937,86,1,1,0,0.0,22.519060995907004,21.028481536357948,True,False,False
3084,47,1,4.187387770835455,1,1,0,1,2.0,28.92464415915189,6.3631230552508296,False,True,False
3085,26,0,9.22100228628031,28,4,1,1,0.0,28.9481059448986,13.522940235066956,True,False,False
3086,50,0,8.797846626088806,50,4,1,1,0.0,26.58577166050209,18.607511642153124,False,True,False
3087,68,1,4.534292020230472,55,3,0,0,0.0,22.25786500792541,19.17781107761332,True,False,False
3088,22,1,1.5623178522203878,115,3,1,1,2.0,23.30394971902446,27.541491395060746,False,True,False
3089,56,0,4.853022127725176,13,4,1,1,2.0,30.258138764282176,11.14583282715456,False,True,False
3090,50,1,9.051380860158746,102,1,1,1,2.0,25.75460238598892,26.496193807501363,False,True,False
3091,32,0,5.557241309198596,119,3,2,0,2.0,30.070659057655064,26.832236378896884,False,False,True
3092,67,1,7.155040192999092,102,4,0,0,0.0,26.414445358086923,30.161093014850504,False,True,False
3093,47,0,1.51034186233042,12,3,0,1,0.0,20.32988940173436,4.850654776158873,False,False,True
3094,31,0,7.2480413443753395,58,3,1,1,0.0,29.71385699541793,16.126673454604838,False,True,False
3095,20,1,5.29739245416185,24,2,1,1,2.0,23.649431386268944,6.940878549670878,False,False,True
3096,72,0,2.0651080034609013,63,3,1,0,0.0,19.791119831320493,16.672288832842977,True,False,False
3097,49,0,2.94513398513886,22,4,2,0,2.0,29.61266807233593,14.600002385322997,False,False,True
3098,76,1,8.320662042082116,58,2,2,0,0.0,32.40715995139454,21.058410005090074,True,False,False
3099,41,0,4.714029496031871,9,4,2,0,0.0,22.30037131423231,15.495609243307635,True,False,False
3100,48,0,5.557241309198596,92,1,2,1,2.0,30.098457596839047,24.04730224134035,True,False,False
3101,69,1,2.5802179987115466,53,2,0,1,0.0,20.17280338317908,14.79234298477974,False,False,True
3102,47,0,9.984106232458483,111,1,1,0,2.0,28.770978505574504,29.683987771778582,True,False,False
3103,76,0,1.7837384463228576,15,1,2,0,2.0,24.634008081582287,7.488894710216551,False,True,False
3104,52,1,7.771111322787604,114,4,1,1,2.0,34.10476278440731,29.6059523422023,False,False,True
3105,23,0,1.014261800197061,66,2,0,0,0.0,22.55350154098312,15.237009207811692,True,False,False
3106,50,0,7.735247500857577,56,1,1,1,2.0,22.01476372606912,18.097452307159827,False,False,True
3107,79,0,7.564834845844435,3,2,0,1,0.0,29.82137969661021,9.098727005210751,True,False,False
3108,61,0,7.995660182551662,75,3,0,1,0.0,23.893792175678715,22.93080494179329,False,True,False
3109,58,0,5.557241309198596,109,1,2,0,0.0,20.838484474145563,32.07953537325949,False,False,True
3110,36,1,8.714736582281251,103,3,1,0,2.0,31.081072335867454,26.33906173615683,False,False,True
3111,52,0,4.926480900756099,94,3,0,1,0.0,31.01579565900898,27.341923571155924,True,False,False
3112,58,0,9.0494476873467,118,2,0,0,0.0,31.453569169462185,29.195156411915423,True,False,False
3113,60,1,7.286324210333986,116,2,2,0,0.0,26.881606033528257,36.1983882115011,True,False,False
3114,27,1,9.38269295013754,10,4,2,0,0.0,21.53011696270511,17.791763995612563,False,True,False
3115,30,0,5.351698606284743,6,1,1,1,0.0,28.110684555739475,4.037546759196321,False,False,True
3116,66,1,7.206746676930155,51,3,0,1,0.0,27.064562887614706,16.245231645302844,False,True,False
3117,30,0,6.727858693775642,29,3,0,0,2.0,20.07674615442464,11.271507280101224,True,False,False
3119,71,1,8.587332522349328,5,1,2,1,2.0,28.090615011034885,12.753639006975638,False,True,False
3120,50,0,5.520473781358486,42,3,0,1,0.0,22.91351816237811,14.725362371204652,False,True,False
3121,72,1,5.557241309198596,89,4,0,0,0.0,33.790817046424195,25.01598321766486,False,False,True
3122,41,1,1.501746386232952,91,2,0,1,0.0,22.856413471843343,21.28865545823477,False,True,False
3123,78,1,4.782999784886583,58,1,2,0,0.0,19.72783968784301,23.37146794289293,True,False,False
3124,35,1,9.050709132198753,7,3,2,1,0.0,30.24364908857978,9.189480801256902,True,False,False
3125,51,1,2.062490565340468,114,1,1,1,0.0,21.008260001953623,27.92898279840232,True,False,False
3126,49,1,3.972769188011906,12,4,0,0,0.0,24.229994300780312,9.762229104909824,False,True,False
3127,38,0,7.289503034014295,79,4,2,0,0.0,20.00109596014259,27.7303863447663,False,True,False
3128,72,0,6.539418637000472,57,3,2,1,0.0,29.17099194045108,17.861952072001586,False,True,False
3129,41,0,6.40163749882893,97,3,1,0,0.0,24.029460838217336,25.98502497777127,True,False,False
3130,56,1,1.8144667998628008,114,2,2,1,0.0,18.660597745680683,30.87102429932248,True,False,False
3131,33,0,8.869753033000105,31,2,0,1,0.0,25.05919532601689,10.027106203928296,False,True,False
3132,49,1,3.902007611663685,5,4,1,1,0.0,24.32660420673456,8.538763278462241,True,False,False
3133,72,1,5.160297185596904,71,1,2,0,2.0,26.484101026501424,25.227237924567564,False,False,True
3134,35,0,7.4934025581850525,74,2,0,0,2.0,20.502644626257634,20.63030244119058,False,False,True
3135,74,0,5.03177672924674,112,3,1,0,0.0,25.893855362806782,26.75798779136528,False,False,True
3136,54,1,2.1922205861606927,21,3,1,1,0.0,20.838124592931937,7.03086023760069,False,True,False
3137,78,1,6.873520615726181,72,2,2,1,2.0,23.47792863438536,21.827414591311253,False,True,False
3138,34,0,5.591246877193617,102,1,2,0,0.0,32.48386263733396,25.825453212508386,False,False,True
3139,57,0,9.927035715876777,109,4,2,1,0.0,26.29303867364014,35.74693017503044,False,True,False
3140,75,1,7.405138534195774,44,2,2,1,2.0,21.96116863907846,16.45669108150286,False,False,True
3141,74,1,9.398222815655968,96,2,1,1,0.0,22.3670091009378,26.55190889451978,False,False,True
3142,30,1,5.613243641624228,79,1,2,1,2.0,34.91302469228103,21.91850327928758,False,True,False
3143,63,1,8.600693781822894,32,1,2,0,0.0,33.238915652486554,17.1020085381188,True,False,False
3144,24,1,5.587682050383586,68,4,0,1,0.0,27.9864299435146,21.650352641407967,False,False,True
3145,73,1,1.78704175931998,13,4,1,1,0.0,25.84241439638166,9.903884257907771,False,True,False
3146,20,1,3.320297866210038,38,3,0,1,0.0,22.715292127609665,7.265464546057689,False,True,False
3147,27,1,3.2362167197506784,40,2,0,0,2.0,19.13414493592201,12.319037915075596,False,True,False
3148,59,1,5.993432168529756,15,3,1,0,0.0,26.66389023998723,8.557053019153084,False,True,False
3149,42,0,1.831806252145632,62,3,2,0,0.0,28.10456253569438,20.240869173809685,True,False,False
3150,75,1,6.720592282588044,24,3,0,0,2.0,33.92674474529681,11.930528803280112,False,False,True
3151,25,1,8.719877312074265,2,2,0,0,0.0,33.95768307453992,3.643425467412176,False,True,False
3152,54,1,1.297469753914958,4,1,0,1,0.0,29.57496604066016,3.187057089661501,False,False,True
3153,31,1,6.001343743527514,91,3,0,0,2.0,28.70220460987004,20.43802257342331,False,True,False
3154,75,1,4.350516911289173,118,1,2,1,0.0,33.35526929674634,34.21136009394275,False,False,True
3155,72,1,5.9127346091778605,118,4,1,0,2.0,26.96342331587686,34.053789834662574,True,False,False
3156,74,0,5.451379936025184,54,2,0,1,2.0,31.252961301402102,18.61324147892112,True,False,False
3157,50,1,5.486630148901513,71,4,1,1,0.0,26.756641787201563,25.47516821997607,False,True,False
3158,50,0,1.1623411855418002,77,3,1,1,0.0,21.97981945230403,20.67080127686763,True,False,False
3159,62,1,3.8269883718043367,18,2,1,1,2.0,23.842621433499705,9.071444750866055,False,False,True
3160,68,0,8.418411873305871,18,2,0,1,0.0,31.56973551388357,6.799481422960167,False,False,True
3161,56,1,6.49658601680158,63,1,2,1,2.0,34.77345130113345,23.49547996526721,False,False,True
3162,40,1,8.484384667969689,113,1,2,1,0.0,19.40251703073649,30.95595404947992,False,True,False
3163,74,0,5.394786785432606,39,2,2,0,2.0,31.5168291605612,16.12981559016456,False,True,False
3164,71,1,9.734992036556465,6,2,2,0,0.0,34.98251327176983,10.926446042416872,True,False,False
3165,59,1,4.600266723876622,53,1,1,0,0.0,25.376190984040456,16.900893774031903,False,True,False
3166,66,0,7.65627840710424,72,1,2,1,2.0,19.10349249939632,26.931067538415103,True,False,False
3167,77,0,9.416427151389591,84,3,0,1,2.0,33.9659215718992,27.34366005508741,True,False,False
3168,68,1,5.943937286674135,20,4,0,1,0.0,32.65368654052229,13.022797990388645,True,False,False
3170,67,1,5.557241309198596,115,4,1,0,0.0,30.625388720363567,31.46118989635133,False,False,True
3171,40,0,6.774375964103784,101,3,0,1,0.0,21.425207785516704,22.11365664279141,False,True,False
3172,59,0,9.260626805383168,25,2,0,0,0.0,28.15850671096571,10.659783310686516,False,False,True
3173,20,1,9.20111873902924,63,4,2,1,2.0,19.67966052823885,26.839830798122627,True,False,False
3174,32,0,6.443215856595675,85,2,2,1,0.0,27.52138344826928,24.4031041382656,True,False,False
3175,78,0,8.871452150528494,103,3,0,1,2.0,28.277929885716908,27.47957311002252,False,False,True
3176,38,0,3.8091544919029534,15,2,0,0,0.0,19.33565578483697,11.284378962468672,True,False,False
3177,23,1,1.7121636052721532,112,4,1,1,0.0,23.83402620209665,26.052528021929977,False,False,True
3178,32,1,7.495195521053473,22,2,1,0,0.0,31.792755051159507,6.135247098281375,False,True,False
3179,20,0,5.415827494066542,89,4,0,0,0.0,23.895073035522152,24.001334687195747,False,True,False
3180,29,1,1.4981481029628567,67,3,2,1,0.0,21.28627938827023,25.34444031413525,True,False,False
3181,54,0,5.496098170383395,90,2,2,1,0.0,19.59837801261782,25.43502867053777,False,True,False
3182,58,1,8.405032283795514,91,1,0,1,0.0,27.38082204287462,29.160684748585567,True,False,False
3183,68,0,8.079251237483557,22,4,2,0,2.0,21.11666819284262,17.81873219719266,False,False,True
3184,34,1,7.097170188159761,99,4,0,1,0.0,34.21997446976168,28.81907279818592,False,True,False
3185,77,0,6.883880527839126,19,1,1,0,0.0,27.83011826972552,9.22329690853884,True,False,False
3186,23,1,4.291943670667198,32,4,2,1,0.0,26.68502386202501,18.06657850182973,False,True,False
3187,50,1,9.406328415931094,98,3,0,0,0.0,27.555772884568484,24.433562078146448,False,True,False
3188,25,1,5.5502724806595785,67,2,0,0,0.0,21.8564655703114,18.13265743737316,True,False,False
3189,77,0,2.1284310580883243,72,1,0,0,0.0,31.335498226614952,16.105529970069913,False,True,False
3190,72,1,3.585172131773567,54,1,1,0,0.0,21.3529158526463,13.689033446921483,False,False,True
3191,50,1,5.019417109959903,93,1,0,0,0.0,34.86632053972957,23.27934792097915,True,False,False
3192,58,1,5.557241309198596,23,4,2,1,0.0,21.59706622993234,14.016451791098422,False,False,True
3193,35,1,2.8948523215405864,21,3,1,1,2.0,30.56410766327,10.848930856069874,True,False,False
3194,35,1,3.29322939428526,7,1,2,0,0.0,30.09136897102319,9.04539530328464,False,False,True
3195,65,1,3.931366015782991,21,1,1,0,2.0,21.46351906767801,11.798267650009173,False,False,True
3196,57,0,2.572377328439071,82,2,0,1,0.0,24.747270036975937,18.28332037782258,False,False,True
3197,64,0,4.911915862459757,71,2,0,1,0.0,24.686847700871542,19.6773401281885,False,True,False
3198,76,0,8.253576715397346,90,3,2,0,0.0,20.59279565099809,25.55067881177088,False,False,True
3199,64,0,1.388150093969458,118,1,2,1,0.0,31.462014391352863,32.258561295768594,False,False,True
3200,78,0,8.546508913988314,115,4,0,1,0.0,21.014144191753708,31.843514498258063,False,False,True
3201,56,1,8.657006412993944,91,1,2,0,0.0,21.18356472513956,26.70611035902526,False,True,False
3202,50,0,6.3470931984926935,111,3,0,0,0.0,34.738256800015044,26.45683941478362,False,True,False
3203,60,0,5.713826468975649,50,4,2,0,0.0,27.005014911749026,22.603667310453467,True,False,False
3204,61,0,3.419031683454437,53,1,2,1,2.0,29.97136012601856,20.18307062158077,False,True,False
3205,65,1,6.959006432273613,114,1,0,0,0.0,29.18890721415768,27.876111928044747,False,True,False
3206,44,1,5.028129554571749,18,4,2,1,0.0,23.034819589526,12.552204076866143,False,True,False
3207,60,0,5.795887912270727,27,3,0,0,0.0,32.791103116559775,7.825528009508217,False,True,False
3208,68,0,6.904012191877984,104,3,1,0,2.0,26.8058368286144,26.177570999693923,False,False,True
3209,62,1,8.935502711646345,95,3,0,1,0.0,27.359244678667267,28.4003757174932,True,False,False
3210,45,1,4.387496467974498,50,1,0,0,2.0,30.25456072655376,15.070654828024113,False,True,False
3211,32,0,4.821148916563213,102,1,0,0,0.0,21.675401128092044,22.603446511317824,False,True,False
3212,76,1,3.2849276151162874,25,4,2,1,0.0,19.568904559657344,17.05782389414988,False,True,False
3213,50,0,2.9370945889515943,96,1,1,0,0.0,27.886531833124955,19.59522920492804,True,False,False
3214,40,1,4.36186266682866,118,2,2,0,2.0,22.02716779035193,30.0630732196155,False,True,False
3215,28,1,6.002564389151488,81,2,0,0,0.0,24.41203517972516,23.53401139066184,True,False,False
3216,37,1,3.312925617798528,46,3,0,1,0.0,29.120410935946268,14.264513622467929,True,False,False
3217,72,0,2.667412199373288,84,3,0,0,2.0,32.16915420254311,19.445336687226824,False,True,False
3218,59,1,5.557241309198596,90,4,0,0,0.0,25.1232826662428,23.64580965639232,False,False,True
3219,50,0,7.327845133834895,93,1,2,0,2.0,20.016899646907003,29.10178429497914,True,False,False
3220,78,0,5.964897239114109,76,4,1,1,0.0,24.92830997587604,24.44914389258213,False,True,False
3221,64,0,2.1632292459030347,103,2,1,1,2.0,19.606037938054364,24.43067593458555,False,True,False
3222,49,1,3.800502682942922,18,4,0,0,2.0,26.491174375522007,11.93683678296502,False,False,True
3223,34,1,5.557241309198596,44,4,2,0,0.0,18.751631278342828,19.50717981710381,False,True,False
3224,46,1,4.128024945804418,7,4,0,1,0.0,24.375624480863817,11.691866465081477,False,True,False
3225,25,0,8.12417586753692,75,3,0,0,2.0,28.512784170874284,16.884898954335767,False,True,False
3226,77,0,1.9513054349137064,50,2,2,0,0.0,23.91675716062253,19.3791956380842,True,False,False
3227,24,0,2.688498896908822,61,1,2,0,0.0,34.06577789453854,16.8348859197942,False,True,False
3228,68,0,3.853658968873219,58,4,0,0,0.0,29.283579021839795,19.05236710986134,False,False,True
3229,50,1,2.705411313096438,53,3,0,1,0.0,34.10556552044537,16.08587712111559,False,True,False
3230,79,1,5.917789111240925,107,3,0,1,2.0,34.80635748703723,28.14032954802742,False,False,True
3231,54,1,6.14694329439499,18,2,2,0,0.0,22.0653257714501,7.997913961153969,False,False,True
3232,60,0,5.557241309198596,72,1,2,1,0.0,32.9169628113833,19.17235743313173,False,True,False
3233,57,1,9.348784349577354,28,1,0,0,0.0,24.78482281445287,7.699190484480937,False,True,False
3234,50,0,9.615851661614968,25,4,1,0,2.0,18.77065527687617,13.328696908901222,False,True,False
3235,59,0,8.576428279287363,104,4,0,1,0.0,32.792476793028854,31.216178319806364,False,False,True
3236,39,1,1.1750163257759194,61,2,2,0,0.0,26.68502386202501,19.85236318446291,False,True,False
3237,79,0,3.587950354828989,45,1,1,0,0.0,20.742525268112168,14.089861081590795,False,False,True
3238,45,0,3.690529552718023,49,3,1,0,0.0,27.569332587904533,13.637857279296211,False,False,True
3239,64,1,8.810038399534871,98,2,1,1,0.0,18.6661856148352,24.579633641114487,False,False,True
3240,53,1,4.926249205388348,72,3,1,0,2.0,34.267991350435985,18.63577926444947,False,True,False
3241,39,0,8.50216698681163,27,4,2,1,2.0,33.84483540091669,19.86950702495163,True,False,False
3242,67,0,3.561492381041594,7,1,1,1,0.0,19.48576431511984,9.538944791602226,True,False,False
3243,39,0,2.383157222265221,64,1,0,0,2.0,33.320452066411825,13.436484390888936,False,False,True
3244,34,1,4.114998883847036,3,2,0,0,2.0,26.744570047364487,5.464382344844529,False,False,True
3245,66,1,6.293293360566383,51,4,2,1,2.0,25.17078142618208,24.8388926512517,True,False,False
3246,50,1,8.166571146485209,27,3,1,1,0.0,29.020267091320527,12.740939999952484,True,False,False
3247,52,1,5.239753565355327,19,1,2,1,2.0,24.314523118463857,8.067927623140996,False,False,True
3248,79,0,9.33893002675878,90,3,0,1,2.0,32.87573081912283,27.56692219875119,True,False,False
3249,55,1,9.965473238532368,81,4,1,0,0.0,33.57785325487187,26.704854718645013,False,False,True
3250,55,0,9.65976288650192,45,1,0,1,0.0,32.91999822229858,16.032273639162337,False,False,True
3251,74,0,6.610943203247008,111,1,0,1,0.0,18.583228703353345,28.8060232075214,True,False,False
3252,75,0,2.7900253264421564,9,3,1,1,2.0,32.269389431273346,6.664350302998403,False,False,True
3253,20,1,2.8815231590277954,36,3,1,1,0.0,32.66751240965871,11.031558646031089,False,False,True
3254,40,0,1.5933600042173408,114,2,0,1,0.0,32.7936217557227,26.418325339035345,True,False,False
3255,46,0,5.557241309198596,42,2,2,0,0.0,23.242211068409176,16.29990088481244,False,True,False
3256,66,0,3.1980710530862577,118,4,1,0,2.0,18.683219051509703,30.738192833868016,True,False,False
3257,56,1,2.961140228338464,5,2,2,1,0.0,21.602164165529903,10.24989748525842,False,False,True
3258,45,0,5.578155556156711,30,2,1,0,0.0,34.63920785563111,14.10765069298201,True,False,False
3259,76,1,9.756654714568374,43,2,1,0,0.0,28.17457078469125,18.679709252218306,False,False,True
3260,27,0,2.01406173971311,119,3,0,0,0.0,24.725980374516624,24.941132130169308,False,False,True
3261,73,1,4.945958604653727,15,2,2,0,0.0,18.59061717235285,12.430192207722191,False,False,True
3262,60,0,4.019749222149085,18,3,0,1,0.0,19.01197530379329,4.599724195851041,False,False,True
3263,64,1,7.636356748276042,62,2,0,0,0.0,26.68502386202501,17.33242407359941,False,False,True
3264,77,1,3.020255824857425,44,4,2,0,0.0,31.32001831376265,25.73339225448567,False,False,True
3265,76,1,5.737589162787461,34,1,0,0,0.0,31.417257024550977,14.188158374883686,False,True,False
3266,50,0,3.856350997607065,114,3,0,0,0.0,27.22556884824319,26.808856579922217,False,True,False
3267,38,1,2.4098264052727014,31,4,2,0,0.0,30.10382288958494,16.821849486423773,False,False,True
3268,51,1,9.139391502948934,78,1,1,0,0.0,30.26495269399296,21.517182176141965,False,True,False
3269,21,0,7.226929415653747,10,4,1,0,0.0,20.71231700618158,16.85291524982741,True,False,False
3270,30,0,1.947177082698872,56,2,2,0,0.0,26.68502386202501,19.4587826170454,True,False,False
3271,65,1,9.97453226283152,110,3,1,1,0.0,29.553756660577065,29.344056533923155,False,True,False
3272,43,0,3.94994085257097,113,4,1,1,0.0,27.703428721594868,30.49709628494843,False,True,False
3273,39,0,4.780650657269479,47,1,2,1,0.0,34.15907332745179,15.76859542810204,True,False,False
3274,61,1,6.012605168746618,14,2,2,0,0.0,25.99567822321621,8.92716879871748,False,True,False
3275,20,1,7.034019987542584,59,3,0,0,0.0,33.20947993266362,19.261657847210305,True,False,False
3276,23,1,3.5412946079685144,111,2,1,1,0.0,30.99181444387344,25.15085484010588,False,False,True
3277,73,1,4.947502923456794,110,3,0,1,0.0,21.624390586804104,27.34030487168244,False,False,True
3278,30,0,6.174195293863956,47,3,0,1,0.0,23.41290495914439,10.539331558916942,True,False,False
3279,38,0,4.269903148776016,84,4,1,0,0.0,30.12031623985457,22.886629339634982,False,True,False
3280,23,0,6.296731132540273,53,2,2,1,0.0,21.45082739982448,13.615596877211209,False,False,True
3281,75,1,1.4482708982507968,60,2,0,1,2.0,21.262949098621505,18.170528452642785,False,False,True
3282,63,0,8.08271783593068,42,1,1,0,2.0,25.031378240056327,14.463558849815165,True,False,False
3283,33,0,5.032676364234709,100,4,1,1,0.0,26.68502386202501,31.299077599714987,True,False,False
3284,34,0,5.249050698099168,26,1,2,0,0.0,34.08201435455708,11.985002407258692,False,True,False
3285,34,1,6.544346755059614,31,1,0,1,0.0,21.20489850592331,10.533792310974064,False,True,False
3286,30,0,5.687866329713971,50,1,2,1,0.0,31.22695102844225,20.168161394579617,False,True,False
3287,67,0,2.211932452460112,80,3,0,0,0.0,23.037873643397607,17.42583670997405,False,True,False
3288,74,1,5.557241309198596,8,3,2,0,0.0,26.32221210178721,10.125387649596783,True,False,False
3289,50,1,1.8465383820572985,28,1,1,0,0.0,31.066312574442406,8.430190165170165,False,True,False
3290,53,0,3.624199450839376,115,3,2,1,2.0,26.182517429852343,26.06872222833969,False,False,True
3291,72,1,7.309101403855366,100,1,0,0,2.0,25.06943797904313,31.31147196587273,False,True,False
3292,25,1,8.681189978822978,84,2,0,1,2.0,26.80612914807749,21.560264109810653,True,False,False
3293,39,1,2.0789922833546086,96,3,2,1,0.0,25.0353487630347,26.78962925585276,False,True,False
3294,67,1,3.2571850160076643,2,4,0,1,0.0,20.979358290948813,9.204057099113689,True,False,False
3295,27,1,5.697414676581193,81,1,1,1,0.0,34.362348381719315,18.32079861793637,False,False,True
3296,70,0,5.557241309198596,72,3,2,1,0.0,20.13223743231459,19.727478859744345,False,True,False
3297,25,1,8.87608893144245,75,4,2,1,2.0,24.92825146200494,28.81704822503075,False,True,False
3298,27,0,6.23486199405706,86,4,2,1,2.0,23.727223104651166,28.70988743684125,False,True,False
3299,54,1,1.2004520956050149,22,1,0,0,0.0,20.81405368967647,8.651222990154467,False,False,True
3300,29,0,7.649212449413707,12,1,2,0,0.0,22.892024372136408,12.97856476607375,True,False,False
3301,47,0,4.700340391061248,90,3,0,0,2.0,23.49580527604813,22.99536323675089,True,False,False
3302,36,1,9.144656921529226,108,3,2,1,0.0,31.111194493804728,31.52644953181828,False,False,True
3303,60,0,2.2349333076762186,116,3,0,1,0.0,21.04352012076719,27.88064039841021,False,True,False
3304,78,0,8.52745812068103,104,2,2,0,2.0,31.32233523474228,34.030932064125736,True,False,False
3305,49,1,6.665592899373847,74,4,2,0,0.0,26.68502386202501,30.6781288211758,True,False,False
3306,61,0,1.0196568505500152,63,3,0,1,2.0,27.42908266140812,17.581751050473407,True,False,False
3307,73,1,1.883069865104612,38,4,1,1,0.0,20.06034933647406,18.721713613732856,False,False,True
3308,47,1,3.916251600704632,105,1,2,0,2.0,26.68502386202501,26.581639582206307,True,False,False
3309,32,1,5.0879297778872274,24,3,0,1,0.0,24.55170966786568,9.22264902620637,True,False,False
3310,70,1,2.332537835399467,54,1,1,1,2.0,30.4692639529504,18.1416519600556,False,True,False
3311,46,1,6.284195214257808,105,2,2,1,0.0,32.828502862367785,29.231038406986592,False,False,True
3312,22,1,2.5620461206553697,54,2,2,1,2.0,34.29043864985501,16.685849292130964,False,True,False
3313,22,0,2.321214685785968,81,3,1,0,0.0,30.51229081416504,20.09318863335247,True,False,False
3314,64,0,4.941376874626338,101,3,1,1,0.0,25.60839876042232,23.88149324168235,False,False,True
3315,48,0,9.39376956298586,82,4,2,0,2.0,30.04982957558225,29.95625937287643,False,True,False
3316,44,0,4.691473923075736,115,2,0,0,2.0,29.306700178083467,25.648720009086627,True,False,False
3317,23,1,9.15390235584282,103,2,0,0,0.0,32.788748665129575,24.032296718814933,False,False,True
3318,31,1,4.069153838072827,111,2,1,1,0.0,34.24052558464663,26.72937618263344,False,True,False
3319,53,0,5.031583274630671,107,2,2,0,0.0,21.35159358269981,29.89393687811892,False,False,True
3320,77,0,1.1703487646031712,114,3,1,0,2.0,33.811433917905696,26.320972553959603,False,False,True
3321,25,1,2.420442831698187,15,1,2,0,0.0,30.41619586349575,10.847184769251632,False,True,False
3322,66,0,1.4879056978539376,74,3,0,1,2.0,24.04401046105591,18.49282230464282,False,False,True
3323,64,1,3.9324701794365504,25,3,1,1,0.0,19.221672040725743,12.081792235166525,True,False,False
3324,25,1,4.976632784564713,54,1,2,1,0.0,28.46828328903161,14.260808801316577,False,True,False
3325,48,0,5.325586602549795,84,4,1,1,2.0,23.67380413522772,28.516078110340608,True,False,False
3326,54,1,8.869730987768307,92,3,0,0,0.0,28.804955699449643,26.482653686110623,True,False,False
3327,25,0,3.2692803459818705,103,2,1,0,0.0,32.556967046379015,18.87551148821649,False,True,False
3328,49,1,1.9667289289259968,46,4,2,1,0.0,28.833727819320487,19.49013631406644,False,False,True
3329,25,0,7.80610230834592,69,3,1,1,0.0,33.97164122056187,13.638103322422715,False,False,True
3330,33,1,9.379812614572131,52,3,2,1,0.0,22.970128287193,16.319593013998002,False,True,False
3331,59,1,9.67549360842049,53,1,0,1,0.0,24.14698041177187,14.854000598270188,False,True,False
3332,41,0,1.374796201059823,61,4,1,0,0.0,22.98949080039006,18.90687164675376,False,True,False
3333,45,0,2.4543816036221906,104,4,0,1,2.0,32.91721799825845,30.3791557487218,True,False,False
3334,32,0,5.746620584530525,113,1,1,0,2.0,26.021368801736934,24.235095019149977,False,False,True
3335,75,0,9.215086468478727,54,3,0,1,2.0,22.54475119816244,15.809431123775152,False,False,True
3336,36,1,7.360153261346112,21,3,0,0,0.0,34.033105896160926,6.475393723219935,False,True,False
3337,45,0,6.759376187054722,94,4,2,0,0.0,27.334364930041232,33.53525415683522,True,False,False
3338,55,1,6.610513483243428,74,1,2,0,0.0,28.354090458476087,24.149965887279087,False,False,True
3339,68,0,5.972531286353894,4,3,0,0,2.0,34.88358458381994,6.749826093859513,False,False,True
3340,23,1,3.9368823158943336,115,3,2,1,0.0,25.790810989081592,25.39059316720544,False,False,True
3341,72,1,7.004919625677167,61,2,1,1,0.0,22.59435712338216,19.12830584077403,True,False,False
3342,44,1,9.56256735235974,50,2,2,0,0.0,27.01715920047166,18.20801055310758,True,False,False
3343,32,0,6.124011687165026,82,3,0,1,0.0,21.739344556314983,24.07496964922161,True,False,False
3344,43,0,1.5752018885422698,58,1,1,0,0.0,32.4520452409393,19.33246013595277,True,False,False
3345,20,1,5.868752553230202,81,3,2,0,2.0,25.679580151651823,22.523396376675645,False,False,True
3346,40,1,5.050467374985029,8,1,0,0,0.0,21.33542941472633,7.835618812101867,False,False,True
3347,58,1,1.2726390383166306,28,1,2,1,2.0,20.2552030664685,12.951838321887662,True,False,False
3348,27,0,2.75549250012727,114,3,0,0,0.0,28.257659006317706,21.80550751939424,True,False,False
3349,68,0,8.9795394009042,60,4,1,1,0.0,28.58971802283835,23.673554391724032,False,True,False
3350,41,0,5.431218350765407,99,1,1,1,0.0,22.15743336558548,22.814392524175627,True,False,False
3351,63,0,4.977170604810333,57,3,2,0,0.0,18.53924692662392,21.406003921146176,True,False,False
3352,48,1,6.878684702420312,34,3,2,1,2.0,31.61812264124657,14.762336660194697,False,False,True
3353,75,0,6.185433968433696,29,3,1,1,2.0,28.76643545902415,8.888708962411137,False,True,False
3354,69,1,8.86764009964558,36,2,2,0,2.0,26.68502386202501,14.978584281002847,False,False,True
3355,53,1,5.6616845600925005,105,3,2,1,2.0,31.68661341490625,29.82533558378406,False,True,False
3356,36,0,7.6505126192085475,37,1,2,1,0.0,34.44581549161708,15.54902282488524,False,True,False
3357,79,1,1.6764270880427636,58,3,0,0,0.0,29.707036423967764,17.416108516219325,False,True,False
3358,33,1,6.0123259215118585,59,4,0,0,0.0,26.535041190726048,20.71092175858532,False,True,False
3359,79,1,9.258406266357104,89,4,1,0,0.0,21.985019407987185,29.44867322832522,False,False,True
3360,26,1,8.426736413251211,31,4,2,0,2.0,19.69649282818948,16.443563173512743,False,False,True
3361,40,0,9.973196241055271,112,1,2,1,0.0,30.22946007962957,33.0837994147455,True,False,False
3362,23,1,3.7951931399570857,73,4,2,1,0.0,18.623838898277693,24.535720388814287,False,False,True
3363,68,0,6.606755989192861,113,4,1,1,0.0,29.397119901144347,34.3113721526662,False,True,False
3364,56,1,3.697565362488324,67,4,0,1,0.0,28.960456296034,23.07749601041958,False,False,True
3365,57,0,7.541772094160257,26,2,2,1,0.0,22.65662577000706,16.01320866730915,False,True,False
3366,24,0,9.34753196166918,59,1,2,0,0.0,27.76917445698533,26.52696646829349,True,False,False
3368,24,1,9.12111450784828,69,1,1,1,0.0,30.65338397337556,17.517637990543854,True,False,False
3369,30,0,6.938828801461352,23,2,2,1,0.0,28.34599491481673,10.066948447385506,True,False,False
3370,78,0,5.975473204831595,39,1,1,0,2.0,20.93562349301133,16.470252989787106,True,False,False
3371,28,1,7.26299521910712,63,3,2,0,0.0,19.08067567787901,22.92846301472637,True,False,False
3372,45,1,4.924374246216552,19,2,1,1,0.0,25.7371248116224,6.919911524138962,True,False,False
3373,54,0,7.729663470775228,1,4,0,0,0.0,24.987396015161035,9.12559654534817,False,True,False
3374,52,0,8.508501091499102,28,2,1,0,2.0,26.68502386202501,15.23526581757918,True,False,False
3375,47,0,5.808223996483448,12,2,0,0,0.0,29.83777063202348,4.848936949348491,False,True,False
3376,27,0,9.016710326647493,77,3,0,1,2.0,26.55619459093161,22.742364816087417,True,False,False
3377,66,1,5.557241309198596,11,3,2,1,0.0,27.963019408317948,3.5824019586436258,False,False,True
3378,73,1,1.0173872286235466,45,1,2,0,2.0,33.58863376111762,14.330406060073038,False,True,False
3379,69,1,9.857069954436136,43,4,1,1,0.0,18.83516001400816,18.68790468208033,False,True,False
3380,66,1,7.872427603792122,85,4,2,0,0.0,32.89375684633152,29.982097355157205,False,True,False
3381,51,1,7.595897075955086,17,4,2,0,0.0,23.371828903212823,15.817193582224014,False,True,False
3382,54,1,3.74172249064219,78,2,2,0,2.0,30.672445284268605,22.994416118196515,True,False,False
3383,35,0,3.70172965875098,80,1,2,0,2.0,32.03091981648839,22.311754320684187,True,False,False
3384,28,1,7.506376050147432,75,1,0,1,0.0,20.448382277082896,20.584083564073563,True,False,False
3385,30,0,9.86462172663248,85,1,1,0,0.0,26.674060534423216,24.33234132227438,False,True,False
3386,22,1,4.329497188490212,57,3,1,1,0.0,22.91595347004762,11.338331434064724,False,True,False
3387,35,0,7.068083047736788,19,4,0,0,0.0,24.066283167456643,15.737418060481849,True,False,False
3388,44,0,8.238742416599651,13,2,1,0,0.0,32.23537669254285,8.538877321310364,False,True,False
3389,63,0,9.53083151757712,54,4,2,1,2.0,21.08323628532206,26.965073643304805,False,True,False
3390,60,1,6.125691508138294,77,3,0,1,0.0,25.471969509691867,20.44879010165849,False,False,True
3391,36,1,7.292878097836393,68,2,0,1,0.0,26.68502386202501,16.79728466798985,False,True,False
3392,70,1,5.557241309198596,66,1,1,0,0.0,25.547415397519963,19.1534657036672,False,True,False
3393,46,0,6.280733070706086,74,2,1,0,0.0,19.451655214691264,20.97851272229724,True,False,False
3394,31,0,9.12280494374718,17,1,0,0,2.0,20.221502569892824,6.703827065275611,False,False,True
3395,54,1,8.307833416171391,91,3,1,0,0.0,25.452377459284,25.038105303898163,False,True,False
3396,59,0,3.360744382459956,88,4,2,0,0.0,26.68502386202501,28.311474739474864,False,False,True
3397,43,0,5.557241309198596,101,3,1,0,2.0,19.81766187398886,26.48653881698617,True,False,False
3398,45,1,5.459721609806602,104,3,2,1,0.0,19.42628140297383,29.966645515573767,False,False,True
3399,57,0,8.078732983932323,102,3,2,1,0.0,20.75199919842821,29.64488548139052,False,False,True
3400,50,0,3.496120855521663,18,1,0,1,0.0,28.01275575616493,7.81716969619556,True,False,False
3401,69,0,5.350620128707037,59,3,0,1,0.0,31.09421601093816,18.724384885978782,True,False,False
3402,46,1,6.469263131478472,45,4,1,1,2.0,19.227112010772547,21.08620261040148,True,False,False
3403,64,0,7.198907643632364,52,4,1,1,0.0,33.17434952556997,17.01530114535752,False,True,False
3404,67,0,4.907679327671226,85,1,2,1,0.0,26.68502386202501,23.633837834014656,False,False,True
3405,75,0,1.039096610056809,29,1,1,0,0.0,34.7895900183299,10.763882857671554,True,False,False
3406,79,0,4.168149242516904,6,1,0,1,0.0,25.55596565937552,5.04772432554857,False,False,True
3407,63,1,6.898741271225696,84,3,0,0,0.0,26.32739114453176,21.22831052390588,False,False,True
3408,71,0,6.638370759736816,19,2,2,0,2.0,18.66658416217087,9.55782248813517,False,True,False
3409,67,1,5.557241309198596,102,1,1,0,2.0,26.65676567292968,29.72973774502655,True,False,False
3410,57,0,4.310656251467126,52,3,2,1,2.0,19.434536736496085,22.81647464659651,True,False,False
3411,37,1,4.164714760040639,26,2,0,1,0.0,27.67764332086117,8.505331418789469,False,True,False
3412,50,1,9.262094590849154,53,1,2,0,2.0,33.184540753599855,18.84537576721568,True,False,False
3413,76,0,5.557241309198596,34,1,0,1,2.0,33.80948064542687,11.37222654526639,True,False,False
3414,30,1,6.213410466176794,28,1,1,0,0.0,29.04007113204129,11.146953964105249,True,False,False
3415,45,0,2.859788664025348,88,4,2,0,0.0,23.640445944231065,31.571481377279405,False,True,False
3416,56,0,5.608163140079222,71,4,0,1,0.0,28.438502152936465,26.246350701883085,False,True,False
3417,47,1,2.400831934854317,90,1,0,1,2.0,23.653744614556533,17.041717769695673,False,False,True
3418,73,0,2.803157663035653,40,4,2,0,0.0,27.093610824317388,23.021815810860176,True,False,False
3419,67,0,6.458732803454804,117,4,0,1,0.0,26.271913130217023,33.92123574089897,False,True,False
3420,52,0,1.2769766043324409,75,2,2,1,0.0,24.518989513627503,25.73614005732449,False,False,True
3421,50,1,5.255913899894906,23,4,1,0,2.0,20.461893896910546,13.015700641450968,False,True,False
3422,53,1,8.988474965445594,53,2,0,0,0.0,22.608133771764365,18.088172222319702,True,False,False
3423,50,1,9.029376251829648,101,4,0,1,2.0,24.608580102254493,33.45609549269007,True,False,False
3424,45,1,2.5057124199383507,101,3,1,0,2.0,31.500323917458843,20.81475172590975,False,False,True
3425,33,1,4.321505434076236,108,2,2,0,0.0,31.09979681446808,29.76028566722585,False,True,False
3426,41,1,2.572294162788086,29,3,0,0,0.0,21.021950159331222,10.385521534943903,False,True,False
3427,61,1,1.7108253942960854,6,4,1,1,2.0,20.61370663412796,14.875930150880732,True,False,False
3428,27,0,4.821680438112618,102,1,2,0,2.0,23.73625431246221,26.14884294471576,True,False,False
3429,40,0,5.223909673391231,48,3,2,1,0.0,25.24755993999122,18.063656065071715,True,False,False
3430,69,1,6.621375263681389,58,4,1,1,0.0,23.944145983115902,23.308333959005964,True,False,False
3431,50,1,1.6575278142950332,97,2,0,1,2.0,22.78651677584984,24.43114609774884,False,False,True
3432,68,0,3.3265051092963454,55,3,0,0,0.0,33.527280863560875,14.195178957191589,False,False,True
3433,38,0,1.120685084849108,70,1,2,1,2.0,19.74600076801571,18.74995788421825,False,False,True
3434,50,0,6.304387353833056,65,1,1,1,0.0,34.6656265762429,14.247578032007103,False,False,True
3435,47,1,3.034892742640229,98,2,0,0,2.0,22.674425822999883,22.77333619309177,False,True,False
3436,20,0,7.253448213953133,112,2,2,1,0.0,25.07682856602234,30.386572719819306,False,False,True
3437,47,1,5.557241309198596,96,1,1,1,2.0,31.515004321388552,25.054485356811483,False,False,True
3438,79,0,9.904065740556614,30,4,2,1,2.0,26.66095777021865,18.470876640590795,False,True,False
3439,48,0,3.367720269317717,6,2,0,1,2.0,29.36334106466204,4.366571072594365,False,False,True
3440,70,0,9.25710599701912,60,2,0,1,0.0,19.773217909143234,21.816961907910443,True,False,False
3441,70,1,2.666867604795041,35,2,2,0,0.0,25.08712243026744,11.20335559197378,False,True,False
3442,69,1,8.043895099500215,3,4,0,1,2.0,27.619517269249336,12.24259057377149,False,False,True
3443,65,0,1.1091227507897037,83,1,1,0,0.0,33.50354757393309,20.25662695330048,False,False,True
3444,41,0,1.652923116879867,80,2,1,0,0.0,20.834821827944268,19.23411839624787,True,False,False
3445,22,1,3.548971754287007,25,4,1,1,2.0,29.609117373209497,16.001031399041427,True,False,False
3446,65,0,3.915813472390896,15,2,2,1,0.0,22.812677681675464,12.53321864675235,False,False,True
3447,62,1,2.695465084013857,54,1,1,0,0.0,25.54535699018313,17.48163123437726,True,False,False
3448,50,1,1.8410852140199008,119,2,1,0,0.0,27.066796184072064,25.03907587557197,False,True,False
3449,25,1,5.856542655416534,112,1,2,0,0.0,19.34399213932201,32.07713624966577,False,False,True
3450,46,1,3.370984834571284,10,4,2,1,0.0,24.053841554549106,16.3725132853101,True,False,False
3451,29,0,8.207285452091492,23,2,2,1,0.0,25.844957782259645,12.67164948781348,True,False,False
3452,26,0,5.557241309198596,96,3,2,1,0.0,27.34202295170665,26.390398516559056,False,True,False
3453,44,1,7.989017246066981,5,1,2,0,0.0,32.25634040108896,8.665254293657865,False,True,False
3454,49,1,4.961995536305487,88,3,0,0,0.0,21.65718752012073,21.010327340105093,True,False,False
3455,30,1,4.553206916166578,48,1,2,1,0.0,26.98720780543382,15.899104782475044,False,True,False
3456,43,0,8.02515453238846,116,1,2,0,0.0,27.568680392278544,29.734005925361853,False,False,True
3457,51,1,1.3126595270030332,85,4,0,0,0.0,18.506770211316883,28.12558065027221,True,False,False
3458,62,0,6.811832601442293,49,2,1,0,0.0,30.51753686991293,12.100542107200738,False,True,False
3459,50,1,2.390439125854344,51,2,2,1,0.0,26.71645174526184,15.613734421093625,True,False,False
3460,65,1,8.808015587009846,92,2,0,0,0.0,34.43594312262097,25.436449793762108,True,False,False
3461,32,0,9.67945076905634,17,1,0,0,2.0,20.106539672785573,7.094273757022466,False,True,False
3462,74,0,3.694120988362096,75,4,1,0,0.0,34.409540450715625,26.58665693902455,False,False,True
3463,48,0,5.96829138255865,28,3,0,1,0.0,22.1571907161784,11.71019665963221,True,False,False
3464,64,0,1.1176888075715337,19,4,1,1,0.0,24.402841885190625,13.600214150438909,True,False,False
3465,22,1,6.952243542951751,103,2,0,1,0.0,30.31221517262552,22.26723830691959,False,False,True
3466,50,0,1.5902116538197268,92,2,2,0,2.0,25.467881035001632,23.856264864616545,False,True,False
3467,39,1,7.703788226196516,22,2,2,0,2.0,19.38758357150761,7.754126265075266,False,False,True
3468,73,1,4.999968619043488,80,3,1,1,0.0,33.43027500102146,25.35951238330684,False,False,True
3469,48,0,4.654989824523021,2,3,2,0,2.0,19.832116696590862,6.931272474496238,True,False,False
3470,55,1,6.57908156584313,110,4,2,1,2.0,29.57399566444946,35.39481614801982,False,True,False
3471,51,0,7.548067318889807,12,2,2,0,0.0,20.480630896015462,13.094853925054226,True,False,False
3472,63,0,9.990093583415549,81,1,2,1,2.0,18.67378226884752,21.627455709465664,False,True,False
3473,37,0,6.037456923354821,111,2,2,0,2.0,22.456401822586795,27.324366458984823,False,False,True
3474,47,0,7.732951010987403,8,4,1,0,2.0,21.38453755472996,12.34522319921978,False,True,False
3475,31,0,1.1449739669440326,62,1,0,0,0.0,22.72627325278385,11.421998731060178,False,False,True
3476,68,0,5.8024459101007855,7,2,0,0,0.0,23.80876277280588,10.496798466032947,True,False,False
3477,41,0,4.158298854691116,87,2,1,1,2.0,22.04808223062827,18.03568795632519,False,True,False
3478,47,1,7.944299780210326,112,1,2,0,0.0,27.03212366917468,30.34275225716252,False,False,True
3479,57,0,4.078203978231835,46,3,2,1,0.0,31.25284311849154,17.26830559379864,True,False,False
3480,27,1,3.269295602550492,21,4,0,1,0.0,22.502496318839835,11.068618623782726,False,True,False
3481,50,1,1.094734416787313,76,3,2,0,0.0,31.694012600954736,19.248067917716064,False,True,False
3482,22,0,3.338149745540444,55,4,2,0,2.0,24.677112253522715,24.011034937548896,False,True,False
3483,43,0,8.189859800656222,61,3,1,0,0.0,34.94089156907831,17.27004193445267,True,False,False
3484,77,1,3.7875536535477865,26,1,0,0,2.0,30.17590190306125,12.378737889988134,False,False,True
3485,37,1,4.761259163482942,118,3,0,1,0.0,24.47057509648357,25.210791907859512,False,False,True
3486,40,0,5.410038256879092,46,1,1,1,2.0,18.65395085520104,17.56880168703612,True,False,False
3487,70,1,4.33263759797186,115,3,1,0,2.0,30.16100242572012,28.26779740743687,False,False,True
3488,48,1,9.309541741328305,27,2,2,0,2.0,34.46730364004286,12.74199192806564,False,True,False
3490,50,1,9.9507317354473,67,3,1,0,0.0,27.73023196489583,18.99812243500867,False,True,False
3491,52,1,9.587175427518178,16,2,0,1,0.0,27.04843394288604,13.880761438419771,True,False,False
3492,78,0,8.751576994792874,11,2,1,1,0.0,32.01356898923004,14.756448129056029,True,False,False
3493,50,1,6.064025866158778,94,3,0,0,2.0,19.943238809008783,22.14017433293257,False,False,True
3494,60,0,8.957324916871496,14,3,1,0,2.0,29.229963009199903,8.879924302453091,True,False,False
3495,50,1,1.5064748930011669,88,4,1,0,0.0,31.37332640983684,23.64897533417426,False,True,False
3496,51,0,4.558208597752448,3,3,1,1,2.0,32.86149347686781,8.000623466965274,True,False,False
3497,65,0,3.797470909247452,9,3,2,1,0.0,24.43335546825657,8.445191491814146,False,True,False
3498,54,0,1.857272094138927,69,4,2,0,0.0,23.462670878562,27.50272694391037,False,True,False
3499,77,0,4.411052498603795,65,3,0,1,0.0,33.30111673562308,19.351301497873305,False,True,False
3500,59,1,3.5394002563252536,64,4,2,0,0.0,23.4734766960418,26.724326152858858,True,False,False
3501,45,0,5.144745980227386,62,3,2,1,0.0,33.87414538676482,23.59723005828931,True,False,False
3502,56,1,6.71911461657001,106,1,2,1,2.0,29.940657003201945,27.794053013489577,True,False,False
3503,29,0,8.573846209222033,16,1,2,1,0.0,28.18298536081196,11.868982584787505,False,True,False
3504,24,0,9.72902207693587,42,1,2,1,0.0,33.85699136253,16.839611884609177,False,False,True
3505,40,0,2.3622485625274914,20,2,0,1,0.0,34.71120099272646,4.796997198422884,False,False,True
3506,23,0,4.652989773442529,16,3,2,0,0.0,33.24323567748229,11.800822949213462,True,False,False
3507,27,0,5.820940555553009,14,3,0,1,0.0,33.595652356090206,5.425520886968607,False,False,True
3508,61,0,4.8638920777087264,76,1,0,0,2.0,34.29786311204228,21.18693890118237,False,False,True
3509,65,1,9.60247746714691,52,2,0,0,0.0,29.760076785882514,14.348920000468674,False,True,False
3510,71,1,4.472312695833605,1,4,2,0,0.0,27.16574191811781,16.967512038200702,True,False,False
3511,44,0,9.71934797335039,107,1,0,1,0.0,23.40180125206719,23.343450875007456,False,False,True
3512,58,1,2.9369858073974098,62,1,0,1,0.0,21.55968301535382,16.36445889188971,False,False,True
3513,75,1,1.393892624784867,62,2,0,0,2.0,28.46224224888668,20.14688321832512,True,False,False
3514,72,1,5.68513489869256,100,1,1,0,2.0,21.28482904818573,25.40053729431228,False,False,True
3515,54,1,2.083063962187468,99,3,0,0,2.0,19.731409573392327,23.484404300532653,False,False,True
3516,50,1,5.039485238625836,48,2,0,0,0.0,19.85881832309152,14.272013269170408,False,False,True
3517,75,0,4.261882700689936,78,3,2,0,0.0,33.36099060176039,23.053639954046428,True,False,False
3518,78,0,5.244477136669831,25,4,0,0,2.0,34.82221600869174,20.324285816731464,True,False,False
3519,73,0,5.766154126414073,93,1,1,1,2.0,30.527260853070224,26.96509299168213,False,False,True
3520,74,0,7.586859277564481,102,1,0,0,2.0,19.704802022552634,25.69657711419695,False,False,True
3521,69,0,1.0142147897012068,10,3,1,1,0.0,33.99767125744497,8.482691845235808,False,False,True
3522,60,0,5.6357593855460655,65,3,1,1,0.0,27.87392300514836,20.70008253702496,True,False,False
3523,47,0,5.138659728103889,1,3,2,0,0.0,21.74909547356346,15.048013019474524,True,False,False
3524,46,0,3.371564381687712,106,1,0,1,0.0,22.071785289518484,27.99143171369952,True,False,False
3525,42,1,7.050543872618369,103,3,2,0,2.0,26.64490770714012,29.812495759884047,False,True,False
3526,70,0,5.217416291093588,54,3,1,1,0.0,19.49194267014983,17.92137631843625,False,True,False
3527,44,0,6.3217103403092025,64,3,2,1,0.0,21.369422794894284,20.75709555900271,True,False,False
3528,50,1,9.788410306398244,112,1,0,1,0.0,24.07261760375668,32.0886987122135,True,False,False
3529,74,1,5.275710820452194,84,4,0,0,0.0,24.784186341828505,29.68715216350905,False,True,False
3530,26,1,4.645919143424085,34,2,1,1,0.0,25.21528303392886,14.815242060844392,True,False,False
3531,36,1,7.35591687368559,52,1,2,1,2.0,26.74549579674673,15.784592538184388,False,False,True
3532,79,0,9.34765314137042,71,3,1,1,2.0,24.939606002988352,17.42658435458483,False,False,True
3533,49,1,8.492488308873696,42,2,1,1,2.0,26.34449358677085,18.16138736774977,False,False,True
3534,22,0,4.178240139530589,117,4,2,1,2.0,26.73282799600012,34.690080761451334,True,False,False
3535,24,1,4.182176112690476,116,3,0,1,0.0,33.13351469477365,28.344051896754408,False,True,False
3536,64,0,6.336896399042589,98,2,0,1,0.0,20.178635659736123,25.78981492595653,True,False,False
3537,23,0,1.7717594581999392,18,2,2,0,0.0,26.68502386202501,7.787656703564626,False,True,False
3538,34,0,1.142681908362103,48,2,1,1,2.0,24.47445229760844,12.702378546248266,True,False,False
3539,45,0,9.562983749985989,9,3,0,0,0.0,33.11277802150365,5.144188673407755,False,True,False
3540,47,1,4.611273248833552,69,3,0,1,2.0,19.85255316272978,16.745793303817248,True,False,False
3541,46,1,1.6403973029432295,36,3,1,0,2.0,26.8403912164409,10.882020281111622,True,False,False
3542,66,1,7.347759782823345,106,1,2,1,0.0,33.42878323474642,31.90826470369404,False,False,True
3543,30,0,2.0502020794230984,111,1,2,1,0.0,20.724557874174565,28.332058478885752,False,True,False
3544,78,1,8.273514224698982,19,1,1,1,0.0,33.88921987408533,12.4539866889687,False,False,True
3545,79,0,7.987629898198929,12,2,1,0,0.0,28.401215439786625,9.57103550477854,True,False,False
3546,60,0,2.750171672640824,44,2,2,0,0.0,27.66293869045857,14.254905140084288,False,True,False
3547,67,0,9.772928590783716,81,3,2,1,2.0,25.81297820890804,27.160224177389303,True,False,False
3548,49,1,2.1305405184061232,22,2,0,1,0.0,26.68502386202501,9.639811603040426,False,False,True
3549,23,1,5.557241309198596,102,1,1,0,0.0,21.1611132584811,21.505883262808435,False,True,False
3550,51,1,1.275449467032138,31,1,1,0,2.0,19.55303194457831,9.246953854989169,True,False,False
3551,29,1,4.736923810158976,18,4,0,1,0.0,31.01568014634645,15.48829527958733,False,False,True
3552,26,1,7.712778145287997,13,3,2,0,0.0,24.58387200770739,10.109923018100028,False,False,True
3553,65,1,6.401264348920842,17,4,0,0,0.0,23.5372986922208,18.769219500490767,False,True,False
3554,31,1,3.750067549192869,111,2,2,0,2.0,19.54112220412799,29.876267519775297,False,True,False
3555,52,1,7.633571658797577,113,4,0,1,2.0,26.68102420664019,33.32599364764221,True,False,False
3556,42,1,7.830210239983267,5,3,2,0,2.0,32.03827984099728,11.360521579333966,True,False,False
3557,43,1,7.066526074783262,56,3,1,1,0.0,28.404124849283143,17.719854304584956,False,True,False
3558,27,0,3.180120940682265,12,3,0,1,0.0,33.475835515336385,4.429769302531179,False,True,False
3559,56,0,9.41083283477083,73,1,0,1,0.0,20.91605220903331,23.761659649976547,False,True,False
3560,44,1,5.148286956276936,71,2,2,1,2.0,29.92843190461064,23.67990162736864,True,False,False
3561,67,1,5.985729548904474,43,4,2,1,2.0,23.33981519649568,25.44037862430996,False,True,False
3562,55,1,9.600755155510797,43,3,2,1,0.0,34.93963780882561,19.10017174262952,False,True,False
3563,69,1,8.450457463595734,83,3,0,0,0.0,32.48487629892797,20.22269630425141,False,False,True
3564,76,0,2.326279619394201,25,4,2,0,0.0,20.49952397700841,21.62808388674325,True,False,False
3565,50,0,6.144729561767193,15,1,0,1,0.0,23.704507621225623,2.967752494473822,False,True,False
3566,38,0,1.3823088996862083,45,4,0,1,0.0,22.481126592608167,19.69890926494213,True,False,False
3567,46,0,8.235491776984468,68,3,2,1,2.0,32.37364516317841,18.303298024642928,False,True,False
3568,68,1,1.6001407032672212,17,4,2,0,0.0,18.98944798395433,16.94895666699488,True,False,False
3569,52,0,7.119806937856853,79,1,0,0,0.0,21.104647537226707,20.009753609893338,False,False,True
3570,79,0,6.3134286868347465,93,1,1,1,2.0,34.101222873167146,25.59503817030118,False,False,True
3571,31,0,3.5088021952176627,101,4,0,0,0.0,31.03782932360651,27.972944510410787,False,True,False
3572,62,1,4.984884611757051,58,4,1,0,0.0,18.51499464959598,20.95937877888449,True,False,False
3573,51,1,8.678307849027323,53,4,1,0,0.0,33.77352632821755,21.217109724355254,True,False,False
3574,64,1,2.0114744439003465,86,3,1,0,0.0,31.3749101588113,20.90358711829571,True,False,False
3575,20,0,7.529302306139383,9,2,2,1,2.0,30.54347101923595,8.136546510619485,False,True,False
3576,30,1,2.771305745142764,118,4,2,1,0.0,23.64444187190856,33.376795293547815,False,False,True
3577,77,1,9.453342060203717,83,2,2,0,0.0,28.00106030260889,25.1360202478492,False,True,False
3578,39,1,8.978005102575317,53,2,2,1,2.0,19.043015656157152,18.46927894567021,True,False,False
3579,59,0,5.557241309198596,67,2,2,0,2.0,31.244461070975987,20.4343241623108,False,True,False
3580,44,0,4.278565011653493,78,4,0,0,0.0,21.056162447152115,23.57858071046551,False,True,False
3581,29,0,8.993882738927342,49,3,0,1,0.0,31.40056112728042,17.16066387361099,True,False,False
3582,30,0,2.650648137487657,61,4,0,1,0.0,24.230964665216995,23.04546283294708,True,False,False
3583,37,0,3.422890520880598,1,4,0,1,0.0,29.696799136890267,9.111369538377533,False,True,False
3584,36,0,9.368125503674529,117,4,2,0,0.0,32.250688546718514,38.122340795139536,True,False,False
3585,55,0,7.742420408588785,109,1,0,1,2.0,20.21969742211284,30.68688489767221,True,False,False
3586,45,0,2.8879787240119734,63,3,0,0,0.0,25.192086547556485,19.979359829266123,True,False,False
3587,75,1,4.630278745237179,71,3,0,1,0.0,33.856712196414286,18.87835027956286,True,False,False
3588,50,1,8.494975281046141,76,4,2,1,2.0,19.44626102791937,30.03270107471117,False,False,True
3589,22,0,5.436066570261425,25,2,0,1,0.0,27.653330287765424,8.059222085589013,False,True,False
3590,75,1,4.128991036829799,55,1,2,1,0.0,22.941388452664125,16.82941437111857,False,False,True
3591,27,0,8.427237999869629,63,3,0,1,0.0,19.134914369817324,16.70797988533485,True,False,False
3592,61,0,3.513863161569532,32,2,2,0,0.0,26.68502386202501,13.187945285223282,False,True,False
3593,35,0,6.79311312361448,62,2,1,0,0.0,27.4846234103166,17.328340156757196,False,True,False
3594,40,0,6.829024205087433,38,1,1,0,0.0,23.24024351948039,14.70461593458851,True,False,False
3595,67,1,5.557241309198596,28,1,2,1,0.0,21.78401401681032,12.836343558094608,False,True,False
3596,70,1,5.272490144153916,34,2,1,1,0.0,27.461556342747222,11.490933321872172,False,True,False
3597,51,0,3.470068451843307,39,1,0,0,2.0,20.91705368992767,17.695647066997104,True,False,False
3598,39,0,7.29195584859728,50,4,1,1,0.0,33.07528357865864,19.46645201773972,False,False,True
3599,61,0,7.05050946526672,42,2,2,1,0.0,26.86188501642756,15.788147403278098,False,False,True
3600,23,0,4.455523080137397,14,4,2,0,2.0,19.14497656698764,15.28047957682084,True,False,False
3601,50,1,7.131818668130958,37,2,2,1,0.0,23.728351100106813,15.874678714058737,True,False,False
3602,29,1,8.517758147726052,41,3,0,0,2.0,21.099589484522447,11.824317126822502,True,False,False
3603,58,1,5.551955504822898,32,3,0,0,2.0,32.50005163872909,9.745258252524186,False,True,False
3604,30,0,4.088564714865552,119,3,2,1,0.0,20.842474857762127,29.175186476306177,False,False,True
3605,23,1,3.375647687186839,99,4,2,1,0.0,26.68502386202501,26.96623439981896,False,True,False
3606,30,0,5.0091281953384055,67,3,0,0,2.0,34.297675896290066,16.871108561177106,True,False,False
3607,70,0,5.191931759481347,116,2,0,0,2.0,20.637590857213464,30.32985648146445,True,False,False
3608,51,1,5.557241309198596,54,3,0,1,0.0,32.75973492743226,18.97322596913747,True,False,False
3609,24,0,5.451308002088323,77,2,2,1,2.0,26.2924296088656,21.830432568071075,True,False,False
3610,63,0,4.7502535570612014,50,4,2,1,2.0,18.56814812078517,22.194107850528123,False,True,False
3611,75,1,9.352954805302788,107,1,1,1,2.0,31.98228385916672,26.987032753252745,False,False,True
3612,41,1,3.9151478490688167,7,2,0,1,2.0,20.240602496175203,3.5984344264160546,False,False,True
3613,57,1,5.209738078371972,51,1,2,1,0.0,27.03579091646993,17.401371043734958,False,True,False
3614,58,1,8.891582786935821,16,1,1,0,2.0,33.62115176932389,10.773509081831946,False,False,True
3615,55,1,7.975736203052073,17,1,0,0,2.0,34.5936157339996,9.72859370621623,False,False,True
3616,59,1,8.485823267220223,78,2,1,1,0.0,32.49217022681089,16.42847035880236,False,False,True
3617,51,0,6.28921114803837,51,1,1,1,0.0,31.57183249246145,11.826229437550682,False,True,False
3618,54,1,9.30192049903393,88,3,1,0,2.0,26.71196237826515,20.202720676947493,False,False,True
3619,32,1,9.930237212400176,2,1,2,1,0.0,21.933265600466424,9.024194437285685,False,False,True
3620,41,0,6.049475555714912,62,2,0,1,0.0,23.923137096635408,18.248483999165657,True,False,False
3622,22,1,5.33385502926917,16,3,2,1,0.0,31.56080790617766,12.65218019916816,True,False,False
3623,42,1,3.7898212279192296,50,3,2,0,0.0,25.03831657679521,20.26894841350362,True,False,False
3624,31,1,8.896666108556323,26,3,0,0,0.0,19.202576101719785,8.185722547610645,False,False,True
3625,63,0,5.703155382356286,108,2,1,0,0.0,18.93609657066152,28.29252688958517,False,False,True
3626,25,1,7.40969374306703,55,3,2,0,0.0,26.30882754055049,16.48201323665156,False,False,True
3627,47,0,3.3864060673478344,99,1,2,0,2.0,23.568576946686807,25.24509781497245,False,False,True
3628,57,1,6.338015004922545,39,3,2,1,2.0,34.83107219466912,16.914096174681156,False,True,False
3629,51,1,4.50448169200923,83,3,1,0,0.0,25.732786774690062,18.58943190334968,False,False,True
3630,29,1,9.321703098379327,106,4,0,1,0.0,30.891505555191426,29.59065314453512,False,True,False
3631,33,0,1.4285370481349653,18,2,2,1,0.0,19.69448275468177,8.738588305846639,True,False,False
3632,32,1,5.843233609397964,36,1,2,1,0.0,23.36510685171233,13.542239687752604,True,False,False
3633,52,1,6.866812842828453,10,4,2,0,2.0,30.531490319757992,16.03483429869969,False,False,True
3634,23,0,4.206249051434021,39,2,2,0,0.0,30.122988410788,11.224348769449742,False,False,True
3635,27,1,4.964695695857319,79,1,0,1,0.0,29.868075884696808,21.51056305650862,True,False,False
3636,69,0,5.315325680719006,14,4,2,0,0.0,21.562491505297764,16.110807043928006,False,True,False
3637,31,1,4.004334205383136,65,3,2,1,2.0,24.00780389612364,20.44247146599932,False,False,True
3638,59,0,1.1953008574798747,103,2,2,1,0.0,21.722033680342665,25.48215412999816,False,False,True
3639,75,0,6.736532481416214,63,2,1,0,0.0,21.39474050746252,19.308081544059373,False,True,False
3640,33,1,7.737259123031795,8,2,0,1,0.0,30.8751843951971,1.5647046933503583,False,True,False
3641,32,0,4.844419126309393,60,4,1,1,0.0,22.041031236706587,21.601087570205745,True,False,False
3642,57,1,6.369921027973811,112,3,2,1,0.0,29.707631013812943,28.48766962076361,False,True,False
3643,35,1,5.557241309198596,79,3,1,1,0.0,20.145765229275344,22.552813030309984,True,False,False
3644,47,1,1.9845993291430053,18,2,0,1,0.0,33.343164888997826,6.045603658873037,False,True,False
3645,63,1,2.0299434716516327,54,2,1,1,2.0,31.356491234377508,17.60064459396146,True,False,False
3646,65,0,1.991549082282698,34,3,2,0,0.0,30.154536730951666,17.120149179074094,True,False,False
3647,26,0,1.2354250809107787,44,3,2,1,2.0,26.68502386202501,14.581289247243507,False,False,True
3648,72,0,6.255008410348436,34,3,0,1,0.0,25.75917535412585,15.331419725321323,True,False,False
3649,67,1,1.7228480315072057,89,1,2,0,0.0,27.13602370119357,23.14887605250169,False,True,False
3650,62,1,2.8204946298160207,71,2,0,1,0.0,30.129180114362423,21.317481619321345,False,False,True
3651,60,1,9.013589101724968,11,1,0,0,0.0,20.823936647247223,8.47514142401182,True,False,False
3652,35,1,3.642691525838868,26,1,2,1,0.0,29.12388905705778,10.200366845209931,False,False,True
3653,39,1,6.102512717316892,71,2,2,0,0.0,30.976032304131486,24.629471141506208,True,False,False
3654,77,1,1.855362165864575,23,3,0,0,2.0,18.54690764183353,9.679533542234283,False,False,True
3655,60,1,4.732879231415794,28,3,2,1,0.0,19.86711506692451,14.203325995359863,False,False,True
3656,33,0,5.249780547563578,70,2,0,0,0.0,27.32889606301677,18.85459485085275,True,False,False
3657,70,1,1.9562113762260445,106,3,0,0,2.0,24.36697341287736,27.089189717751225,True,False,False
3658,30,1,6.937872764077754,113,2,0,0,2.0,34.32948575892111,28.45269415225111,True,False,False
3659,27,0,1.5930461639072768,12,2,2,0,0.0,26.37128092280308,11.151759877707043,False,True,False
3660,41,0,7.218562296411602,83,4,0,1,0.0,23.820926699990764,28.812954602666547,False,False,True
3661,55,0,5.334302261974264,32,3,1,1,0.0,28.982186824656864,8.46822550200003,False,False,True
3662,47,1,4.223303030762249,23,2,1,1,2.0,19.679932705287097,11.316132846973192,True,False,False
3663,54,0,7.15805839799223,69,3,2,0,0.0,22.16945192882764,25.298344831655783,False,True,False
3664,44,1,3.554903634316419,71,2,0,1,0.0,21.57793272736433,17.375337158824316,False,True,False
3665,34,0,5.143035084424617,65,4,0,0,0.0,28.25502537575015,19.353944913420523,False,False,True
3666,61,0,8.275220402482665,101,4,0,0,0.0,23.628201452221024,35.30038675611967,True,False,False
3667,40,0,4.919189725647806,76,2,0,0,0.0,25.51483304073233,18.09223814818443,False,False,True
3668,30,1,3.820720283683031,76,1,2,0,2.0,22.274499228564466,23.40835056135094,True,False,False
3669,50,0,9.243414662600385,57,2,1,0,0.0,27.12331534256211,12.238959710683266,False,True,False
3670,30,0,9.807886732041684,14,3,2,0,2.0,29.0287239167334,11.298334447289616,True,False,False
3671,49,0,3.945818699467191,64,1,2,1,2.0,28.098922702277903,18.303423825433104,False,False,True
3672,45,0,4.175597065361501,32,2,2,0,0.0,24.61148199709641,8.280011878809109,False,True,False
3673,31,0,2.0870157018932085,17,3,1,0,0.0,22.446741476674664,3.991489378448969,False,False,True
3674,69,0,5.078410698745238,53,3,0,0,0.0,26.68502386202501,16.797302651268303,False,True,False
3675,78,1,9.521582965007642,13,4,0,1,2.0,27.5231568779707,13.57123637881831,False,True,False
3676,32,1,8.59035988607505,117,2,2,0,0.0,20.91766813127515,32.70593834551812,False,False,True
3677,50,0,8.427891563576503,33,1,0,1,0.0,31.19718810548684,12.627456821844774,True,False,False
3678,67,1,6.548147904059177,112,2,2,1,0.0,27.240876180054386,31.56071244187882,False,False,True
3679,47,0,6.888069801998869,71,4,2,1,0.0,26.68502386202501,25.19060193058608,False,False,True
3680,50,0,2.916048291939941,92,2,2,1,2.0,26.68502386202501,27.26143314243743,False,False,True
3681,58,0,6.639927751822069,56,1,0,0,2.0,21.043857041864776,19.99757496636072,True,False,False
3682,61,1,7.913860910267417,68,2,1,0,0.0,32.35644412946943,17.650700071749952,True,False,False
3683,24,0,5.557241309198596,78,4,2,1,0.0,25.65744542588855,23.68832567097416,False,False,True
3684,75,0,2.791159228134884,78,1,2,0,0.0,26.02014139852381,24.131051829404555,False,False,True
3685,79,0,4.602893342385519,65,2,0,0,0.0,20.17671202476431,18.501711219507,False,False,True
3686,38,1,7.814702077137725,7,2,1,0,2.0,31.364322098145607,5.458390983851466,False,False,True
3687,22,1,8.193142847831123,85,2,0,1,0.0,29.393700530147903,22.88744429930614,False,False,True
3688,77,1,6.860592646692564,28,4,0,1,2.0,24.937738083844224,16.080632607958858,True,False,False
3689,45,1,4.701271586309822,109,3,1,0,0.0,23.48440311354558,26.25163993336237,True,False,False
3690,53,1,5.829660138716236,98,1,0,0,2.0,30.21481101178137,25.298735731565287,False,True,False
3691,59,1,5.539822714570932,1,3,0,0,0.0,22.929630625174727,1.680732045132178,False,False,True
3692,35,0,3.404487363291909,59,3,1,0,2.0,27.098406480417907,12.65080455976306,False,True,False
3693,55,1,7.080398813567125,19,3,0,0,2.0,21.955756272449,5.811023783821349,False,True,False
3694,54,0,4.728774811007558,39,4,1,0,2.0,30.16371169269164,17.87876357132905,False,True,False
3695,38,0,7.069893008217372,55,4,0,0,2.0,20.432418248301914,20.201496998957698,False,False,True
3696,43,1,5.050256608168186,54,4,2,0,0.0,19.73753814841819,23.184624109721184,True,False,False
3697,52,0,1.4179028993453109,55,1,2,1,0.0,23.99924562246009,17.067658766374823,False,True,False
3698,21,1,5.687458574866675,66,4,2,1,0.0,27.18688531474569,24.84307765293192,True,False,False
3699,45,1,9.546419323302684,38,4,0,0,0.0,27.25336239146733,20.38292617184613,True,False,False
3700,51,0,4.302939403737526,59,4,2,1,0.0,19.21574572973849,26.053505381877248,True,False,False
3701,73,0,3.240360889431344,24,3,0,0,2.0,22.21119773589909,9.7754005591035,True,False,False
3702,67,1,5.312946316901646,42,1,2,1,2.0,24.749026274046383,21.51922045908429,True,False,False
3703,22,1,6.943481543807998,42,1,2,1,0.0,32.021687062258195,15.91756412950726,False,False,True
3704,72,0,4.796468519703881,43,2,2,1,0.0,21.895418169814626,17.762996853640065,True,False,False
3705,75,1,4.971212887880597,30,2,1,0,0.0,20.8105776654991,9.819627661751271,False,True,False
3706,70,1,6.159490198778832,7,2,1,0,0.0,23.1231078697275,5.172478588900349,False,False,True
3707,74,1,4.061946146098012,75,3,1,0,2.0,23.20082553964923,19.746007840406133,False,False,True
3708,43,1,9.157523341259434,106,4,1,1,0.0,26.68502386202501,32.74829269290387,False,True,False
3709,45,1,9.619336963058386,25,2,2,0,2.0,28.468359631990005,13.792100160122326,False,True,False
3710,53,0,2.8078946212620544,59,3,0,0,2.0,27.86517535062436,15.521716842319972,False,False,True
3711,44,0,7.369778868448583,79,3,0,0,2.0,22.36361795741799,21.90119572361458,False,True,False
3712,43,1,1.6303116126860313,67,2,0,1,2.0,19.522476380777448,11.814681948580686,False,False,True
3713,55,1,7.788081910145938,43,3,2,0,2.0,20.81853993480584,17.471177926907103,True,False,False
3714,68,1,6.738976415337316,69,2,2,1,0.0,21.27801199389264,21.182150829875653,False,False,True
3715,64,1,5.557241309198596,93,3,1,0,0.0,23.1112551986506,26.46293429343616,True,False,False
3717,59,1,7.608448274776439,42,1,0,1,0.0,18.54773975519616,16.882577674020066,False,False,True
3718,44,0,1.4057997040485093,15,4,1,1,2.0,23.678300577767587,11.727014282283044,False,False,True
3719,62,0,6.294769924425316,90,2,0,1,0.0,25.86394937934885,21.03088383748493,False,True,False
3720,42,0,3.686931333839476,104,3,1,1,0.0,27.212285599841067,28.326951803758657,False,False,True
3721,56,1,2.867224942529895,52,3,2,0,2.0,20.97042788756629,19.74674692712256,True,False,False
3722,58,1,6.477248391759175,111,4,2,1,2.0,31.869355441518262,39.170413283086255,False,False,True
3723,77,0,4.2173479314269455,77,4,1,0,2.0,30.18351041800993,25.73954876461188,True,False,False
3724,48,1,6.568090381619784,29,1,1,0,0.0,19.660471738749763,12.591175150499751,True,False,False
3725,58,0,4.150943238561073,18,3,2,1,0.0,21.98051963545889,15.818888115237712,True,False,False
3726,27,1,1.2621140649019476,36,4,1,1,0.0,21.12305477842577,17.72218358027696,True,False,False
3727,54,0,4.566119720835731,80,1,0,0,0.0,30.959588168405265,24.5207207641426,True,False,False
3728,50,0,4.241459378924124,27,1,1,0,0.0,26.258577938211044,9.786579253312665,False,False,True
3729,50,1,5.557241309198596,34,2,2,1,0.0,32.11244408745835,13.182877306224054,False,False,True
3730,36,0,6.913586642796509,74,1,2,0,2.0,27.57105729101471,21.046793630484448,False,True,False
3731,66,0,9.51852179262889,67,3,0,0,0.0,32.13681535449871,17.789291959250484,True,False,False
3732,47,0,4.264904198237283,109,4,0,1,2.0,18.540529624715905,33.67606594423225,True,False,False
3733,78,1,1.9473864623238275,53,4,0,0,0.0,34.54302739534371,19.969955956946155,False,True,False
3734,34,0,9.179416278719172,99,3,2,1,2.0,21.98259288492308,29.593589991890607,False,False,True
3735,29,1,9.56031608264872,72,3,0,0,2.0,34.84274216823401,18.37640655197257,False,True,False
3736,46,1,6.027601031795705,13,1,0,1,2.0,24.26132311751742,5.814938813918738,True,False,False
3737,56,1,3.922348008324376,17,2,0,1,0.0,29.179485875468245,11.928349069622897,True,False,False
3738,71,1,4.860270635443392,31,4,2,1,2.0,34.72349550555295,19.365171875065386,False,True,False
3739,28,1,7.656595161876955,34,1,0,0,0.0,31.870525317554367,11.982134370652211,True,False,False
3740,70,1,4.884258962057583,119,4,2,1,0.0,21.311704376087008,33.796633714688355,False,False,True
3741,74,0,8.03131258404567,16,2,0,1,2.0,20.016239730467323,7.379705358630743,False,True,False
3742,50,1,2.145873360297622,93,2,0,0,2.0,19.76804707268824,24.04286717221424,True,False,False
3743,45,0,1.9565066041348225,54,2,1,0,2.0,31.615431337545104,16.14893415185113,True,False,False
3744,25,0,4.10915036321442,27,4,0,1,0.0,27.401637657470907,10.946310229371118,False,True,False
3745,50,1,3.5995547302976214,5,4,0,1,2.0,31.57657397160806,11.442144701555538,False,True,False
3746,39,1,3.787137624816563,46,2,1,0,0.0,25.93820053165905,14.35821800332014,True,False,False
3747,65,0,5.801692878828854,52,2,0,0,0.0,24.4386066192128,14.047479449556104,True,False,False
3748,53,1,7.04980597208601,91,2,1,0,0.0,34.23445827053964,25.23235693992241,True,False,False
3749,23,1,7.539271892438079,76,3,2,0,0.0,33.106880071564646,22.40685868500393,False,False,True
3750,59,1,6.562393112113636,1,2,0,0,2.0,27.225322073178013,8.624938962681327,False,True,False
3751,31,1,7.816619784979246,79,2,1,1,0.0,23.579859320788035,21.75579617850357,False,True,False
3752,30,0,1.218162331201507,43,1,1,0,2.0,20.88296466745788,11.805296516966443,True,False,False
3753,22,0,5.660607809682147,4,4,2,1,0.0,30.512508309402428,10.587381143054182,False,False,True
3754,37,0,2.0042408181991727,29,2,1,1,0.0,34.64988643692298,6.99483478354508,False,False,True
3755,74,1,1.4541001355811136,47,4,2,1,0.0,25.08725967289117,21.140876871935088,False,True,False
3756,50,1,7.187518835239744,11,4,2,1,2.0,26.68502386202501,23.45933499717531,True,False,False
3757,46,0,7.496778159055005,19,4,1,1,0.0,30.4877146752798,16.36305512808945,True,False,False
3758,38,1,4.843959065533381,45,1,1,0,0.0,27.10661484717471,14.271580252558422,True,False,False
3759,51,0,7.999123386474034,48,3,0,0,2.0,33.54974036692316,19.07196181141953,False,False,True
3760,68,0,7.550507463214345,61,4,1,1,0.0,30.677435105141377,18.89743750917304,False,False,True
3761,60,0,7.47117498846602,69,1,2,1,0.0,30.914888756257767,25.52857174889792,False,False,True
3762,22,0,8.116326133715024,66,4,1,0,0.0,23.25370296122435,19.03168848442224,False,True,False
3763,78,1,7.398891473173147,16,4,2,1,2.0,23.383081361079483,14.414610036032382,False,False,True
3764,50,1,1.5010553345857802,100,2,2,1,0.0,29.38998129435453,30.30746232780725,True,False,False
3765,64,1,7.369323665947154,97,1,0,0,2.0,33.98005310658776,23.71795631138068,False,True,False
3766,79,1,7.985543428362013,86,4,1,0,0.0,28.480951551631524,32.06203009593452,True,False,False
3767,20,0,1.1618931841514888,108,4,1,0,0.0,33.998753023312176,31.523019313011865,True,False,False
3768,63,1,2.285613168327313,69,3,0,0,0.0,20.29900349074249,17.183946822182026,False,False,True
3769,43,1,1.184293750259781,110,1,0,0,2.0,27.38825889432575,25.82767125468902,True,False,False
3770,63,1,1.7662927290047392,29,4,0,1,0.0,21.506184808373323,14.11337635822598,False,True,False
3771,58,1,4.765372345970627,90,1,1,1,0.0,19.54352998354579,18.71751182582034,False,False,True
3772,71,1,3.3501416262531025,96,4,2,0,2.0,32.3545539000753,32.78983720839518,True,False,False
3773,25,1,5.399014494066995,118,3,2,1,0.0,23.162770380865165,27.615909172499418,False,True,False
3774,49,0,2.782278519679843,72,2,1,1,2.0,26.260339878561386,17.516468616670128,False,True,False
3775,48,0,7.427938931715825,13,3,0,0,0.0,19.572278768791644,7.249972727834149,False,True,False
3776,74,1,5.8792375837555,20,3,0,0,0.0,19.30699566611593,12.552631043748578,True,False,False
3777,21,1,5.557241309198596,25,2,0,1,0.0,33.265471548173295,9.380972097891298,True,False,False
3778,55,0,1.0994243069149985,119,4,2,1,0.0,27.46537500382088,37.57148094573596,True,False,False
3779,78,1,3.513387502368908,80,1,2,0,2.0,27.76556289952884,26.78529039522177,True,False,False
3780,46,1,6.998231764483346,74,1,0,1,0.0,34.92800051755735,20.42307307647611,False,False,True
3781,76,0,9.399793423135048,10,2,2,0,2.0,32.19709241728825,11.662733704355096,False,True,False
3782,75,1,4.603200348429626,7,1,0,1,2.0,32.563494817553675,7.362265603233145,False,True,False
3783,21,1,6.991438917314264,84,1,0,1,2.0,30.054501690584026,20.31743520342912,False,False,True
3784,46,0,1.032197901400282,41,4,2,0,0.0,32.17350741174103,18.884824776314773,True,False,False
3785,79,1,6.497740751651653,114,3,2,1,2.0,23.1758709023276,32.3235881715342,False,True,False
3786,57,0,1.5040207804510013,93,4,1,1,0.0,28.36792148841323,30.783903722297325,False,False,True
3787,40,1,5.573474114123573,18,4,0,0,0.0,22.39735819600609,13.39595027996434,False,False,True
3788,51,0,2.135755819236129,107,1,0,1,0.0,30.290909707749144,26.26587264728452,False,False,True
3789,34,1,2.9236623585500974,25,1,2,1,2.0,21.72654177522417,9.371692587074609,False,False,True
3790,49,1,6.995736642397881,112,4,1,0,2.0,27.0090804145434,31.21209300541096,False,True,False
3791,70,1,1.6475172331549637,77,3,1,0,2.0,26.68502386202501,21.57888418524703,False,False,True
3792,25,0,8.446457742466222,74,1,1,0,2.0,18.62102486950504,17.77797460150661,False,False,True
3793,56,0,6.56079988970833,72,2,0,0,0.0,30.92712231327141,18.68627084704764,True,False,False
3794,74,1,3.0443477209419423,76,1,0,0,0.0,32.18509880416302,18.284903221942827,False,True,False
3795,50,0,6.359311059991058,86,2,2,1,0.0,21.03192620637952,27.434154604256022,True,False,False
3796,50,0,5.9831005018549,102,3,0,1,0.0,27.69541304602723,27.164976778829907,True,False,False
3797,58,0,1.4060429074131355,52,4,2,1,2.0,32.95544911114975,24.86655962215169,False,True,False
3798,24,1,9.919508578651785,119,3,0,0,0.0,33.67620502470148,29.544785838793786,True,False,False
3799,67,0,2.6063566691237634,93,3,0,1,0.0,23.2519319156874,19.73415985089591,True,False,False
3800,54,0,8.636339889403658,116,1,0,1,0.0,22.22296805551193,27.030290277008508,False,False,True
3801,46,0,8.661320638296466,13,4,1,0,2.0,27.71361136728672,17.421526694851696,True,False,False
3802,77,0,5.7407094622444585,63,1,1,1,2.0,22.32073714489518,18.136203831640792,False,False,True
3803,31,0,4.252443504089882,84,1,1,1,0.0,32.583752531154765,18.78768549319753,False,True,False
3804,50,1,3.730329510148113,86,3,0,0,0.0,20.1863387014976,22.115833741393065,False,True,False
3805,57,0,1.6430624254848012,13,1,1,0,2.0,33.24878034108188,7.48845213012084,True,False,False
3806,30,0,2.139059228560832,118,3,1,0,0.0,19.43727920837993,25.400659653161657,True,False,False
3807,68,1,9.533786560687606,19,4,2,1,2.0,27.32544015673703,15.14993612544366,False,True,False
3808,34,1,6.10311092878155,63,2,0,0,2.0,33.8474185517274,18.44886875530485,True,False,False
3809,39,1,7.066066208164401,29,2,0,1,0.0,18.687094460867428,12.387477525803082,True,False,False
3810,20,1,6.344863909010753,33,3,0,0,0.0,33.59704065561527,10.123713285249828,False,True,False
3811,50,0,2.443457204593042,26,1,2,1,2.0,30.67145020895744,15.186723605600784,True,False,False
3812,50,1,5.914449386944893,118,4,1,0,0.0,31.58823620833911,31.413801722666644,False,True,False
3813,60,0,6.233774268493995,60,3,1,0,0.0,19.40312715421839,17.50282327320825,True,False,False
3814,40,0,2.695314088603628,33,4,2,0,0.0,19.28470534809784,21.156667308581056,True,False,False
3815,75,1,8.33098408317997,62,4,2,1,0.0,31.655095380669,27.59337642002278,False,False,True
3816,73,1,1.404419072074536,79,1,2,1,0.0,31.7530699632738,26.79491504644573,False,True,False
3817,75,1,5.557241309198596,20,2,2,1,0.0,26.271917115326623,12.470561846699049,False,True,False
3818,75,1,9.181562886070584,76,3,2,1,2.0,29.00531119192624,25.396282693947267,False,True,False
3819,49,1,8.452535884595886,79,3,2,0,2.0,31.561804535094097,23.875296875502524,False,False,True
3820,20,0,7.8524979859445265,78,1,2,1,2.0,21.218771939753893,21.59504474635624,False,True,False
3821,73,0,6.615635584888128,46,4,2,1,0.0,30.272483991311294,24.565043467043232,True,False,False
3822,40,0,9.788517762814111,74,2,1,0,0.0,27.44949522912618,21.89180167482665,True,False,False
3823,25,1,7.498877016410927,17,3,1,1,2.0,29.50401321690484,7.150535736275968,False,False,True
3824,46,0,3.714369467013312,68,2,0,1,0.0,29.38353181730505,14.734949339459316,False,True,False
3825,74,1,9.60898570599566,97,3,1,1,2.0,30.798121237105697,23.631979564942817,True,False,False
3826,55,0,8.186450801739063,111,2,0,0,0.0,21.1683187499248,30.87163010983137,False,True,False
3827,78,0,2.0388480463384098,67,1,2,1,0.0,22.15790371585081,21.52112222525689,False,False,True
3828,70,1,6.612650495751844,115,2,1,1,0.0,30.52966186007294,26.76116899713993,False,False,True
3829,22,0,5.680175916605713,16,1,1,0,0.0,26.44721637431408,7.713851173627308,False,False,True
3830,59,0,8.011048545316338,65,3,0,0,0.0,23.019927144901587,16.430539069055623,False,False,True
3831,24,1,3.996609529342764,117,1,2,0,0.0,34.204442313479994,29.72366738842076,False,True,False
3832,38,1,6.8769345838754585,106,2,1,0,0.0,34.36862031742974,26.0573572495061,False,True,False
3833,35,1,4.51624183390854,57,1,0,0,0.0,21.35371259096526,10.980770496091305,False,True,False
3834,61,1,9.236504241770994,60,3,0,1,2.0,20.50165301357043,18.03394665300677,False,False,True
3835,29,1,7.361375005091295,68,2,0,0,2.0,22.560132064539737,17.035908398003613,False,False,True
3836,38,1,8.582302343814083,33,1,2,1,2.0,29.660441725878293,13.638043816237076,False,False,True
3837,58,0,3.676539988557908,91,4,1,0,2.0,23.82428096173135,24.50760705209249,False,False,True
3838,34,0,7.422868670443684,94,2,1,0,2.0,30.9681429620375,21.94910110338164,False,False,True
3839,54,1,4.988620676301935,93,3,0,1,0.0,27.39241749919527,22.99038988856431,True,False,False
3840,48,1,2.761714265933488,60,3,1,1,0.0,19.86212922283141,15.935961032161805,False,True,False
3841,61,0,2.109752247892823,100,2,0,0,2.0,24.60899979253665,25.74783349487345,False,True,False
3842,51,1,6.752302643108311,8,4,1,1,0.0,21.654640888947224,14.514166632740157,True,False,False
3843,31,1,2.91049763756963,112,1,1,1,0.0,28.23095620937446,24.834440874488763,False,False,True
3844,70,1,9.045754015819863,22,1,2,0,0.0,26.79582713486393,15.720677802846406,True,False,False
3845,68,0,7.166813083928795,63,2,0,1,0.0,30.93083186544447,21.3370736228212,True,False,False
3846,38,1,5.16241189365034,45,3,2,1,0.0,29.02009757337777,12.391388203913014,False,False,True
3847,20,1,4.857081513416129,68,2,0,0,2.0,28.21184669353991,17.84760660862009,False,True,False
3848,31,0,3.7486947787436335,54,2,2,1,2.0,22.6841110961731,18.74004568117693,True,False,False
3849,31,0,4.454121303161626,35,3,1,0,0.0,25.89572750242446,9.429781892937068,True,False,False
3850,40,0,2.267005060110088,44,3,2,0,0.0,25.880608218306296,17.089306298618773,True,False,False
3851,73,0,1.3379708805404105,18,4,0,1,2.0,25.93007626579176,15.53323710522442,True,False,False
3852,53,0,6.633855225261582,72,1,0,1,0.0,28.503801665973903,19.30716687867801,False,True,False
3853,50,1,3.3345976492166844,77,1,0,0,0.0,29.24755067467421,22.23037030979148,True,False,False
3854,36,1,9.442484681985366,71,2,1,0,0.0,22.78155731412244,16.563604451510887,False,True,False
3855,29,1,3.638403480279716,1,4,1,1,2.0,27.146488498568484,5.738807754981443,False,False,True
3856,57,0,6.682396927558862,18,2,1,1,0.0,33.021938982074126,11.603500516560306,False,False,True
3857,64,0,1.845189683479271,2,3,2,0,0.0,31.18632924733416,10.85790832511274,True,False,False
3858,77,1,5.208300536488901,29,3,2,0,0.0,26.68502386202501,14.712461674929823,True,False,False
3859,34,1,6.813678362492452,87,1,1,0,0.0,26.68502386202501,19.98084384584629,False,True,False
3860,45,1,1.552094870354812,34,2,1,0,2.0,34.99683993936712,8.575705913889236,False,False,True
3861,60,1,2.1205472892912303,101,1,0,0,2.0,24.084351635430465,25.28887135517596,True,False,False
3862,49,1,2.679206493282772,21,3,2,0,0.0,22.487428889255263,8.463470049381701,False,False,True
3863,29,1,6.624480475966555,92,1,1,1,0.0,29.195560664998453,22.04854279118305,False,True,False
3864,36,1,1.9986063493090307,25,3,0,1,0.0,30.39103638944165,7.578088448912895,True,False,False
3865,28,1,1.791577075318561,65,1,2,0,0.0,34.72709204820109,16.728479004950064,False,True,False
3866,21,0,8.870275929552783,36,4,2,1,0.0,25.00067051751165,21.78153939592886,False,False,True
3867,76,0,5.696875993362192,45,4,1,0,0.0,22.542379624069813,24.65597201657163,True,False,False
3868,56,0,2.015824758821399,105,2,1,0,2.0,19.661789418975275,24.019556861921792,False,True,False
3869,51,0,5.100547365701566,31,1,2,1,2.0,34.50208507457457,13.203053195071274,False,True,False
3870,54,0,4.666440512072263,41,4,2,0,2.0,29.96176667531555,23.14409288267332,False,True,False
3871,75,0,3.472187445886751,38,2,0,1,2.0,34.64910084302564,13.760128636378196,False,True,False
3872,55,0,4.804182419573443,99,4,2,1,0.0,22.21960276476224,33.96936336046984,False,True,False
3873,53,0,8.199925052999813,107,3,0,1,0.0,27.017824621647915,28.279341150156817,False,False,True
3874,22,1,1.7616447596808131,81,4,1,1,0.0,27.78059566705676,23.358860784727582,False,False,True
3875,79,1,5.557241309198596,20,3,0,0,0.0,33.0127085396268,10.959872802456797,False,False,True
3876,61,0,5.100630538196802,1,2,2,0,2.0,26.682294763439813,11.12598820858635,True,False,False
3877,76,1,9.08108294296827,99,3,0,1,2.0,22.815354592270296,28.148656575498062,True,False,False
3878,60,0,4.036535481238897,16,4,1,1,0.0,24.553839270211743,15.21455191020001,True,False,False
3879,25,0,5.557241309198596,92,4,0,0,2.0,21.032279907891912,27.39181400120594,True,False,False
3880,41,1,7.911700820288247,64,2,1,1,2.0,24.83010487870028,19.40523143599643,False,False,True
3881,27,0,6.50418890931461,71,3,2,0,2.0,20.60834384272303,22.41268792064289,True,False,False
3882,50,0,6.322871430091095,8,2,0,1,0.0,25.5568904734148,7.468024619468523,True,False,False
3883,31,1,8.792580598746234,96,1,1,0,0.0,23.264198820683305,23.126094900467898,False,False,True
3884,65,1,5.262125487171817,36,3,1,0,2.0,25.66131356090564,15.658709902434865,False,True,False
3885,54,0,7.439112598238349,53,1,1,1,0.0,33.61767353593553,20.64429287329643,False,True,False
3886,43,0,6.342837265966248,76,4,0,1,0.0,19.94964009973789,26.801667814310832,False,True,False
3887,63,0,7.283564746434146,80,1,2,1,0.0,27.22141643031607,24.054224421991783,False,True,False
3888,34,0,1.025579382975752,3,3,1,1,2.0,22.30988075556064,3.22324802193621,False,False,True
3889,40,1,3.88793259132979,91,3,0,0,0.0,24.859366930017323,22.440219684044035,False,False,True
3890,26,1,4.092825776008587,52,3,0,0,2.0,26.40151941631405,12.950947355136003,False,False,True
3891,21,0,4.871672801006617,73,4,0,0,0.0,19.05331763437988,25.01489671789392,False,False,True
3892,66,1,6.59246147266446,53,3,0,1,2.0,25.10842714858204,15.730512228315934,False,False,True
3893,20,1,9.813369622640646,49,4,1,0,2.0,18.555481368154727,21.836074674589465,False,True,False
3894,50,0,5.058166043700588,64,1,1,1,2.0,29.695726055953763,17.647375653010812,True,False,False
3895,28,0,3.9221106070402096,72,2,1,1,0.0,30.96917096360645,19.48059349564117,True,False,False
3896,22,0,6.952438700604901,68,4,1,1,2.0,33.214030148888554,23.558800876249705,False,False,True
3897,78,1,2.033163702983477,99,3,2,0,0.0,24.9000767622785,23.216840785182143,False,False,True
3898,24,1,7.629866877023091,2,1,2,1,0.0,27.54417949601884,6.307678833938197,False,False,True
3899,42,0,5.062669033902121,64,4,0,0,2.0,28.219239826698107,21.226362350543283,False,False,True
3900,47,0,3.187017227159072,46,1,2,0,2.0,34.33166136063034,12.90670325898375,False,False,True
3901,40,1,2.512815268176777,42,1,1,0,0.0,33.71501756764075,11.357928139837547,True,False,False
3902,66,1,7.08750440249419,104,2,0,1,0.0,20.98694444958813,26.289313004438416,True,False,False
3903,31,1,6.421969988752984,20,3,2,1,0.0,32.42004002847035,10.098868564019469,False,False,True
3904,27,1,5.620425816522645,20,2,2,0,0.0,34.49399682252426,8.207357740247271,True,False,False
3905,40,0,7.847150582380582,45,4,2,1,0.0,20.46879088536873,17.590950537912523,False,True,False
3906,57,0,1.1825228340512273,71,1,0,1,0.0,24.717849283446224,18.765670384436127,False,False,True
3907,53,0,3.6093228636972574,117,3,1,0,0.0,29.654048439702315,26.5171754084772,False,True,False
3908,37,0,3.273049641425729,116,1,2,1,0.0,30.249462570200283,28.19656682846184,False,False,True
3909,78,0,1.2203223923187996,80,4,0,0,2.0,26.33298804931708,25.00520358690904,False,True,False
3910,53,1,8.055276263807858,21,1,0,1,0.0,25.143794487101584,11.284026979293085,False,True,False
3911,27,1,4.0220792515255255,7,3,0,0,2.0,22.113798448507406,5.424825024498203,False,True,False
3912,38,1,6.41789015182489,5,1,2,1,2.0,24.804984901073883,11.452024462967996,True,False,False
3913,39,0,2.8956855004687085,71,4,2,1,2.0,34.35362726655622,28.625227871615262,True,False,False
3914,78,1,8.500521826941437,7,1,0,1,0.0,33.66098573503005,10.141512359822576,False,True,False
3915,65,0,4.510144546728046,70,4,1,1,0.0,26.34119975638336,25.0398642300153,True,False,False
3916,65,1,4.142443479091748,10,3,2,1,2.0,34.59345069329157,7.303352371569776,False,False,True
3917,43,0,4.899256684261753,100,1,2,1,2.0,19.06796464857508,26.53122116734133,False,False,True
3918,73,0,9.22159870148117,107,1,2,1,0.0,19.75317558158676,32.87150013655925,False,False,True
3919,71,0,1.1994096647461916,41,3,0,1,0.0,25.27578435737498,14.236495129098952,False,False,True
3920,37,0,3.6911141164841146,25,3,0,1,2.0,24.24638093103186,4.77614168229014,False,True,False
3921,31,0,7.1078449346458,24,3,0,0,2.0,32.3360707918738,11.03090134111257,True,False,False
3922,76,0,8.660866469002695,63,1,0,0,2.0,29.508118920631432,16.005194379381994,False,False,True
3923,27,0,1.493085222324224,35,4,1,1,0.0,25.72878519614796,11.470952120480192,False,False,True
3924,79,1,7.555802385694943,4,2,0,0,0.0,32.600362564223374,11.856635488559748,True,False,False
3925,28,1,5.557241309198596,78,3,2,1,0.0,22.532527010660665,22.645499786385507,False,True,False
3926,30,0,2.273690822049641,32,1,2,0,0.0,34.55642531915481,12.937698933252,True,False,False
3927,52,1,4.624404846865303,50,3,0,1,0.0,23.13881291141094,15.373834617657923,False,False,True
3928,23,1,2.7295545989300405,88,3,2,0,0.0,24.365533445175533,22.21549033291293,True,False,False
3929,23,0,7.326925535321376,18,3,2,1,0.0,30.60277776778626,7.772348053350071,False,True,False
3930,50,0,1.9428628280629607,54,3,1,1,0.0,31.363450901602,13.881578873404468,False,False,True
3931,34,0,1.8110226964073008,30,3,1,0,0.0,34.376927277163944,8.922122502912485,True,False,False
3932,29,0,6.046405652361864,84,3,1,1,0.0,31.112227955823627,18.04997246369528,True,False,False
3933,69,1,2.5508065356770464,108,3,0,0,0.0,19.840730880148413,29.50770261153143,True,False,False
3934,43,1,6.811833630351753,52,2,2,1,0.0,22.306747499221007,20.18104821706536,True,False,False
3935,50,0,5.874359165185086,2,4,2,0,0.0,34.22028740835641,12.364913519825468,False,True,False
3936,33,0,4.669662222367474,80,3,0,0,2.0,23.432421536558994,19.926199931885883,False,False,True
3937,26,0,7.412878082196972,1,2,2,1,2.0,26.92765749544722,4.704187687555126,False,False,True
3938,23,1,4.497678510463925,40,1,1,1,0.0,26.68502386202501,12.575628737693116,False,False,True
3939,54,0,2.9733913143332207,118,1,0,0,2.0,23.16964681721162,28.254256852534823,True,False,False
3940,41,1,1.190551273618406,23,1,0,1,0.0,32.521362895555896,7.871823747719552,False,False,True
3941,22,1,3.3631513429236133,32,3,0,1,0.0,21.83738240626828,12.1712836625732,True,False,False
3942,24,1,8.946779498478074,75,3,1,1,0.0,25.75352561474193,20.206618623380468,False,True,False
3943,41,1,3.859844561424589,6,4,1,1,0.0,29.40372771496784,8.480084672399697,True,False,False
3944,42,1,9.79680652942373,72,3,2,1,2.0,19.98386803216305,23.02259629388828,False,True,False
3945,69,1,3.3189055912647527,27,2,1,1,2.0,24.586158553645497,10.248458299012588,False,True,False
3946,42,0,8.15317979338699,64,1,2,0,0.0,34.08233559565869,22.036731501045345,False,False,True
3947,25,0,2.5804012573766566,64,4,0,1,0.0,22.74940952202977,17.640246066831363,False,True,False
3948,41,0,9.595206276505015,2,1,2,0,0.0,24.43898223400996,6.738469539120116,False,False,True
3949,37,0,2.3892559290631032,89,1,0,1,0.0,33.58277524778673,19.452337342178417,False,True,False
3950,64,1,5.557241309198596,100,3,0,1,0.0,29.1852691421938,29.32518252317945,True,False,False
3951,64,0,8.25410539439636,48,2,0,0,0.0,28.296918562972685,13.03385091984575,False,True,False
3952,68,0,8.170378007883151,19,2,0,0,0.0,24.09508157845433,9.445192007475551,False,True,False
3953,45,0,9.664798126818932,29,3,1,1,0.0,30.74529084269085,12.301317200086771,False,True,False
3954,38,1,9.984496859859217,51,1,1,0,0.0,22.84515813949655,16.184564564710875,True,False,False
3955,24,1,3.537994174164745,8,1,0,0,2.0,27.45005764817568,4.499970421927038,False,True,False
3956,76,1,9.092307596005147,35,4,1,0,0.0,21.802269599708204,18.26401252568063,False,True,False
3957,29,0,7.887434717052613,45,4,0,0,0.0,22.163182336695822,18.25422266894312,False,True,False
3958,66,0,2.2524400981716566,42,3,0,0,0.0,30.26352631088044,10.507570667771544,False,False,True
3959,32,0,4.863880385687589,92,1,2,0,0.0,34.011317303880986,19.943522788236088,False,False,True
3960,75,0,9.656783869131988,51,3,2,1,0.0,30.42923691948057,18.56335818855802,False,True,False
3961,22,0,7.942869900936428,84,1,2,1,0.0,32.29496344189757,26.71056529097508,True,False,False
3962,66,1,3.6823539888500574,86,1,1,0,2.0,26.752892435194777,26.60801232332341,True,False,False
3963,62,1,8.76072912423759,14,3,2,0,2.0,23.975599833950845,10.821119217784828,True,False,False
3964,63,0,9.467919157073364,60,4,1,0,0.0,34.8684388963315,25.01012639559988,False,True,False
3965,63,1,8.145040255858648,66,1,2,0,0.0,22.61369862981252,21.49171278854809,False,True,False
3966,37,0,7.242558740045909,51,1,1,1,0.0,19.520881480923613,16.456301447036385,True,False,False
3967,72,0,5.786411597297247,52,4,1,1,0.0,33.410881408938124,20.63695540879957,False,True,False
3968,31,1,3.3512061920822416,88,1,0,0,0.0,31.112870842394816,24.10237985449764,True,False,False
3969,55,0,6.336844308706889,102,2,1,0,0.0,34.1649872928153,28.409908931710326,True,False,False
3970,74,0,8.011845490435935,20,1,2,0,2.0,34.419549466536004,15.958005997015157,True,False,False
3971,45,0,1.744644731383644,27,4,1,1,0.0,23.119803062951643,10.17583911607818,False,True,False
3972,48,1,8.494149012580461,47,2,2,0,0.0,31.853326486883024,21.97379630099155,True,False,False
3973,32,1,1.2178543998027684,18,2,0,1,2.0,22.85977712188096,7.432698872095808,True,False,False
3974,36,1,8.022333978284301,85,4,0,0,0.0,23.9947074837216,23.08963135519583,False,True,False
3975,29,0,2.4204765356301072,93,1,0,1,0.0,19.704220466905788,23.31909798493082,False,True,False
3976,28,1,4.62404087428598,78,1,1,0,0.0,22.11711113942181,17.89592988922558,False,True,False
3977,22,0,1.3165716837843695,88,4,0,1,2.0,25.505439952875257,23.99435424894576,False,True,False
3978,50,0,9.718223051917388,58,4,1,0,0.0,21.02041725460672,29.94355895614573,True,False,False
3979,60,0,8.275441881155045,94,2,2,1,0.0,28.474906382412456,26.78636880637265,True,False,False
3980,38,1,2.047625660491713,17,3,1,1,2.0,24.50506078240016,5.754014864647192,False,True,False
3981,46,1,9.322380928410134,77,4,2,1,0.0,29.886536513853294,27.632040146676268,False,True,False
3982,24,0,8.442131896242717,118,3,1,1,0.0,23.02910765283203,31.79109178424074,True,False,False
3983,59,1,3.3673255978503724,115,1,2,0,0.0,21.1354985488504,31.74038312343292,True,False,False
3984,67,1,7.575732291365897,21,1,0,1,0.0,32.725463902347144,10.947275126293476,True,False,False
3985,74,1,5.557241309198596,76,3,1,1,0.0,30.71909184912272,18.71979107616638,False,False,True
3986,47,0,4.741608234910486,96,2,0,0,2.0,29.50072021258438,21.665732644140885,False,False,True
3987,69,0,9.445254402664157,48,3,1,1,0.0,21.661637939039903,16.81876652739471,False,True,False
3988,40,1,3.8048599054868655,3,1,1,0,0.0,34.89586159259938,3.857280126823341,False,False,True
3989,50,1,3.068257072803986,76,2,1,0,2.0,30.207091401563183,19.38710350026306,True,False,False
3990,71,0,2.90156533812944,86,3,2,0,0.0,34.938062421684435,22.270275753738023,False,False,True
3991,73,0,6.82450994845887,95,4,2,0,2.0,20.2234872262829,37.4051525764289,True,False,False
3992,23,0,6.793736791986309,69,3,1,0,0.0,26.412813555871143,18.75422778822519,True,False,False
3993,73,1,9.243015712630328,33,2,1,1,0.0,26.68502386202501,14.247086554935072,False,False,True
3994,28,0,5.08980087243587,113,4,1,0,0.0,21.99864625742698,31.702640581127667,True,False,False
3995,56,1,8.874075111381336,38,4,1,1,0.0,26.68502386202501,19.16290372415525,False,False,True
3996,44,1,8.619894221520648,1,4,1,0,0.0,24.788561951829404,7.411874717752435,False,False,True
3997,44,1,8.207050720365036,6,4,2,1,0.0,26.510804595550244,12.927242526179723,False,True,False
3998,50,0,8.03881013161249,81,4,2,1,2.0,24.845561497247164,31.75214720832305,False,False,True
3999,65,0,3.302852867309915,112,1,0,1,0.0,24.25862103811601,25.712944440672445,False,True,False
4000,47,0,8.240793361688116,48,3,2,0,0.0,33.51073306437865,19.40825377641459,False,False,True
4001,51,0,4.141471820153963,6,3,1,0,0.0,33.17081815248636,1.065297047498313,False,False,True
4002,69,0,6.999724651701178,21,2,1,1,0.0,21.184167049404586,8.376582441292065,False,True,False
4003,20,1,2.741890359156153,22,1,0,1,0.0,28.888801514396405,10.568981993570588,True,False,False
4004,21,1,3.7887908446763614,13,4,2,0,0.0,23.09461155259521,13.467969341988786,True,False,False
4005,25,1,9.90762937941044,34,1,0,0,0.0,26.8644078088537,13.024738537761763,True,False,False
4006,35,1,1.5356119830757693,107,1,2,1,0.0,34.08603524491693,29.74204780999087,True,False,False
4007,54,1,8.620497913570599,12,4,2,0,2.0,21.30823756636412,20.827476016513025,False,True,False
4008,36,1,3.5638408615192887,80,1,2,0,0.0,28.094193700333733,27.787231866653244,True,False,False
4009,70,1,5.557241309198596,43,2,0,1,0.0,29.40289541315662,13.826074063658604,False,False,True
4010,33,1,5.0992405365643085,112,1,0,0,0.0,28.479971000609485,23.673594489168227,False,False,True
4011,23,1,9.34805213937138,51,4,1,0,0.0,28.867841294859325,18.23289236809232,False,True,False
4012,69,0,2.7971688355136126,90,3,0,0,0.0,18.62327456146972,24.51684630002172,True,False,False
4013,38,1,1.2095837149832371,56,2,1,0,0.0,31.869029058507788,14.04262940914429,False,False,True
4014,68,0,5.557241309198596,5,4,2,1,0.0,23.48173969279355,15.539459756554296,True,False,False
4015,24,1,2.119907871520797,85,1,0,1,0.0,27.4814650745444,19.21442613527864,False,False,True
4016,63,0,3.3757796773884694,11,2,2,1,0.0,29.718340537656704,13.6836000034866,False,False,True
4017,25,0,7.845459232510556,31,2,1,1,0.0,33.90583611960497,15.890142465168648,False,False,True
4019,36,0,3.349255523822633,15,3,2,0,0.0,31.50921122810695,13.783688076521424,False,False,True
4020,64,0,3.5946622409883067,42,4,0,1,2.0,31.371418313888363,19.51343828486373,False,True,False
4021,48,0,9.005020825165095,15,4,0,0,2.0,26.68502386202501,15.436558553411764,True,False,False
4023,56,0,6.478157985431508,73,3,1,0,0.0,26.635896692887925,15.858099507887829,False,False,True
4024,45,1,8.649437422642514,87,4,2,1,0.0,34.19116031138801,30.41560973062389,False,True,False
4025,77,0,4.047789443030769,60,3,0,0,0.0,20.468078259438496,17.580281739828447,False,True,False
4026,43,1,1.627813110808091,57,2,1,0,0.0,25.821367617355204,19.017692698939683,True,False,False
4027,72,0,7.083026998374641,35,3,2,0,0.0,24.07137032501746,15.685972516278945,False,False,True
4028,38,0,3.7085704877042938,66,1,0,0,0.0,29.20485594970163,14.880671445187607,False,False,True
4029,31,1,1.9391195199300453,33,2,2,0,0.0,27.360128623035862,11.702855110325563,False,False,True
4030,77,0,7.52583811587888,89,1,1,0,0.0,27.17504589645766,25.52656116178257,False,False,True
4031,59,0,6.1847279111304445,59,2,0,0,0.0,26.68502386202501,17.655845610465878,True,False,False
4032,64,1,9.141447278015823,119,2,2,1,0.0,19.42362634615464,31.06158494642068,False,True,False
4033,24,1,8.400472403256327,89,3,0,0,0.0,23.95127380221768,18.58793870944301,False,True,False
4034,78,0,4.052480792725303,34,2,0,1,0.0,20.45880912866972,9.63263997541965,False,False,True
4035,58,1,2.156535806510887,3,1,1,1,0.0,20.64377900176742,3.5310811877581707,False,True,False
4036,22,0,2.6877450062095,62,2,2,0,0.0,24.174834051232818,15.720155758039,False,True,False
4037,28,0,7.1602759169063,63,3,0,1,2.0,31.384578261626785,17.34547141190277,True,False,False
4038,51,1,3.657345670773765,107,2,1,0,2.0,32.21979486750449,25.05336817548558,False,False,True
4039,77,0,8.99054130333592,95,4,0,0,0.0,18.567087844136456,33.71320893814811,True,False,False
4040,40,1,4.377217677346453,38,3,2,0,0.0,34.23089473506135,13.726581087817973,True,False,False
4041,72,0,9.060797377574517,114,3,1,1,0.0,29.968582500023903,31.26773104944605,True,False,False
4042,51,1,7.050941289942771,52,4,1,1,0.0,21.733124634941223,22.34497152222369,True,False,False
4043,26,0,4.220319517323486,102,3,2,0,0.0,26.55137013260166,23.83586730556275,False,True,False
4044,66,0,8.57737607031328,92,4,1,1,0.0,28.77128596641169,29.03557650783554,False,False,True
4045,72,1,7.576048110158883,111,2,0,0,0.0,25.93250487201867,27.07219154118819,False,False,True
4046,33,0,6.953030349517911,91,3,2,0,2.0,23.02809099020021,24.692560627821635,True,False,False
4047,50,1,5.610703248239198,78,4,2,1,2.0,28.02167722984432,33.82820976873704,True,False,False
4048,59,1,9.874607321886415,110,3,0,1,2.0,32.7073954757117,27.2162242323753,False,False,True
4049,57,0,1.1690589347846363,77,3,0,0,2.0,28.0179125047992,22.87708872105793,False,False,True
4050,47,1,9.847724013577004,97,2,0,0,0.0,21.46000550634573,25.783929509810207,False,False,True
4051,39,0,3.218691662554315,33,3,1,0,2.0,31.19064560066137,15.27807334626476,True,False,False
4052,25,0,9.53961254620355,105,1,2,1,2.0,29.4931449545188,29.799040482820708,False,False,True
4053,69,1,7.016397588850636,119,3,0,0,0.0,29.38097221053353,26.23854847884268,False,False,True
4054,20,0,4.819566634736821,78,3,2,0,2.0,26.68502386202501,24.01032722026148,True,False,False
4055,20,0,1.418464357221739,41,1,0,1,0.0,25.11939444879711,8.727205922999769,False,False,True
4056,55,1,9.284250705524991,44,4,1,1,2.0,29.26774280241085,21.201230867371272,True,False,False
4057,27,1,3.167231609391571,5,3,1,0,0.0,18.716660471275752,0.9116289762584048,False,False,True
4058,51,1,8.314811679674435,49,2,1,0,0.0,23.728922102103727,10.525621508992309,False,True,False
4059,78,1,1.868954307379706,34,1,2,1,0.0,21.92074608678633,18.413448355394493,True,False,False
4060,37,0,7.206472171003671,50,2,0,0,2.0,29.36307857763249,13.016225466897987,False,False,True
4061,50,1,6.945831002247109,22,2,0,0,2.0,25.297519235499,8.873445146958465,False,True,False
4062,53,0,3.607638404760004,40,3,0,0,2.0,22.287667362162743,12.27740087936184,False,False,True
4063,60,1,5.969447442739112,1,1,0,1,0.0,27.29196024058153,2.898914571214328,False,False,True
4064,70,1,7.083932407807062,92,3,1,0,0.0,22.73983720806082,26.747253429383456,True,False,False
4065,45,0,9.602755123372642,11,2,1,1,0.0,33.256943122244714,10.051189052687254,True,False,False
4066,49,0,4.368753940656922,77,2,1,1,0.0,32.27259018074278,18.90638340714776,False,True,False
4067,22,1,6.3035715507656604,49,1,0,0,2.0,18.532921262107,12.761234196294014,True,False,False
4068,46,0,8.628762965583297,108,4,1,1,0.0,23.07174039767572,29.17096471519157,False,False,True
4069,53,1,8.990734147619975,64,3,0,0,0.0,25.000472758688865,19.346122343739072,True,False,False
4070,73,1,6.646568997842618,31,2,0,1,2.0,27.88784604042125,11.787233573746429,False,False,True
4071,56,1,5.848953275036045,95,2,0,1,0.0,28.53390703370261,25.586361336159253,True,False,False
4072,67,1,9.768744667994296,108,2,2,0,0.0,21.72478674112171,33.88827018995947,False,True,False
4073,67,1,7.147721561267218,100,1,1,1,0.0,31.636085086666306,24.60234857833633,False,False,True
4074,68,0,5.510464583117413,110,4,2,0,2.0,26.163807681730617,31.776438494793755,False,False,True
4075,60,1,3.447685970002744,83,3,1,0,0.0,31.147835660607072,22.382304618980825,False,False,True
4076,57,1,8.733995377513764,69,3,0,1,0.0,28.524083611138405,21.088270485544616,True,False,False
4077,79,0,6.417832176770072,104,2,0,1,0.0,20.510105997523205,30.77783805610781,True,False,False
4078,39,0,7.849543455707285,10,2,2,0,0.0,23.026090021570354,8.622264067172503,False,False,True
4079,57,0,1.5547769509314118,95,2,1,0,0.0,23.03074088166741,28.54603600713917,True,False,False
4080,27,0,4.2095961894344684,34,4,0,1,2.0,25.162378315204947,18.723986523651902,False,True,False
4081,68,1,5.609899151292562,105,3,0,0,2.0,26.68502386202501,24.45931194719517,False,True,False
4082,71,1,5.748073492211249,21,1,1,0,0.0,21.660621238069307,11.134132928834608,False,True,False
4083,34,0,4.207299739795509,112,2,0,1,0.0,24.795240177227345,29.798605212987567,True,False,False
4084,65,0,8.439776233421345,116,1,2,1,0.0,27.575816286556407,34.64368644191747,True,False,False
4085,30,0,8.437588963701701,83,4,1,0,0.0,19.28918254622657,22.58536774610774,False,False,True
4086,47,1,9.546280908081265,17,1,2,1,2.0,25.74137511354718,13.903228055348684,False,True,False
4087,27,1,6.885382240154082,40,4,2,1,2.0,27.390601947328143,16.82060011880474,False,True,False
4088,55,0,4.807679705168345,34,1,0,0,0.0,33.06581153094888,10.700316036256238,False,True,False
4089,33,1,7.44807683402911,66,3,2,1,2.0,21.08213638263252,19.473516870366645,False,True,False
4090,50,1,3.3066384606514685,114,1,0,0,2.0,26.68502386202501,27.728484313115946,False,False,True
4091,31,1,7.04778524134346,1,4,0,0,0.0,31.53170189871928,9.328657392777316,False,False,True
4092,44,1,9.747320956321015,73,3,0,0,2.0,31.74614480813229,19.15214543587713,False,False,True
4093,35,1,4.58560419948482,82,4,0,1,0.0,21.41010162822156,28.57152356560161,True,False,False
4094,20,1,4.593935317523593,2,1,2,1,0.0,19.972212764894856,7.486007016231605,False,True,False
4095,39,1,8.019644144863538,49,2,2,1,0.0,19.71886522098692,16.6779677394275,False,True,False
4096,66,1,9.017440782168418,49,4,2,1,0.0,26.68502386202501,22.386944287518123,False,True,False
4097,24,1,4.497690613589551,79,1,2,1,2.0,19.49512133640258,17.556205959569454,False,False,True
4098,61,0,6.2537876990476295,93,1,0,1,2.0,32.22120311490666,23.27942626560905,False,True,False
4099,56,0,6.140925186533178,45,2,0,0,0.0,23.480924551301804,14.994199885320716,False,False,True
4100,45,1,1.98804658303364,27,3,1,1,0.0,20.77666696881928,9.435658413596418,False,True,False
4101,38,0,9.304132906059507,13,3,2,1,0.0,29.06743664149253,10.807565834110074,False,False,True
4102,43,0,6.432688899037599,24,1,2,0,0.0,19.41470166609837,11.150538658789143,False,False,True
4103,55,1,7.727616735242291,69,3,2,0,0.0,33.933455797574965,24.367766035741944,True,False,False
4104,37,1,5.731174503275555,106,3,2,0,0.0,28.071255192069795,31.968888236910985,False,False,True
4105,61,0,7.862000697451901,86,1,2,1,0.0,29.62278143831262,28.28607201213121,False,True,False
4106,23,1,6.93770516565969,31,2,2,1,2.0,18.87513184746703,11.213375793865248,False,False,True
4107,67,1,1.5239576086780569,37,2,2,0,0.0,30.53802432088296,15.96387268318094,False,True,False
4108,31,1,8.911992015036683,116,1,2,1,2.0,30.26399776716911,30.397614301279244,False,True,False
4109,39,1,2.3598194284484726,71,1,1,0,0.0,25.130681890621013,21.16246018818536,True,False,False
4110,35,0,2.2844966857168427,47,3,1,0,2.0,31.840903283291908,13.474536825324202,False,False,True
4111,78,1,5.681213630062164,43,3,0,1,0.0,26.395535470913664,15.323535107434823,False,False,True
4112,72,1,6.091678234638112,96,1,0,0,2.0,33.99094008093383,24.891226570322782,True,False,False
4113,58,0,8.874889192473862,107,1,0,0,0.0,21.499971891937257,25.88337417491453,False,False,True
4114,58,0,2.393341793845617,6,1,2,0,0.0,24.06621641554778,6.248490608663852,False,False,True
4115,40,1,3.099265221397528,20,2,2,1,0.0,31.96039640117333,10.053150261540054,False,True,False
4116,41,1,8.177882310879937,94,1,1,1,0.0,30.55294340446319,20.5231874993362,False,True,False
4117,40,0,5.69640902454957,62,4,2,0,2.0,20.69388338667105,23.396876606633665,False,False,True
4118,34,0,6.9924774488667625,38,3,2,1,2.0,24.257672065455413,12.939096457067883,True,False,False
4119,64,1,4.312770738995928,58,4,1,0,2.0,30.428289528199315,21.807728314056323,False,False,True
4120,39,1,5.406288366187426,1,1,2,1,0.0,27.67732742493164,10.217395458850245,False,False,True
4121,77,1,6.710814400294969,36,1,0,0,0.0,23.73444760576136,13.07334958480254,False,False,True
4122,64,1,6.239626625301758,76,4,0,0,0.0,18.97184176167956,25.27128634195329,False,True,False
4123,30,1,8.10050611541434,117,1,2,1,0.0,28.978768909848675,28.98444506680076,False,True,False
4124,74,0,3.3672325216850565,23,2,0,1,0.0,28.018774447201068,8.25175846894871,False,False,True
4125,61,0,7.378127546607146,103,4,0,0,2.0,27.56495286905945,32.68288023916417,False,False,True
4126,34,1,4.741113656465817,52,2,1,1,2.0,24.620744153696705,12.03738969718252,False,True,False
4127,35,1,9.498066214278303,79,4,2,0,0.0,29.278988321540982,26.29668782807456,False,False,True
4128,29,0,6.476811789495145,116,4,0,1,2.0,18.539237510384385,34.56836808459806,True,False,False
4129,34,1,9.7117281709296,89,3,1,0,0.0,33.87375287074772,24.35614081993305,False,False,True
4130,67,1,2.049426697859207,26,1,1,1,2.0,28.44058080690449,14.363282242759512,True,False,False
4131,64,0,3.0419732332265035,12,3,0,0,2.0,33.57383563849298,7.697380596400182,False,True,False
4132,32,1,3.589465910410264,29,1,1,0,0.0,30.314076361666345,8.518960011025147,False,True,False
4133,55,0,8.686147003019078,98,2,0,1,0.0,25.137165342858022,25.57554638180623,False,False,True
4134,27,0,1.0339092509547974,109,4,0,0,2.0,23.84099724963724,26.70880664250097,False,True,False
4135,53,1,6.437040624828546,100,1,1,0,2.0,26.011560765419727,25.59036547864064,False,True,False
4136,38,1,8.622303395958163,45,1,2,0,0.0,22.48184231724638,14.8473053751817,False,False,True
4137,39,0,2.430322901597544,31,2,0,1,2.0,32.72866169284541,9.925333666411593,False,False,True
4138,50,1,2.158724825881418,1,1,2,0,0.0,30.165470381852145,8.903153626015207,True,False,False
4139,30,1,1.961967659401545,71,4,0,1,2.0,30.850676143677934,27.24264147065807,True,False,False
4140,57,0,9.019496744576388,10,2,2,1,0.0,26.91664294090764,9.658326509962125,False,True,False
4141,46,1,2.426071961626867,92,4,0,0,0.0,28.36150801969909,27.649033322756527,False,False,True
4142,59,0,5.611899093123837,52,2,2,1,0.0,27.70457483312584,17.50830412473705,True,False,False
4143,71,1,2.4762765831345046,65,2,0,1,2.0,22.37322238626959,17.719467466873756,False,True,False
4144,25,1,9.362226103495914,119,4,0,1,0.0,20.538729124188382,31.73363808454331,False,True,False
4145,27,0,4.646405863775484,32,2,1,1,2.0,21.69073979735405,15.310315381432666,True,False,False
4146,34,0,5.945406161606384,26,3,2,0,0.0,31.42593257288916,12.293443580524254,False,True,False
4147,26,1,5.868876119752753,113,1,2,1,0.0,24.27835016461353,30.2059108777745,False,True,False
4148,41,1,8.070559786167793,116,3,1,0,2.0,24.10619899329061,26.670478007545043,False,True,False
4149,55,0,9.04763942754914,103,2,1,0,0.0,20.36013646732043,29.141709157772965,False,True,False
4150,70,0,4.533289753250001,89,1,2,1,0.0,32.28244595501993,29.395680640809186,True,False,False
4151,40,1,4.330803520629738,90,1,1,1,2.0,31.03974795250489,24.68679208739714,True,False,False
4152,35,1,9.218661436819756,50,2,1,0,0.0,18.58606815266708,15.131900448447851,False,False,True
4153,79,0,8.157590641429158,52,1,0,0,2.0,29.10404167667441,19.016410633320284,True,False,False
4154,50,1,5.189550998747317,15,1,1,0,2.0,19.91516877727692,8.292187682522043,True,False,False
4155,71,1,7.407576892589954,46,1,1,1,0.0,25.44218899032396,16.56519960450763,False,True,False
4156,55,1,9.214309093213991,117,2,2,1,0.0,33.874812935790885,33.0861128238786,False,False,True
4157,66,1,6.956905492402221,72,2,2,1,2.0,23.63136960281676,23.89210707696884,False,True,False
4158,26,0,4.371842971133459,105,2,2,1,0.0,28.99225844181897,25.00665954542596,False,False,True
4159,60,0,6.694264372631617,90,3,1,0,2.0,24.233814073266096,21.88450959673397,False,False,True
4160,41,0,5.48770155796251,32,4,0,1,0.0,31.96866988088155,12.216145742815602,False,True,False
4161,54,1,9.652011680753256,47,4,1,0,0.0,22.41564815017394,19.52121789388104,False,False,True
4162,29,1,6.1037197351617785,79,3,0,1,0.0,23.260674624289745,22.259290098217004,True,False,False
4163,26,1,6.028362951364869,40,1,2,0,0.0,19.534812308917267,13.54821817290938,False,False,True
4164,28,1,1.3777345306546032,85,4,2,1,2.0,30.34876168446437,24.71620993920156,False,False,True
4165,41,0,6.356801628148939,80,1,2,0,0.0,28.22262935702129,18.1938971043446,False,False,True
4166,35,1,3.459959889993016,64,4,0,0,2.0,27.535061677477373,19.98497729454852,False,True,False
4167,37,0,1.5373981438875155,7,2,0,1,0.0,23.171169032585887,7.623282593510291,True,False,False
4168,44,1,7.125101572246436,95,3,0,1,0.0,26.68502386202501,23.131391268873152,True,False,False
4169,59,0,7.33855842891348,66,4,2,0,0.0,24.790941697198026,25.6367276630583,False,True,False
4170,54,0,5.529375108107329,91,1,1,0,2.0,31.630495944206736,25.779181848372023,False,True,False
4171,34,0,2.847447467234216,31,1,1,1,0.0,28.84264295628686,11.083031901352632,False,True,False
4172,71,1,6.675725714766855,89,4,0,1,0.0,20.017309107455176,30.88000279659425,False,True,False
4173,72,0,5.557241309198596,89,3,0,1,0.0,33.614759312808935,24.40975992438712,False,True,False
4174,52,1,7.409725554278836,68,1,1,1,0.0,28.719669822517066,13.999877246025976,False,True,False
4175,76,0,5.557241309198596,47,4,2,0,0.0,26.68502386202501,25.10666608278804,False,True,False
4176,79,1,4.937404967768197,44,1,1,0,0.0,23.77266184586114,12.45884389777131,False,False,True
4177,36,0,5.369478762543972,88,4,0,1,2.0,23.918267344826543,29.80569898368174,True,False,False
4178,75,0,7.912778871769446,10,2,1,0,2.0,34.558466876427886,7.878648608369108,False,False,True
4179,23,1,6.882719704459561,111,3,2,0,0.0,23.0897178141248,30.09959841237536,False,True,False
4180,76,0,4.197404962516002,119,4,0,0,0.0,27.540991920948667,34.71180505126442,False,True,False
4181,36,0,7.750551917299125,19,1,0,1,0.0,29.135453696780967,7.848994359192108,True,False,False
4182,63,0,9.229963327786423,81,3,2,1,0.0,19.89115773867079,29.1655883850592,True,False,False
4184,45,1,9.913369866209765,98,2,1,0,0.0,32.064713555868934,23.910508583769523,False,False,True
4185,37,1,8.313513751793547,73,1,0,1,0.0,34.37599793832163,21.134571808029325,False,True,False
4186,27,1,8.159157290993207,15,3,2,0,2.0,24.82183344575917,11.507558118398071,True,False,False
4187,71,0,2.3012173921562624,4,1,0,0,0.0,33.920567754052364,8.341712688232507,True,False,False
4188,53,1,3.335953899457744,66,1,1,1,0.0,24.982098009533946,16.651534335744874,False,False,True
4189,50,0,8.84945036772556,110,2,1,0,2.0,28.16056453313277,25.916862593581897,False,False,True
4190,63,0,7.018037964081037,52,2,1,1,0.0,34.071685597168425,15.375006804100286,False,False,True
4191,59,1,6.677659347806006,52,4,0,1,2.0,28.980746679162728,18.20178468683822,False,False,True
4193,30,0,1.3417837081264588,110,4,0,0,2.0,28.86433182141505,26.65564288395933,True,False,False
4194,27,1,6.780876858781698,52,2,0,0,0.0,20.65322332400214,14.796021415358762,False,False,True
4195,54,1,3.6854246220532207,34,3,0,1,0.0,28.209314417306565,11.932001794779154,False,False,True
4196,68,0,8.955030137869944,102,4,2,0,0.0,33.091363943147584,36.74298190272902,False,False,True
4197,63,0,7.687017266688532,92,2,1,0,0.0,34.76495414700183,24.5856226369086,False,False,True
4198,58,1,6.063693362806495,13,4,1,0,0.0,24.45574683668941,15.092344970232745,True,False,False
4199,63,0,5.618530146975079,53,3,1,1,2.0,26.32160239002031,17.163857459506428,False,True,False
4200,68,0,3.189457760236288,1,2,0,0,0.0,20.311718347841552,4.939121957658535,True,False,False
4201,47,0,7.421116243906397,3,1,1,0,0.0,26.387507800284336,8.909618541741747,True,False,False
4202,51,1,5.557241309198596,111,1,0,1,0.0,29.80295869796856,29.043052119400567,True,False,False
4203,28,0,8.747297764180637,91,1,0,0,0.0,24.44025640450107,24.314610356523765,False,True,False
4204,25,1,7.876331408507246,79,2,1,0,2.0,26.68502386202501,18.956840433932943,False,False,True
4205,60,0,7.179278519029896,9,4,1,0,0.0,34.89814669177642,11.623485513707273,False,True,False
4206,38,0,8.168065925840285,114,3,2,0,0.0,28.51170909855055,30.25516475089042,False,False,True
4207,79,1,3.562189853898445,17,1,0,1,0.0,23.547727551044968,10.52048228125334,False,False,True
4208,25,1,7.60805021067475,91,3,1,1,2.0,21.976230923066755,21.18612337631409,True,False,False
4209,73,1,5.4162491133428565,6,3,2,1,0.0,20.34382853208104,7.599635522569418,False,True,False
4210,53,0,7.321045906916757,66,4,1,0,2.0,33.848955150406226,22.55861012964608,False,False,True
4211,55,1,4.822111111766127,78,3,0,0,2.0,33.343716671029135,16.325576919139213,True,False,False
4212,24,0,3.2862791601908734,7,4,0,1,0.0,19.280269045901417,10.564100981120076,False,False,True
4213,36,1,3.4185472251831177,30,2,1,1,2.0,20.66739445776988,6.537531155724734,False,False,True
4214,25,0,7.746528559489961,41,4,1,0,0.0,31.20440136268803,15.787584496043127,False,False,True
4215,46,0,5.557241309198596,1,1,0,0,2.0,28.420414560009966,5.763272440131958,True,False,False
4216,57,0,7.92677947495289,44,4,0,0,2.0,19.249572168257373,19.01264550593687,False,False,True
4217,67,0,6.617728656066434,61,1,2,1,2.0,29.57345175417037,18.41914883929972,False,True,False
4218,50,0,3.6456523876926847,48,2,0,1,2.0,24.27492629721125,13.85562322936156,False,False,True
4219,35,1,7.208998590145631,73,2,2,0,2.0,33.30696664271499,20.07729496849308,False,True,False
4220,48,0,6.541534481006554,61,2,1,0,0.0,19.019052904827383,21.161894851918,True,False,False
4221,33,0,5.037519275467047,38,4,1,1,0.0,28.6455694323842,13.159438470970253,False,True,False
4222,45,0,3.776222913244177,98,2,0,1,0.0,25.341951890623555,25.341234034040937,False,False,True
4223,67,1,5.819235171322044,105,4,2,1,0.0,20.27496001332573,36.25081006883963,True,False,False
4224,65,1,5.557241309198596,45,4,2,1,0.0,20.880717925125342,20.890434366905883,False,False,True
4225,55,0,1.434919679698572,118,3,0,1,2.0,23.55018792118336,29.74035397048672,True,False,False
4226,70,0,8.421637175208037,102,1,2,0,0.0,31.22172461117152,34.57336349780805,True,False,False
4227,43,0,7.689692550762811,60,1,2,1,0.0,34.477626901615054,20.470921743853992,False,True,False
4228,38,1,6.675033109111645,1,3,0,0,0.0,27.275076623192483,5.024566629802163,False,False,True
4229,23,1,8.528971520526524,92,2,1,1,0.0,21.27170293632464,22.62451379941733,True,False,False
4230,76,0,8.384468001920695,61,4,1,1,0.0,27.97538574499317,26.99882412070739,True,False,False
4231,72,1,9.724251204961984,17,4,0,0,0.0,31.82860081993468,19.647002483538703,True,False,False
4232,39,0,5.709632166000955,34,4,1,0,0.0,31.70699757463212,19.423412589970383,True,False,False
4233,64,1,4.627319400412167,55,2,2,1,0.0,30.11702513319129,20.00953867993538,False,False,True
4234,53,0,5.557241309198596,19,2,1,0,0.0,33.124988731169324,10.289685380350631,False,False,True
4235,32,1,1.6345446001143158,69,3,2,1,2.0,22.55246360954851,20.15453501709502,True,False,False
4236,39,0,3.0271591210172164,10,2,2,0,0.0,26.28331169945244,8.672221078495303,True,False,False
4237,31,1,1.4487811884476098,94,1,0,1,0.0,23.98668522320221,19.53201319599696,False,False,True
4238,40,1,3.593824244650349,92,4,2,1,0.0,29.74805810011621,27.35117424367574,False,True,False
4239,39,0,5.897648340791216,2,1,2,0,2.0,27.484373278134203,9.176889235612713,False,True,False
4240,57,0,5.557241309198596,28,4,2,1,0.0,29.51170576881084,20.38934408076081,True,False,False
4241,54,1,9.632178396351229,99,2,0,1,0.0,24.96774152325361,25.906799391096147,False,True,False
4242,23,0,2.2166474875428706,30,3,1,0,0.0,26.68502386202501,8.393297145095822,False,False,True
4243,21,1,5.557241309198596,52,4,0,0,0.0,22.11018698292204,20.99916726028839,False,False,True
4244,50,0,4.209480215869475,69,1,0,0,0.0,26.68502386202501,19.51920577442924,False,True,False
4245,50,0,5.658395185484269,100,1,2,1,2.0,28.003542141007703,29.8372910038461,True,False,False
4246,72,1,5.365497978603687,6,4,1,1,2.0,32.30205936725536,12.580723730662914,False,False,True
4247,41,0,9.970053476975128,41,4,1,0,0.0,18.967503750272574,14.352389560600818,False,True,False
4248,77,1,6.402277296401546,59,4,2,0,0.0,26.68502386202501,27.43452425883515,True,False,False
4249,75,0,3.969723825502242,115,4,2,1,2.0,27.65993960464013,37.61627462710348,False,True,False
4250,41,1,3.546528112335981,32,1,2,0,2.0,27.181231001961628,16.996832181460448,True,False,False
4251,25,0,5.079355150435508,10,4,2,0,0.0,33.90767950650252,12.922977010188742,False,True,False
4252,62,1,9.364831705238627,117,1,1,0,0.0,20.669850151963107,27.09937539540173,False,False,True
4253,32,1,9.87330393073016,93,3,1,1,0.0,30.880622362771035,21.965758508074703,False,False,True
4254,79,0,1.4250238884527937,58,4,1,1,0.0,28.93896931551719,20.700349663912824,False,True,False
4255,45,0,1.9157907565091417,113,1,0,0,0.0,34.74208163742418,30.37882288319513,False,False,True
4256,74,0,2.309423025230437,94,3,0,1,2.0,20.37832838415716,22.248099678509657,True,False,False
4257,20,0,7.296030635064699,118,3,1,1,2.0,26.68502386202501,26.565963315050144,False,False,True
4258,69,1,3.747933091299397,28,1,0,1,2.0,26.92516133285128,11.475150016778448,False,True,False
4259,76,1,6.381198930369992,25,4,1,1,0.0,25.083682805999736,16.06374604767246,False,True,False
4260,27,0,3.838747521328152,93,3,1,0,2.0,32.87137333229256,22.385788943486386,False,True,False
4261,50,1,3.617127497996628,4,3,1,0,0.0,25.00553347289435,5.586689139123662,False,False,True
4262,46,1,1.4847590300958684,57,1,1,0,0.0,29.240399714408767,17.478489768657866,False,False,True
4263,43,1,8.99877235375245,81,2,2,1,2.0,33.23593120490163,24.28568142599777,True,False,False
4264,26,1,9.251873460314371,40,1,2,0,0.0,21.233685347044947,14.740386259924772,False,True,False
4265,44,0,1.9867265428166776,19,3,2,1,0.0,29.914098569784016,5.91938781356752,False,False,True
4266,66,0,7.154587275808253,25,1,1,1,2.0,24.90927560657243,8.806720697972649,False,False,True
4267,76,1,8.49348111734547,83,1,2,1,0.0,26.11276004133397,27.2107928911284,False,False,True
4268,28,1,8.659997432627993,35,1,2,0,0.0,22.096073692907893,10.789057421804609,False,True,False
4269,36,0,9.602830389416676,97,4,1,0,0.0,20.58780019094718,31.143327604022645,False,False,True
4270,59,0,5.0711773463084455,34,4,1,1,0.0,26.68502386202501,14.975714335628467,False,True,False
4271,38,1,3.263909978196504,4,1,0,0,0.0,18.848805727305297,4.503665306743335,False,True,False
4272,32,1,7.520125393084051,21,2,1,1,0.0,32.52350334665423,10.463582620218023,True,False,False
4273,49,0,2.7770393538201854,35,2,0,1,0.0,34.932864237317695,10.409465113815829,False,False,True
4274,63,1,2.691009552452627,46,3,2,1,2.0,34.178985995289366,18.09364994285841,True,False,False
4275,64,1,8.918293921477167,31,4,2,1,2.0,29.306320358946472,19.8604310629382,False,False,True
4276,45,0,1.0101832760878318,22,4,1,0,0.0,24.62299556685952,13.95343777703832,False,True,False
4277,64,0,8.402059818730596,68,4,1,1,0.0,24.8749767475979,22.33166727520058,False,True,False
4278,71,1,7.0386301093919705,116,4,2,0,0.0,20.424402952837266,36.952999298806624,False,True,False
4279,53,1,7.493984943341151,83,1,1,0,0.0,32.12588369300028,22.577049407273627,False,True,False
4280,71,1,1.1555924028702689,18,3,0,0,0.0,21.35528529464594,8.837565746376201,False,True,False
4281,24,0,2.148608676139779,36,4,1,1,0.0,34.96218312203146,13.71993943641016,False,False,True
4282,70,1,8.50986207915168,34,1,2,1,2.0,19.89389766916344,16.79491174103317,False,True,False
4283,64,0,9.627088011793273,21,1,0,1,0.0,30.17177667587162,13.594506247139336,False,False,True
4284,34,1,1.4305493125633493,105,3,1,0,0.0,25.48765780733585,24.970155486201666,True,False,False
4285,25,1,5.557241309198596,76,3,1,0,0.0,27.66748618712624,17.84346100307144,False,False,True
4286,54,0,9.650064412194762,58,3,1,1,0.0,26.751821129054072,18.850420685205744,True,False,False
4287,43,1,6.312818550925616,14,3,2,1,0.0,32.55127790126129,7.405880036751286,False,False,True
4288,70,1,6.013061256818157,105,2,2,0,0.0,29.790402163759243,29.68949203461663,False,True,False
4289,61,1,2.229611887888769,3,4,2,0,0.0,24.5731686638968,12.21988064919476,True,False,False
4290,42,0,9.94047500825802,93,4,0,0,2.0,31.272951778925293,28.979264458318504,False,False,True
4291,44,1,1.4857278528465256,62,1,1,0,2.0,27.69853925418432,18.82562228589992,False,False,True
4292,25,0,4.025442319700678,72,3,2,0,0.0,20.63832523527495,24.59143230559197,True,False,False
4293,50,0,8.251078411384338,99,4,1,0,2.0,21.597985036932123,31.724590408720506,False,False,True
4294,45,1,5.557241309198596,31,3,1,1,2.0,31.11132747286234,12.524959910081842,False,True,False
4295,74,1,2.5111287694188,57,2,1,1,0.0,26.559140255370444,18.39976929929108,True,False,False
4296,75,0,7.200602111540528,46,3,0,1,0.0,30.31959908710268,13.980349655379706,False,False,True
4297,30,0,1.331000134597809,48,2,0,1,0.0,26.113181589738915,12.627196777364569,False,True,False
4298,50,1,5.956214423235821,113,4,2,0,0.0,29.923059848657108,31.383287268264425,False,True,False
4299,66,0,8.340989867331704,65,4,1,1,0.0,21.101652901768883,23.40439996673405,True,False,False
4300,36,0,8.36088974099281,5,3,0,1,0.0,26.238290900804465,5.523439164109196,False,False,True
4301,76,0,9.187541541407771,19,2,1,0,0.0,28.12916920076621,10.807219715070936,False,False,True
4302,59,0,5.027502230293854,51,4,2,0,0.0,25.714417811144656,23.28594985296029,False,False,True
4303,60,0,1.152188319307304,26,1,0,1,0.0,28.711784806717187,9.561708931383118,False,True,False
4304,27,1,5.557241309198596,109,2,0,1,0.0,29.43881304636321,22.3704101730006,False,True,False
4305,50,0,7.752446465245946,100,2,0,1,0.0,27.781336971167505,22.923500883118475,False,False,True
4306,42,1,3.706201608643992,106,3,2,1,0.0,26.073784670344104,29.065695838581068,False,False,True
4307,38,1,9.175287343717734,4,1,2,1,2.0,33.1874749443313,9.045503412097704,True,False,False
4308,22,0,2.188601296921368,119,2,2,0,2.0,23.166315761771703,29.37075293373941,True,False,False
4309,20,1,5.019393712137641,103,2,0,1,0.0,24.86837173762564,23.01094708043404,True,False,False
4310,35,0,6.795045475958891,69,2,2,1,2.0,31.16981677930937,21.010592790471776,True,False,False
4311,55,1,4.139833749447614,15,1,1,0,2.0,24.23208343860444,10.976053884043887,True,False,False
4312,52,1,6.662321505732872,21,3,0,0,0.0,28.8118104522578,6.699843613368024,False,True,False
4313,33,1,2.842425528355912,29,4,2,1,0.0,27.53476240872185,16.928679248640545,True,False,False
4314,52,1,6.9895846788149205,10,3,1,0,0.0,34.38686143017598,8.603631451955444,False,True,False
4315,48,1,1.3236918059207152,105,3,1,0,2.0,19.15764262338643,27.57724583801023,False,False,True
4316,34,0,4.659452677414861,119,1,1,0,0.0,23.629993595012834,24.85775604427148,False,True,False
4317,30,0,2.503501025219072,16,1,1,0,2.0,34.97592930371433,4.009207204894943,False,False,True
4318,61,1,7.684576565086811,88,4,1,0,2.0,23.2524010498357,27.37013343790268,True,False,False
4319,42,1,2.619066868613549,35,2,1,0,0.0,22.62989731612065,10.921143326827108,False,False,True
4320,56,1,4.043259896354276,34,2,1,1,0.0,20.43096646858315,14.829019762209542,True,False,False
4321,73,1,6.063768975232895,29,2,2,0,2.0,21.14779279469879,14.725034628643328,True,False,False
4322,26,0,2.323134594098007,115,3,0,1,2.0,19.85296624661205,26.96924335068203,False,True,False
4323,49,1,2.397489428595976,87,3,2,1,0.0,23.01816971097597,24.158503583324684,False,False,True
4324,42,1,2.0539650835475003,49,3,1,1,0.0,30.026619466324664,15.422810364477344,True,False,False
4325,30,1,9.113021465845415,76,1,1,0,2.0,28.28711187266424,20.3949598690612,True,False,False
4326,77,0,3.1282634562967586,57,2,0,1,2.0,24.752089009043,18.49220726451989,True,False,False
4327,21,0,5.4073485477819805,85,1,1,1,2.0,24.78362564803374,19.626536350575456,False,False,True
4328,73,1,1.3430642066964245,78,1,1,0,2.0,31.697890741245686,20.65522347015526,True,False,False
4329,25,0,4.857983419505364,49,2,2,1,0.0,29.037938709112137,15.762442088112774,True,False,False
4330,50,1,1.4188736909716126,116,4,1,0,0.0,27.63776740512716,31.92634458849492,True,False,False
4331,34,0,4.948009948284179,41,2,1,0,2.0,21.499647170954788,11.068877678083066,False,True,False
4332,30,0,3.851969969550437,88,4,0,1,0.0,34.42211224420564,25.51522947215001,False,True,False
4333,74,1,8.367339073357972,97,3,0,0,0.0,20.088093145816696,25.26159912547661,False,True,False
4334,56,1,1.661954310786513,59,1,1,1,0.0,34.40357011466442,17.083148694306352,True,False,False
4335,75,0,6.532816498665837,15,4,0,1,0.0,21.887083478641937,14.04290890670616,False,False,True
4336,77,0,6.208255708458819,96,2,2,0,2.0,28.276122616698444,27.467209812887614,False,True,False
4337,77,1,6.5250625798712205,1,2,2,0,2.0,27.772811691091228,8.629913936501348,False,False,True
4338,64,1,6.943022474627148,41,2,2,1,2.0,23.02842315352182,18.2567075562674,True,False,False
4339,51,0,5.6905635242218375,41,1,0,1,2.0,29.189191440242865,10.937675964787166,False,True,False
4340,54,1,7.445339009881252,112,4,0,1,0.0,18.571557592945897,33.50906039738106,True,False,False
4341,28,1,3.336495627098905,60,4,0,1,0.0,31.119429653356548,22.10794424234756,False,True,False
4342,71,0,4.878890853914715,97,4,1,1,2.0,30.01983873471367,24.295122657351843,False,False,True
4343,42,0,6.979013600160501,108,3,0,0,2.0,33.96498974024294,23.88159074376585,False,False,True
4344,37,0,1.6478273661698954,7,2,0,0,2.0,34.230904178038806,2.9975346677500108,False,True,False
4345,53,0,1.973356804212992,14,2,0,0,0.0,26.68502386202501,7.401720767966806,False,False,True
4346,36,0,7.022652869792287,55,4,2,0,0.0,33.76681968898474,20.262637254194026,False,True,False
4347,62,1,6.699809569929496,13,1,0,0,0.0,25.81384671754965,6.901726524658532,False,True,False
4348,55,0,9.343037440912674,112,1,2,1,0.0,19.43237518316509,31.17331220980339,False,True,False
4349,54,0,7.524380777676573,55,4,0,0,0.0,20.34991086867561,22.69546324704877,False,False,True
4350,46,0,1.940750990881248,49,2,1,0,0.0,26.91976903909667,12.358909022455457,False,True,False
4351,21,1,6.502213117885442,66,3,1,0,0.0,34.6101836944068,15.05922399156851,True,False,False
4352,28,0,8.957866166463868,14,4,2,0,0.0,26.68502386202501,16.823261623113897,False,False,True
4353,39,1,3.4994407531651537,58,1,1,1,0.0,31.61740695985112,21.200156842212785,True,False,False
4354,53,0,5.557241309198596,91,3,1,0,0.0,21.69068375027379,26.54704527296245,False,True,False
4355,50,1,4.488621626822134,45,2,2,1,0.0,29.227283797539496,14.566965154817376,False,True,False
4356,39,1,1.817888845326836,105,1,0,1,0.0,26.68502386202501,26.437463017500484,True,False,False
4357,35,0,8.551823487868948,32,1,1,0,2.0,26.68502386202501,9.572617347983112,False,False,True
4358,50,0,9.754198689349767,87,4,2,0,0.0,20.7738053129073,27.66189829467168,False,False,True
4359,22,1,4.260658893306115,92,4,1,0,0.0,29.068483487726624,26.631257558143545,True,False,False
4360,40,1,6.68069270254064,21,3,1,0,0.0,26.82852853051107,11.414540941940515,True,False,False
4361,55,0,5.557241309198596,41,3,2,0,0.0,23.81069217508672,10.258674882826815,False,True,False
4362,57,0,7.601142448070425,85,1,0,1,0.0,25.42489280294069,21.522658760999587,False,True,False
4363,49,0,9.710761160468918,102,1,1,0,0.0,23.15689304687436,29.729292230944427,False,False,True
4364,78,0,3.630727418993538,10,1,2,0,0.0,30.524835998272582,10.563319624780313,True,False,False
4365,50,0,1.9224669627029152,105,1,0,1,0.0,29.19579690062475,21.38456903178385,False,True,False
4366,48,1,7.023313833216834,98,1,2,0,2.0,31.322763202266657,24.19463596152384,False,True,False
4367,25,1,8.765913556893025,104,4,0,1,2.0,21.13757840780639,29.721433762310408,True,False,False
4368,56,1,4.934118463660111,48,1,2,0,2.0,28.267390633751468,14.62482877315789,False,False,True
4369,21,1,3.748894894790838,112,3,1,0,0.0,25.28231831449473,20.523065848156264,True,False,False
4370,30,1,5.554326432047327,20,4,1,0,2.0,31.188877428891143,12.36405163909684,False,True,False
4371,41,1,5.408452544920502,88,1,0,1,0.0,26.32316796325865,20.35964814767646,False,False,True
4372,71,0,9.59556868413613,45,4,0,0,2.0,28.67597649660741,20.797643660871724,False,True,False
4373,31,1,8.161360165853537,85,4,2,1,0.0,24.975668918061533,30.19241154141415,False,False,True
4374,44,1,5.744325648692625,8,4,2,0,0.0,18.686665915259663,15.15245547557626,False,False,True
4375,34,0,3.357363203634061,102,4,2,0,2.0,34.57234815591236,29.90805310985652,False,True,False
4376,44,0,6.434865206435711,49,4,2,0,0.0,21.360998275678742,25.54801844656432,True,False,False
4377,35,1,6.078551515600887,78,4,2,0,2.0,29.51082116381544,28.153305613819526,False,True,False
4378,67,1,4.688957177877436,95,4,1,1,0.0,26.71450010259469,32.745934691876606,False,True,False
4379,55,0,3.270510636191528,17,1,2,0,0.0,30.126987143513325,10.091552525156516,False,True,False
4380,39,1,5.557241309198596,72,4,2,0,0.0,25.712975398995592,26.349137485744603,False,True,False
4381,70,1,9.313688181399836,5,2,0,0,0.0,18.590721743795463,6.866116356256844,False,False,True
4382,73,1,8.375326495305597,9,4,0,1,0.0,27.84410352533289,12.371416767003158,False,False,True
4383,50,0,2.874499076381912,22,1,2,0,2.0,18.699144229763704,10.523273272540942,False,True,False
4384,50,0,2.5072344149503825,118,4,0,0,0.0,24.17788873154684,34.91671580508643,False,True,False
4385,37,1,7.9046139556329535,104,3,1,0,0.0,22.319878950300687,23.989308977503867,False,False,True
4386,69,0,8.12952222605168,23,1,1,1,0.0,24.52618717785022,8.762327705173567,False,False,True
4387,77,1,3.95262716037092,80,2,1,1,2.0,29.54585529128217,22.88794419722186,False,True,False
4388,42,0,5.557241309198596,85,3,2,0,0.0,34.183078331236935,22.72824476648037,False,False,True
4389,47,0,5.557241309198596,4,4,0,1,0.0,19.19701766819501,11.049707325448942,False,True,False
4390,66,1,5.874372305186382,92,4,2,0,0.0,25.88884961741242,29.59155127599555,True,False,False
4391,33,0,7.590737729975193,61,2,2,1,0.0,24.935489085868248,21.65510221336291,True,False,False
4392,70,1,9.07734596315882,112,1,2,1,0.0,26.70458770277964,32.78920053154964,False,False,True
4393,62,1,9.828876725188149,77,4,2,1,2.0,33.06466295627654,30.38348365460697,False,False,True
4394,52,1,2.977139200382437,33,1,2,0,0.0,29.10936944646073,16.572153285561598,False,True,False
4395,66,0,8.390801830149591,43,1,1,1,2.0,24.392214599452743,15.44169785857564,False,False,True
4396,44,1,3.973428408966738,13,1,2,0,2.0,27.34916960776367,11.488865059539956,False,False,True
4397,57,0,9.154877046794049,74,1,2,1,2.0,24.032725715962226,25.06759537080621,False,True,False
4398,34,1,2.979995250129627,83,3,1,1,2.0,22.35324437906593,19.639292210187115,True,False,False
4399,33,0,7.256078343511906,52,3,1,1,2.0,28.336071936423487,12.322592220715652,False,False,True
4400,50,1,4.83510133875237,24,1,0,1,2.0,31.82298538943422,9.989312933222614,True,False,False
4401,77,1,5.620546082876641,118,1,1,1,0.0,22.01174025580473,27.75444050309428,False,False,True
4402,67,0,8.349180520233515,18,2,2,0,2.0,18.74169079557087,10.136820143989617,False,False,True
4403,46,0,5.557241309198596,43,1,2,0,2.0,23.833867851624674,17.261076198297687,False,True,False
4404,41,0,3.1927471241102463,15,4,2,1,2.0,25.74891936350552,15.729647103258802,False,False,True
4405,53,0,6.2781356113731785,113,2,1,0,0.0,26.40442656362414,31.192873753048648,True,False,False
4406,44,0,5.557241309198596,55,1,1,1,2.0,29.58564986004989,16.574146651418022,True,False,False
4407,25,1,4.704073947109273,67,3,1,0,0.0,23.23356200138899,18.56727353759352,False,False,True
4408,34,0,3.612650641290232,114,2,0,1,0.0,27.59939591847459,27.09335271655051,False,False,True
4409,53,0,9.068255715333658,69,4,2,1,0.0,21.22029524816276,26.890282453427485,False,True,False
4410,54,1,6.5448308903499415,66,1,2,1,0.0,27.58539985554247,19.62140913390229,False,True,False
4411,77,1,1.3164129284365127,50,1,0,0,2.0,28.37059851521827,15.733551166717026,False,False,True
4412,53,0,2.532422234157348,106,1,2,0,2.0,27.74852460310548,31.684634312471392,True,False,False
4413,63,1,3.38949295496454,50,3,2,0,0.0,21.97935556839565,16.949942392946472,False,False,True
4414,60,1,6.934216485509595,15,2,0,1,0.0,27.64048501531652,11.531463660861071,False,False,True
4415,66,0,5.267441570663128,111,2,1,1,0.0,34.78116970631905,28.62057511333876,False,True,False
4416,38,0,3.2425704751812985,57,2,1,1,0.0,28.87510600320315,13.185218217385872,False,False,True
4417,43,1,5.818337853745549,53,3,2,0,0.0,28.68918911486542,20.52390289426591,True,False,False
4418,20,0,5.557241309198596,11,4,1,1,2.0,23.67963257255497,6.313286068718822,False,False,True
4419,42,0,7.348207331747064,41,2,0,0,0.0,19.39001475870654,9.875447826314252,False,True,False
4420,34,1,3.2704218064076134,71,2,0,0,0.0,34.530545252493795,16.6251971172379,False,False,True
4421,33,0,2.546711827754184,115,1,2,1,0.0,29.869769314134977,30.484500790590044,True,False,False
4422,23,1,4.440935481042162,85,3,2,1,0.0,32.33751130720853,22.828700982362943,False,True,False
4423,48,1,4.43106957497389,77,1,0,0,0.0,26.68502386202501,21.981321946278825,True,False,False
4424,23,0,6.343756771664616,100,3,1,1,2.0,31.8003253365141,26.130173832825204,False,True,False
4425,67,0,2.037621338952402,25,1,1,1,0.0,28.607890638895185,10.08895662122407,False,True,False
4426,55,1,8.389705257984168,24,4,2,0,0.0,32.32333027568179,20.114697168214093,True,False,False
4427,77,0,4.320888513919808,56,1,2,1,0.0,32.817091526387124,21.180478866921803,True,False,False
4428,63,1,8.6915712320963,99,1,1,0,2.0,33.594641792213835,26.129913839370072,True,False,False
4429,40,1,8.999958466754494,16,1,0,0,0.0,23.427821474989408,9.63538498081869,False,True,False
4431,44,1,2.207076604388112,98,4,1,1,0.0,22.317221071197128,27.73788725391409,False,False,True
4432,79,0,9.32196419462436,89,4,0,0,0.0,26.79604249445707,31.273825794745235,True,False,False
4433,40,1,8.820562551407257,72,1,0,0,2.0,30.70294504982798,18.26565189690587,False,False,True
4434,24,0,9.20432105025514,75,3,0,1,2.0,19.44169020451638,18.866489067295305,False,False,True
4435,23,1,8.294226553626338,1,1,2,0,2.0,19.045883422362444,6.9119271955048704,False,True,False
4436,34,0,5.628888391518203,22,3,2,0,0.0,31.91617241016546,10.314391368655054,True,False,False
4437,50,0,1.4772319392682969,19,2,1,1,0.0,32.898950229733266,11.260215927516118,True,False,False
4438,47,1,8.811680020139423,53,1,0,1,0.0,29.26593976669838,18.047453031846977,True,False,False
4439,27,1,4.504312093432605,112,4,2,1,2.0,19.48072036007748,35.54664655686572,False,True,False
4440,50,1,5.242298359670591,24,3,1,1,2.0,18.85751238353877,10.992617020693698,False,False,True
4441,73,0,8.349584536829228,23,3,2,1,0.0,18.69343144199543,14.390920534769547,False,False,True
4442,41,0,5.557241309198596,89,4,0,1,0.0,25.195707937999867,26.662353754630256,True,False,False
4443,77,0,4.744458146230924,61,4,1,0,0.0,18.89411270408263,22.08942095881746,False,True,False
4444,46,1,5.230863626063645,27,3,0,1,2.0,32.28987311923303,11.725040746192985,True,False,False
4445,23,1,5.557241309198596,87,2,2,0,2.0,23.344100387242328,26.04655167268428,True,False,False
4446,33,1,9.72133863672298,69,4,2,0,0.0,19.454652304981952,28.8171382143948,False,False,True
4447,37,1,8.399900397769338,33,4,1,1,0.0,28.396687549806096,14.247974982105136,False,False,True
4448,48,1,5.738675029599124,112,3,1,0,0.0,20.36882384593467,28.11805685764107,True,False,False
4449,33,1,6.674124675181819,87,2,0,1,0.0,27.07683791062353,18.045049682680183,False,False,True
4450,46,1,9.062135856052354,50,1,0,0,0.0,28.832029764300668,14.475166519351475,False,False,True
4451,73,1,3.520478850549008,40,1,2,0,0.0,19.975206111227124,19.413005087312413,False,False,True
4452,34,0,4.867633080368007,16,1,0,1,2.0,23.38539436387948,4.663845439277695,False,False,True
4453,73,0,3.679108827061348,4,3,0,0,0.0,33.35398491056361,3.431421728046764,False,False,True
4454,59,1,4.108781801591188,97,1,0,0,0.0,23.40487118982026,23.62726571434081,False,False,True
4455,63,1,9.81193054827046,50,3,0,0,0.0,27.363615852838777,16.38286818869991,False,False,True
4456,47,0,2.964458789033444,19,1,2,0,2.0,23.082517903327137,7.623107860806349,True,False,False
4457,78,1,1.929641207973788,69,4,0,0,0.0,24.45675415965941,25.10773517873748,False,True,False
4458,57,0,1.1804743880560769,21,2,2,1,0.0,23.42645032068257,11.46078755633861,False,True,False
4459,60,1,6.827022313761233,43,4,1,0,0.0,32.04132166494764,17.90714859059287,False,True,False
4460,26,1,3.3083877088643887,24,2,1,0,0.0,29.64795465483004,10.017891068337136,False,True,False
4461,49,1,6.833320687440801,19,3,2,1,0.0,21.15149453872969,13.415614139808984,True,False,False
4462,52,0,5.991371969913907,53,2,2,1,2.0,19.34989101662933,21.058241694745384,False,True,False
4463,53,0,9.872261389075826,86,2,2,1,0.0,32.986529694660554,29.138748525799507,False,False,True
4464,48,0,9.626053208072124,91,4,2,1,0.0,25.44572073273348,31.177098495543333,True,False,False
4465,45,1,2.720894659720676,68,3,1,0,0.0,26.00735115321512,18.941829648964827,False,True,False
4466,40,0,2.587957934233153,3,4,0,1,0.0,20.126520149279795,7.32572992778837,False,True,False
4467,40,0,7.733864065556148,46,4,1,1,0.0,22.63475915927973,17.41515480407322,False,False,True
4468,78,0,8.197864685157157,34,1,2,1,2.0,23.212471698434605,21.938586454739426,True,False,False
4469,44,0,5.580476029083576,20,2,0,1,0.0,23.8702557134574,11.990968285309672,True,False,False
4470,47,1,1.8221847882979296,102,4,0,1,0.0,34.13535382026805,29.462629609792263,False,False,True
4471,23,1,4.238104720437367,114,3,0,1,0.0,32.283542009032104,22.97297658659165,False,True,False
4472,48,1,8.69009574866863,52,3,1,0,0.0,30.96738956659873,18.77671768409332,True,False,False
4473,21,0,9.63663538410758,18,4,2,0,0.0,20.20554048424679,14.797825647249184,False,True,False
4474,50,0,1.645114417078012,63,1,1,0,0.0,28.44127357904066,15.583009897722569,False,True,False
4475,21,0,1.1377952796421489,51,1,0,1,0.0,34.97270560553749,9.97019091229714,True,False,False
4476,57,0,3.502438735000053,14,2,1,0,0.0,22.69828091970204,3.5243747754935333,False,False,True
4477,73,1,5.140577050728056,101,3,2,1,0.0,29.48577297451152,28.97977106152852,False,True,False
4478,73,0,8.089091563021787,106,2,1,1,0.0,31.87374745778737,29.442746730052736,False,False,True
4479,37,1,2.481203302421526,8,3,0,1,2.0,30.83112750187323,5.491914113068929,True,False,False
4480,34,0,1.3611215823490854,84,3,1,0,2.0,25.10766798750031,22.332213348884576,False,True,False
4481,69,1,4.147952112055705,101,2,2,0,0.0,24.88820696040068,28.665443001517872,True,False,False
4482,72,0,6.849568883493001,32,3,2,0,0.0,25.737895041688603,11.735266344231604,True,False,False
4483,48,1,1.2262575318068276,41,4,1,1,2.0,26.68502386202501,14.210462513395235,False,True,False
4484,56,0,7.782491183301884,93,1,2,0,0.0,34.44346423326169,27.53230433339036,True,False,False
4485,36,0,2.9422382595372403,83,4,1,0,0.0,28.855321351720463,27.41094536514113,False,True,False
4486,45,1,3.3786977749637943,2,4,0,0,0.0,21.76756017807704,10.569906696215554,False,True,False
4487,23,1,8.977317823859867,3,1,0,1,0.0,21.463636025196035,2.5012848629576414,False,True,False
4488,71,0,5.790212264276026,91,1,1,1,0.0,31.02479381568829,22.7482982464326,False,True,False
4489,43,1,7.948805714931566,21,2,2,1,2.0,28.50141752602851,13.493104789798563,True,False,False
4490,56,1,3.3457010928130124,13,4,0,1,0.0,29.694242604497184,9.093539704247643,False,True,False
4491,47,1,5.557241309198596,82,2,1,0,2.0,34.982953972382575,19.116880884251096,False,True,False
4492,53,0,3.640137640030806,7,4,2,1,2.0,27.8030758738945,14.49337571676225,False,False,True
4493,51,1,4.206277386089212,89,4,0,0,0.0,33.98616737621488,30.35998883573077,True,False,False
4494,50,1,5.284186361921079,62,3,2,0,0.0,23.0375040433397,17.591220688330317,False,False,True
4495,50,1,2.560503527571968,21,2,0,1,0.0,27.70442060022297,5.937544544527228,False,True,False
4496,39,1,9.504703572760684,51,3,2,0,0.0,32.130438132806475,20.95162480903147,False,True,False
4497,74,0,7.654098996597744,107,3,2,0,0.0,30.195383029142512,33.71618191850428,True,False,False
4498,49,0,3.0143627745078594,3,4,1,0,2.0,32.79767568319491,10.432822681707222,True,False,False
4499,53,0,7.3538673944573665,31,3,2,0,0.0,26.68502386202501,11.334486927228648,False,True,False
4500,72,1,4.396488624772987,87,4,0,0,0.0,26.68502386202501,27.776652655305192,False,False,True
4501,56,1,8.297453020260438,117,2,0,0,0.0,26.251092085039943,29.53542675471395,False,True,False
4502,64,1,8.005053061608027,63,1,0,1,2.0,30.51505148529811,19.89127966600961,False,True,False
4503,29,0,9.810366823152911,78,1,1,0,0.0,28.686332446908445,19.41174962757744,False,True,False
4504,60,0,5.557241309198596,41,2,2,0,0.0,23.340602713015272,18.98179404283352,True,False,False
4505,59,0,7.338331670521777,67,2,0,0,0.0,25.21992464094396,16.401414105060987,False,True,False
4506,39,0,7.69265810740672,47,3,1,0,0.0,25.61745629414452,14.296221983563203,True,False,False
4507,23,1,7.822661512787193,111,2,1,0,0.0,30.187543672738613,24.83262811722484,False,False,True
4508,49,0,8.415823502413588,13,4,2,1,0.0,29.43892898139612,15.13540851355616,False,True,False
4509,43,0,9.692548975524971,77,1,2,1,2.0,26.144120379106983,26.014006070755546,True,False,False
4510,27,1,9.772105697264044,7,4,2,0,2.0,31.12193391575144,16.56251787923354,False,True,False
4511,39,0,8.324433100888339,14,1,0,1,0.0,21.95954929388035,9.284009428122816,False,True,False
4512,47,1,5.557241309198596,77,1,1,1,0.0,24.436668758847777,15.021988630450675,False,False,True
4513,35,1,2.567896075642519,84,1,0,1,0.0,21.011024667743428,19.193079219730294,False,False,True
4514,70,1,2.545307528952781,64,2,2,1,0.0,24.64364301021619,20.35250420379905,True,False,False
4515,44,1,8.082352953069956,68,2,0,1,2.0,25.43888303817372,19.28101143985376,True,False,False
4516,54,0,1.7410794678704953,25,3,1,0,0.0,33.11304850579587,7.972273357629386,False,False,True
4517,52,1,4.694649763262955,48,3,2,0,0.0,30.74300834603181,14.265733009801387,False,False,True
4518,36,0,7.117532164015824,42,3,1,0,0.0,31.41442706992688,9.459831389190914,False,True,False
4519,50,1,4.05094573145416,93,1,2,0,2.0,23.7165813432047,25.0961734891385,True,False,False
4520,39,0,2.0939568465781946,5,4,2,1,0.0,21.47924534436553,12.910469420329203,True,False,False
4521,43,0,8.035183879897577,13,2,0,0,0.0,23.561904752169,6.591898048992207,False,False,True
4522,47,1,2.5299083171587355,30,2,2,0,2.0,33.177065911792575,10.478084962927465,False,True,False
4523,36,0,7.267940134319918,101,4,2,1,0.0,19.879075228276104,32.50533887473259,True,False,False
4524,50,1,2.427734679846388,114,1,1,1,0.0,26.94279513395932,23.888818196434904,False,False,True
4525,28,0,1.6047781367713638,75,3,0,1,2.0,20.618233801202745,17.324010669045972,False,True,False
4526,45,0,5.557241309198596,31,3,1,0,0.0,20.92913834434897,12.813551936518486,True,False,False
4527,41,0,7.520866066548832,65,2,2,0,0.0,32.6587703199158,18.775288768046256,True,False,False
4528,71,0,5.721270211661719,14,3,1,1,0.0,21.39239208269144,6.074071046134867,False,True,False
4529,66,0,1.140062916328444,104,1,2,1,2.0,29.827053126226485,29.203241828199832,True,False,False
4530,56,1,8.709113768409091,92,3,0,0,0.0,28.97812452323701,27.550378970903463,False,True,False
4531,20,0,7.110107580071867,54,2,0,1,0.0,33.07479889506567,10.239466963691587,False,False,True
4532,63,1,5.395967260421501,100,4,1,1,0.0,21.695869891927646,29.748226089505447,False,False,True
4533,50,1,9.99736874039648,50,4,1,0,2.0,25.173453665355296,23.602333893888417,False,False,True
4534,51,1,6.899081108442077,83,3,2,0,0.0,20.16255288426466,25.521918667440108,True,False,False
4535,51,1,8.692075372458373,109,3,2,0,0.0,29.536130975805,32.717448679508934,True,False,False
4536,70,1,5.514668280307848,18,3,1,0,0.0,25.82874278544816,7.36642185788531,True,False,False
4537,45,1,4.5751791832015165,1,4,1,0,0.0,27.28185124738218,7.615036800692103,False,False,True
4538,54,0,5.065675781638978,30,2,2,0,0.0,24.17151698387996,12.872768958266676,False,False,True
4539,26,0,7.244888817894544,36,4,1,1,2.0,18.84689743340313,17.763812786682486,False,True,False
4540,73,0,3.222669017456388,36,1,1,0,2.0,20.47954488431936,8.985164072681263,False,False,True
4541,42,0,1.7881801607455723,23,1,1,0,0.0,19.56784870005714,6.719812899035674,False,True,False
4542,77,1,4.790222706182496,102,3,0,1,2.0,24.74200908981718,24.41976283772278,False,True,False
4543,46,0,5.557241309198596,50,2,0,1,0.0,25.75518265120727,16.291835961922576,True,False,False
4544,56,0,2.9084036444467696,44,1,1,0,2.0,32.02437592493841,9.578351201968491,True,False,False
4545,30,0,5.156509911045475,102,2,1,1,2.0,32.49487020890003,28.00691799759363,True,False,False
4546,76,1,6.521009253111912,85,4,0,0,2.0,25.238384151417108,27.13731299666341,True,False,False
4547,50,0,4.116394373812737,105,3,2,1,2.0,28.03952724049008,32.11647845114817,False,False,True
4548,29,0,9.833028358862164,60,2,0,1,2.0,22.150823344766003,15.694235406089271,False,False,True
4549,25,1,5.398355515524417,54,1,0,1,0.0,26.68502386202501,13.361176189536174,False,False,True
4550,52,0,6.746893546617221,102,4,1,0,0.0,34.99354634662172,33.05589264523756,False,False,True
4551,36,0,6.424029648500546,99,1,0,0,0.0,31.56595987779112,24.378470566966698,False,True,False
4552,65,0,4.002534018799134,61,1,2,0,0.0,25.893403752392587,20.68834174397096,True,False,False
4553,25,0,1.1512655183902825,19,4,1,1,2.0,34.4440748130163,15.194987614223592,True,False,False
4554,23,0,8.70030004668007,23,3,2,1,0.0,26.62131652827017,11.082753859993865,False,True,False
4555,48,1,6.800633419913169,50,2,1,1,0.0,23.232164150181447,13.454377758872596,False,False,True
4556,40,1,5.301995905488803,75,2,0,0,2.0,20.42325014371904,23.151869425931167,False,True,False
4557,71,0,8.356712097421994,79,3,2,1,2.0,34.484481349188165,23.379909617236425,False,True,False
4558,70,0,8.546942863223137,76,2,1,0,0.0,18.698352565901747,21.420828494140007,True,False,False
4559,50,1,9.62047195727749,81,2,1,1,2.0,33.78667975959851,22.34849006181049,False,False,True
4560,45,0,7.609641782889223,16,4,2,0,0.0,22.511397979959064,19.1275052493774,True,False,False
4561,72,0,5.3929400239124,54,4,0,0,0.0,30.87838746168733,22.8119082153684,False,True,False
4562,63,0,5.557241309198596,100,4,0,1,0.0,34.94719209846643,32.330840799662205,True,False,False
4563,44,0,4.090180477744468,79,1,1,1,0.0,22.465844992467936,17.897075300787183,False,True,False
4564,73,1,2.616478649445726,58,2,2,0,0.0,22.856194171125125,17.823846553089496,True,False,False
4565,48,0,7.853129500925427,114,2,2,0,2.0,34.86744901736954,29.031687144409982,False,False,True
4566,31,1,9.951347684997462,72,2,2,0,2.0,25.37471190688357,21.831134755765863,True,False,False
4567,28,0,9.29190670387132,84,1,0,0,0.0,27.69996583145896,21.403354926849445,False,True,False
4568,21,0,8.924935081050613,110,3,0,0,0.0,26.668451595398643,28.109412101715687,True,False,False
4569,48,0,6.498337487351302,90,3,0,1,0.0,29.657180368027785,24.84163620394129,False,False,True
4570,25,0,9.938386932311444,93,4,1,0,0.0,34.48144869576441,26.180315616992743,False,True,False
4571,76,1,8.06506152587436,33,3,2,1,0.0,24.51078908334027,14.404542103000564,False,False,True
4572,25,0,2.3279666214582995,14,1,0,0,0.0,25.45468867680464,3.443323274811962,False,True,False
4573,32,1,9.380084067490156,115,4,1,1,2.0,32.70298227477821,32.014169821328046,False,False,True
4574,78,1,8.078347308663155,12,4,0,1,0.0,33.23559829912965,14.628268737721598,True,False,False
4575,50,0,9.405562047244464,108,1,0,0,0.0,29.031245452348724,25.51882211235141,False,False,True
4576,37,0,2.12897606005468,42,4,0,1,0.0,25.71115986808672,17.461554986297795,True,False,False
4577,31,1,9.417431463237405,105,2,2,1,2.0,26.68502386202501,30.96582271569949,False,True,False
4578,69,1,2.8544370419160097,53,2,2,1,2.0,24.387775100619297,17.674873427411548,True,False,False
4579,74,1,8.90062579914908,14,3,0,0,2.0,28.80801982618314,9.67244285950246,False,False,True
4580,40,0,9.02685817007569,112,4,0,1,0.0,27.20642836596668,34.37856439871085,False,True,False
4581,59,1,6.038698420310295,26,3,0,1,2.0,21.452234494787103,9.204497246784769,True,False,False
4582,24,0,3.6963339002669406,51,4,2,1,2.0,26.68502386202501,19.33092655647647,False,False,True
4583,50,1,7.731312861802755,27,3,1,1,2.0,31.933489012363232,12.244469844004731,False,True,False
4584,22,1,4.365350827361055,70,1,0,1,0.0,31.215710195817984,14.49021664702613,False,True,False
4585,21,0,7.875668766930561,33,4,1,0,0.0,19.127429107899072,14.09503077261338,False,False,True
4586,28,1,4.280877730799979,115,1,2,0,0.0,22.383748386128342,27.64653148847307,False,False,True
4587,50,0,3.787599240514108,73,4,2,1,0.0,20.749622064525827,22.971181813294688,True,False,False
4588,58,0,3.015155817221325,44,2,2,1,0.0,27.433938417404185,14.908627805918211,False,False,True
4589,50,0,2.6861537589618427,30,4,1,0,0.0,34.26657405682768,16.213610916198274,True,False,False
4590,26,0,2.9987396938809088,25,1,2,0,2.0,33.19941656360186,9.539047206986773,False,True,False
4591,31,1,7.531939422619996,118,1,0,0,2.0,23.315064052171564,29.13495810741656,False,True,False
4592,72,0,4.661403826586184,57,2,2,1,0.0,28.360000723129943,23.16406570402756,True,False,False
4593,56,0,1.0886214251080986,111,4,1,1,0.0,26.68502386202501,30.444872953724445,False,False,True
4594,42,0,3.839981269987998,28,2,2,0,2.0,26.16843980005962,12.734896930856692,False,True,False
4595,60,0,5.045344858909719,102,1,2,0,0.0,21.01163047768685,28.50277735521451,False,True,False
4596,32,0,7.535705354758946,54,3,1,0,2.0,32.89178130061341,17.37987594601935,True,False,False
4597,50,0,7.210232415465892,106,1,0,1,2.0,29.51866656979467,29.854651930451062,False,True,False
4598,40,1,3.6453045607435417,9,4,0,0,0.0,32.88958759083362,9.65210384911483,False,False,True
4599,25,1,9.589324260054124,51,1,0,1,2.0,32.629653340672235,14.18451076705136,False,False,True
4600,37,0,7.878301066217272,109,1,1,0,0.0,21.50571514397919,25.203924414597708,False,False,True
4601,46,1,1.306400555802382,108,3,1,0,0.0,25.75299920441144,25.69122516699964,False,True,False
4602,57,1,2.8817635794285703,29,4,2,0,0.0,22.27978821243668,17.751257122269156,True,False,False
4603,31,1,1.416323703351555,15,3,1,1,0.0,30.4773938161914,4.580452412616364,False,True,False
4604,53,1,1.630913322406978,108,3,2,1,0.0,33.817227984466804,33.17540256982885,True,False,False
4605,46,0,2.154490952163093,109,1,2,0,0.0,22.04104030741642,30.93472947032728,False,False,True
4606,34,1,6.250798136647016,12,2,0,1,0.0,25.854046553076937,6.704139069147934,False,True,False
4607,40,1,8.729574250728342,29,1,1,0,0.0,28.16701469898056,10.67665197848374,True,False,False
4608,38,0,7.68965027701669,71,3,0,0,0.0,33.673830175170146,23.26636940067523,False,False,True
4609,29,1,2.4494159346461206,88,4,2,0,0.0,22.53652771105942,26.8183540109807,False,False,True
4610,26,1,6.718851286326747,95,1,2,1,2.0,20.484833879608708,22.497080589444124,False,True,False
4611,70,1,3.819484100243608,3,1,0,0,2.0,27.010905123136844,6.524848158036609,False,True,False
4612,55,0,1.0932735011245938,55,4,2,0,0.0,29.333030684890574,25.69601637558109,True,False,False
4613,65,1,4.510774349021923,41,3,1,0,0.0,34.64113216160473,14.649960064321029,False,False,True
4614,34,1,2.030555768220833,47,1,0,1,2.0,30.334724320327748,15.7611587895677,True,False,False
4615,66,0,1.3653638677213606,38,1,2,1,0.0,29.357092066707487,15.933881060952231,True,False,False
4616,44,0,8.214451089517388,75,1,1,1,0.0,26.02748567597456,21.63115902961457,False,False,True
4617,56,0,3.713395738189235,56,4,2,1,0.0,21.78304985648744,31.31291938732461,False,True,False
4618,38,0,4.175896154539005,112,1,0,0,2.0,24.04405473943636,27.68239217241327,False,True,False
4619,40,1,3.739310050865959,86,2,1,1,0.0,19.018462626917604,21.254527267066784,False,True,False
4620,57,1,9.044276888949677,112,4,0,1,2.0,28.554359474482208,32.93350546387056,True,False,False
4621,45,0,2.1909750050808223,100,1,2,1,2.0,26.68502386202501,21.70736378205914,False,False,True
4622,66,1,6.129845371407845,34,3,1,0,2.0,23.411323222297025,12.752239504488712,True,False,False
4623,50,1,6.241217095575693,66,1,2,1,0.0,29.391107679185687,19.73055633669492,False,True,False
4624,70,0,9.966671238207033,31,4,2,1,2.0,21.478643165758623,21.42654230886748,False,True,False
4625,36,0,9.422340617000314,95,3,2,1,2.0,31.7459084457024,27.643824907319537,False,True,False
4626,41,1,5.499795384661767,17,2,2,1,2.0,25.969197077531465,8.809766708783807,False,True,False
4627,56,0,9.519387155005049,83,2,0,0,0.0,19.183407194212272,23.14191504520113,False,True,False
4628,78,1,3.271615434479361,19,2,1,1,0.0,28.849781106397103,9.964852157971425,True,False,False
4629,54,1,9.189595569453484,95,2,0,0,0.0,26.091013274366773,27.03831577634052,True,False,False
4630,42,0,9.996720628828994,16,1,1,1,2.0,26.558581168809248,6.979880179246992,False,False,True
4631,72,0,1.040540328822598,104,1,0,0,0.0,34.731115634251935,24.419241133975262,False,False,True
4632,44,0,8.724784964563433,111,2,2,1,2.0,24.76588165094985,32.36536843292389,False,True,False
4633,20,1,1.1394841764357126,108,3,0,1,2.0,32.14322821262392,19.155895256872697,False,False,True
4634,50,1,4.316658920545428,19,2,0,0,0.0,20.857333992918694,11.740191541909946,True,False,False
4635,76,1,2.9926891881387085,104,3,0,1,0.0,33.46315425579884,27.12020455204573,False,True,False
4636,41,0,4.108095801336972,94,3,0,0,0.0,23.78842379667472,23.231471635600336,True,False,False
4637,45,0,3.800086126836826,77,3,1,0,2.0,31.681732930155903,19.80681641155495,False,False,True
4638,37,1,9.579918383984246,10,1,0,1,0.0,34.39200490799296,3.5607938339825327,False,False,True
4639,23,1,6.753659253989118,56,1,1,1,0.0,25.52627874552437,13.086949469985385,False,False,True
4640,58,0,2.338053073265639,98,1,0,0,0.0,25.280852918162296,26.33363365001676,True,False,False
4641,50,1,1.4441460732767917,18,3,1,1,2.0,31.14135243694271,9.282296446806011,False,True,False
4642,78,0,3.514106718381039,72,4,2,1,2.0,34.93666464817359,23.09847083251513,False,True,False
4643,49,1,6.662022579209071,108,3,0,1,2.0,25.24357130494592,26.87398132916798,False,True,False
4644,66,1,1.8807130244480503,88,2,0,1,0.0,20.937723332893583,18.86578195897423,False,False,True
4645,28,1,4.881212120622493,104,3,1,1,0.0,31.168861778467026,22.074527611386987,False,True,False
4646,65,1,6.807876250038551,23,1,2,1,0.0,21.96951248772181,13.490289497324818,False,False,True
4647,26,0,5.784406741161041,112,3,0,1,2.0,25.214015575998864,23.017730026003303,False,False,True
4648,52,0,1.0971855315056076,34,4,1,1,2.0,26.68502386202501,15.328687733233624,False,False,True
4649,29,1,1.8598948710828969,15,1,0,1,0.0,20.24456509781617,4.3189184706019885,False,False,True
4650,79,1,4.296170630202536,114,3,2,1,0.0,21.584178931762047,31.303449120194585,True,False,False
4651,61,0,2.4324317559444686,90,1,2,1,2.0,32.68648433158452,24.07363922972977,False,True,False
4652,59,1,5.868481240044342,114,4,2,1,0.0,19.075118345812093,38.01947157962264,False,True,False
4653,20,0,9.193117116777898,71,3,1,0,0.0,24.73795086986479,18.24117397976197,True,False,False
4654,23,0,2.723440689377221,99,3,0,0,0.0,30.793435736858456,17.437477744527442,False,True,False
4655,74,0,5.557241309198596,21,4,2,1,0.0,21.994977438370142,22.17705179328269,True,False,False
4656,69,1,7.512484939821562,48,4,2,1,2.0,33.999416356002,24.424960998686483,True,False,False
4657,28,0,2.917516156597056,39,3,2,1,0.0,27.4399031909792,9.251666066484812,False,False,True
4658,76,0,7.154890670469757,109,4,2,1,0.0,26.290707134313664,35.25007875811957,True,False,False
4659,24,0,1.4906070091977328,94,1,2,0,0.0,28.732296716215103,26.21993661066605,False,False,True
4660,65,0,1.62705577981229,110,3,2,0,0.0,26.976878333722745,30.361562914752703,False,False,True
4661,44,0,3.849382543695121,15,4,0,0,0.0,26.68502386202501,11.995998186512388,False,True,False
4662,68,1,8.906654881576141,12,2,1,0,0.0,22.80565148791164,11.16043659301928,True,False,False
4663,24,0,4.730328813289239,81,4,1,0,2.0,32.198650237552854,24.31480490091518,False,False,True
4664,66,0,5.987135470224469,106,3,2,1,0.0,19.414797061511813,28.441854812339283,False,False,True
4665,34,1,7.8312524324608255,119,2,0,0,0.0,28.05895831006019,28.3322403328711,False,False,True
4666,65,0,1.7896053453642902,29,1,0,0,2.0,34.26319216966541,9.528473606628747,False,True,False
4667,74,1,2.189290403528745,45,3,2,0,0.0,22.96705518660353,20.247002399416782,True,False,False
4668,63,1,7.304093788819221,42,2,1,0,0.0,33.81345688093306,11.62816465629394,False,True,False
4669,45,1,6.757976814133802,108,3,0,0,0.0,19.63686453812568,25.438555423185885,False,False,True
4670,79,1,7.2033547191935945,12,1,1,0,2.0,28.30529182186791,5.9022030150597,False,True,False
4671,71,1,3.669587756505264,2,4,2,1,2.0,30.69127163501654,12.004131593776446,False,True,False
4672,29,0,1.5393263978897331,77,2,2,1,2.0,22.614634973330297,19.189994701488427,False,False,True
4673,42,0,1.5002080565314175,14,4,2,1,0.0,22.91576094503465,14.797794763724596,True,False,False
4674,35,0,8.96386711405113,1,1,2,1,0.0,34.58420472197382,8.730096498091758,True,False,False
4675,50,1,3.582881195243889,19,4,1,0,2.0,24.892316759207777,8.891135205467059,False,True,False
4676,64,0,2.537741794478184,75,3,2,0,0.0,30.97159421506228,21.36070642065866,True,False,False
4677,66,0,7.1090352481316215,108,1,1,1,2.0,21.721935547062536,28.61781183632629,True,False,False
4678,74,0,1.1208062360811484,36,2,0,1,0.0,23.124942305043447,12.812453752752804,False,True,False
4679,26,1,7.9219696915656925,63,4,2,1,2.0,23.60584920544056,24.57334023685587,True,False,False
4680,27,0,3.476149816384829,78,1,2,0,2.0,29.375198567493936,25.671707537898293,True,False,False
4681,74,1,5.502614668103616,70,1,1,0,2.0,19.046036673790404,21.310033389431325,False,True,False
4682,41,0,7.154955761016431,56,2,1,1,0.0,26.47592390549279,18.306491896924083,True,False,False
4683,78,0,8.647077766610122,82,4,1,1,2.0,27.48435838737169,29.615403490752723,True,False,False
4684,50,1,9.968054545900802,73,3,0,1,0.0,32.56864352769729,15.798205653388338,True,False,False
4685,55,1,6.732478095495672,45,1,0,1,0.0,31.726849812626945,14.817090701933944,True,False,False
4686,44,0,7.081707296477649,6,2,1,0,0.0,19.750003734217,4.722456497206305,False,False,True
4687,61,0,6.796237934007497,104,3,0,1,0.0,20.54031421051699,24.155166345101787,False,False,True
4688,77,1,8.10785596361171,72,4,0,0,0.0,21.35462160858645,25.38370091794898,False,False,True
4689,68,0,9.706614672117068,111,4,2,1,2.0,19.034771415819137,39.90007954811861,True,False,False
4690,25,0,3.868076383595792,75,1,2,1,0.0,29.61745061314156,20.55340378662996,False,True,False
4691,54,1,3.4395669112632734,49,2,0,0,2.0,23.58134674021624,12.403443114268065,False,True,False
4692,79,1,8.81169977801918,111,1,1,1,0.0,24.83889046009727,31.518461335135303,True,False,False
4693,39,1,2.705671389136392,7,4,1,1,0.0,27.44780228782851,13.694303835678722,True,False,False
4694,73,0,4.298442212450471,43,3,0,0,0.0,26.98068955608164,13.741144986324304,True,False,False
4695,30,1,8.476906497352847,19,3,2,1,0.0,26.288152254948496,12.463825611209682,True,False,False
4696,70,0,2.7852082142439976,91,4,2,0,0.0,26.944861399439063,28.54316510036832,False,True,False
4697,21,0,4.132271374374276,74,3,2,1,0.0,30.466614432474863,25.03068769031345,False,True,False
4698,57,0,4.226568680758004,10,1,1,1,0.0,25.684582575712835,6.534754829551139,False,True,False
4699,76,1,7.619171757379148,95,1,1,1,0.0,27.37898029249088,27.44421746002178,True,False,False
4700,23,0,2.134498882246331,83,2,1,0,0.0,28.475175439094745,20.02019234001744,False,False,True
4701,45,0,6.3425189491244565,55,4,0,0,0.0,34.27993451659681,20.480600379683786,True,False,False
4702,25,0,5.995051051010375,109,1,1,1,0.0,25.86402133270404,26.99866575143154,True,False,False
4703,38,1,1.6360386822559505,106,2,1,1,0.0,34.05985098305836,27.469666986605763,True,False,False
4704,69,1,2.4649849092283187,53,2,1,1,0.0,22.122734091577605,14.661576347286807,False,False,True
4705,65,0,8.627505583387075,20,1,0,1,0.0,20.063781762357507,9.397965343704085,False,False,True
4706,58,1,7.0328767058338855,43,4,2,1,0.0,21.35080646994959,22.584819268405948,False,True,False
4707,45,1,2.7086739424387223,31,3,2,0,2.0,24.109100167968336,16.599613589549623,True,False,False
4708,74,0,1.5409770047055624,6,2,1,0,0.0,26.68502386202501,5.905548417516867,False,True,False
4709,39,0,9.723242249402578,98,2,2,1,0.0,31.58340049990965,31.742975001554644,True,False,False
4710,72,1,4.846805221324928,24,2,0,0,0.0,23.77834798533785,9.626358935421942,False,True,False
4711,53,0,1.4023623827697576,38,3,0,1,0.0,31.604768609659303,5.100484192754073,False,False,True
4712,65,0,5.557241309198596,60,1,2,0,0.0,29.103913238606225,19.546487046301124,False,True,False
4713,50,0,5.232114636483532,84,1,0,0,0.0,28.51676044491676,19.467533842697915,False,False,True
4714,36,1,9.461097039794794,50,1,1,1,2.0,26.68502386202501,15.382098316339205,False,True,False
4715,75,0,9.259827783716446,18,1,0,0,0.0,30.00450814336582,7.897481812213517,False,False,True
4716,33,0,7.058002133120758,62,2,2,0,2.0,19.899491118324534,21.50625734990355,True,False,False
4717,74,0,1.0489933827252151,40,4,0,0,2.0,34.07085089034591,18.23018829409776,False,False,True
4718,62,0,3.304400377385151,97,1,0,1,0.0,26.805706183547933,27.37287452985665,True,False,False
4719,64,1,2.5468633228532216,73,3,1,0,0.0,25.228546265345862,19.628647190168188,True,False,False
4720,71,1,2.596685231090641,110,3,1,1,0.0,24.699719065673506,24.790834917377804,False,True,False
4721,42,0,2.57800817239174,24,4,0,1,0.0,34.25860264471678,15.590228519656115,False,False,True
4722,45,1,5.557241309198596,97,3,1,0,2.0,29.67397094318666,18.80609205460806,False,True,False
4723,30,0,3.4718337358163947,59,1,0,1,2.0,26.350782909567823,16.12572849597921,False,True,False
4724,43,1,9.24334971493403,97,2,1,0,0.0,24.02460158633047,21.11363978587221,False,False,True
4725,59,1,7.869768536909895,48,2,1,1,2.0,33.79151994756295,16.2214372778672,True,False,False
4726,47,0,7.398048974144874,3,4,2,0,0.0,24.61079606708936,17.752683430886844,False,False,True
4727,70,0,5.024923667144066,118,1,0,1,2.0,24.52510459537624,26.5489291014242,True,False,False
4728,53,1,2.2001680607825214,62,3,1,0,0.0,25.15957311968028,13.510071403717095,False,True,False
4729,36,1,2.32971691994165,60,3,2,1,0.0,20.939496619341032,16.389050524943517,False,False,True
4730,43,0,2.1010471836592712,59,4,2,0,2.0,32.87337388712565,24.82338229739032,True,False,False
4731,49,0,5.474264173769812,116,4,2,0,0.0,20.318009332910155,37.44983394080453,True,False,False
4732,54,0,4.457446821581162,10,4,2,0,2.0,22.08088038958937,16.406944610177842,False,False,True
4733,68,0,8.04788808625135,92,2,0,0,0.0,21.559093417761623,24.10203334299464,False,False,True
4734,72,1,5.557241309198596,35,4,2,0,0.0,27.04304335615615,23.101058537522327,True,False,False
4735,71,1,9.028529741887246,15,2,0,1,2.0,22.91815486142098,9.592239148266051,False,True,False
4736,36,1,1.7263760877458738,102,3,2,0,2.0,28.725237110212973,29.041169337727933,False,False,True
4737,50,0,1.930402064817639,68,1,1,1,0.0,21.62730810008115,22.50561233467084,False,True,False
4738,65,1,3.573283974756688,12,2,2,0,2.0,19.638402794835976,12.876826980008406,True,False,False
4739,31,1,8.81382768201081,107,1,2,1,0.0,34.55869918075969,30.92077109655971,True,False,False
4740,44,1,3.284178783003929,7,3,1,0,0.0,26.68502386202501,5.032508063942617,False,False,True
4741,20,0,8.548275162655454,77,4,1,1,0.0,24.048550074235017,28.845498953429423,True,False,False
4742,49,1,7.632966805543202,66,4,2,0,0.0,20.72823471437892,27.376115678900828,False,False,True
4743,69,0,7.750831715682751,22,1,2,0,0.0,24.05276054490877,15.349365361510484,True,False,False
4744,25,1,7.350934004865518,57,1,1,0,0.0,31.967189964340747,15.530588364720437,False,True,False
4745,78,1,7.313415539764269,112,3,1,1,0.0,20.97521672618484,31.56590745109086,True,False,False
4746,37,0,7.811952468877319,10,2,0,0,0.0,25.87845417528633,8.525802160357419,False,True,False
4747,79,0,6.173825456422637,105,1,2,1,0.0,28.22269043347121,30.04361772512793,False,True,False
4748,23,1,8.305422379487506,12,1,1,0,0.0,26.68502386202501,9.749500751417049,True,False,False
4749,63,1,5.513026778575055,111,1,2,1,0.0,24.147669380864087,34.512500127559555,True,False,False
4750,40,0,5.814136777443799,57,1,0,1,0.0,20.910348601757068,16.69077215306776,False,False,True
4751,22,1,8.628166268112363,76,4,0,0,2.0,29.018507676307948,27.76827234273956,False,True,False
4752,75,1,3.7860337136176607,100,3,1,1,2.0,33.44122304439412,22.22420935340168,False,True,False
4753,56,1,2.668185781496646,103,4,2,0,0.0,22.170669629624868,38.16200952521679,False,False,True
4754,79,1,4.942196167152964,13,3,0,0,0.0,28.213425663195807,8.116389807331993,False,False,True
4755,66,0,9.621208681440834,109,1,0,0,0.0,21.02840863978876,30.55564882559208,True,False,False
4756,42,1,5.14874847030084,104,4,0,0,0.0,30.25517976775689,30.86020648656832,False,False,True
4757,26,1,7.889935186893842,86,1,1,1,0.0,18.760645467545203,23.04850091609828,True,False,False
4758,23,0,5.4527881639213325,115,4,2,0,2.0,29.04713229869208,36.57603710640316,True,False,False
4759,30,0,9.382799746775977,7,4,0,1,0.0,34.85092355010196,15.62711050713918,True,False,False
4760,45,1,4.216387631031662,40,4,0,0,2.0,33.83951662352631,19.188885448161976,False,False,True
4762,67,0,4.922563319854534,112,3,1,1,0.0,22.684997705093885,28.86597428216201,True,False,False
4763,70,1,8.437268663708181,29,2,2,1,0.0,26.557859110280184,14.99019862304629,False,False,True
4764,79,0,4.775333365808377,94,1,1,1,2.0,18.78521357100191,25.93819665120942,False,False,True
4765,31,0,9.129710146498834,100,4,2,1,0.0,28.85494454451496,36.45039393398197,True,False,False
4766,55,1,7.147164866447449,101,1,2,1,0.0,30.46700270938621,28.51569483061972,True,False,False
4767,33,1,6.469388274043041,58,2,0,0,0.0,23.1270176910574,14.365309697789195,False,False,True
4768,66,0,6.979814079334101,78,4,2,0,2.0,30.302374033142627,27.897416696503907,False,True,False
4769,47,1,2.3883784395863508,4,1,0,0,2.0,19.463994571482527,1.0973484025891906,False,True,False
4770,57,0,9.060248709920632,16,3,2,0,0.0,34.62605857771234,15.56112796403431,True,False,False
4771,31,1,4.966887229078321,112,4,2,0,0.0,24.36589367260864,33.15965519168446,True,False,False
4772,40,1,9.303608342161969,2,1,2,1,0.0,30.213285581772887,6.119600392495787,False,True,False
4773,56,1,8.9713172218643,9,2,0,1,0.0,20.95344787598546,12.190557829876187,True,False,False
4774,72,0,4.663691014410822,47,4,0,0,0.0,25.05332308736254,14.833276002613507,False,True,False
4775,42,1,4.516776861103037,86,4,0,0,0.0,26.87195385953952,27.14278179609781,True,False,False
4776,22,0,4.835037509477015,82,1,2,0,2.0,32.09035186488656,21.50660715632421,False,False,True
4777,29,1,9.57405579849168,116,1,2,0,2.0,33.452258492858405,33.974496509834744,True,False,False
4778,51,0,3.1018762173373147,73,3,2,1,2.0,27.69762327652837,18.86572044881797,False,True,False
4779,32,0,9.743647211237253,3,1,0,0,0.0,20.40745729907045,4.491874687087578,False,True,False
4780,28,1,1.6797994224121684,22,3,2,0,0.0,27.17624788763871,3.4535145515454,False,True,False
4781,22,0,1.5658820390303887,79,1,1,0,0.0,19.348859300663115,20.70078250308144,True,False,False
4782,33,0,5.503002901084201,99,3,2,0,0.0,19.11096951427691,27.35498303380376,False,False,True
4783,24,0,3.291483963657753,90,3,2,1,0.0,34.89242313939714,23.302970360130765,False,True,False
4785,45,0,1.7005523779946263,90,1,1,1,0.0,33.03561483503299,19.30450643043736,False,True,False
4786,64,0,6.531770071490517,45,4,1,0,0.0,27.884592203444683,16.094226618434508,False,True,False
4787,47,1,2.596884870246384,77,3,0,1,0.0,30.67420629022516,17.61461810984552,False,True,False
4788,73,1,8.23271632438324,29,2,1,1,2.0,19.41669868084129,13.267459219254055,False,False,True
4789,31,0,3.4726262616667087,106,3,1,1,0.0,20.97532251476505,25.12178763249717,False,False,True
4790,67,0,2.122277024112429,17,4,2,0,0.0,24.79434777825084,16.93233288265686,False,True,False
4791,39,1,8.140929236986253,11,3,1,1,0.0,20.35535872611392,9.696499860005478,False,False,True
4792,60,1,4.067947139431213,39,1,0,1,0.0,23.450447836280407,16.94875916732858,True,False,False
4793,36,1,7.803261231626238,88,1,1,1,2.0,26.68502386202501,23.489516505948327,True,False,False
4794,25,1,5.403069101841516,47,4,2,0,2.0,26.01558843667082,20.040246315098862,False,False,True
4795,33,0,8.897312763179492,84,2,1,0,0.0,28.744019100874127,19.0054011067474,False,False,True
4796,59,0,6.416661903560238,46,3,0,1,0.0,27.779894957028915,18.13392563728704,False,False,True
4797,52,1,2.261488900444573,73,2,1,0,0.0,34.66673342757417,20.07022061734127,False,True,False
4798,32,1,6.95754627831904,96,2,2,1,0.0,32.06625511448858,23.82208391550745,False,True,False
4799,47,0,9.003868839354876,113,4,1,0,0.0,18.765756361596125,32.93124836411997,False,False,True
4800,22,0,3.640204719945889,34,1,0,0,2.0,28.325600390890617,7.977996694222187,False,False,True
4801,51,1,6.983200394803764,99,3,1,0,0.0,30.289295320553663,26.63612773685922,False,False,True
4802,32,0,3.2698004555522155,119,2,2,0,0.0,27.30779234455788,29.883305064836183,False,False,True
4803,42,1,6.292946784177981,82,4,2,0,0.0,26.04577638573325,29.24319849405615,False,False,True
4804,70,1,2.696392449447748,71,1,0,0,0.0,26.68502386202501,23.00193849398547,False,False,True
4805,40,0,6.261188254763565,81,3,0,0,0.0,19.80442587160337,16.74957652519859,False,False,True
4806,43,0,8.441264015029295,98,2,2,0,0.0,30.066394740807954,27.03641827106228,True,False,False
4807,42,0,5.483788476055168,18,4,0,1,0.0,27.478813689147945,10.91947121400641,False,False,True
4808,23,1,6.323585789214843,56,1,1,0,0.0,32.8962299095489,17.857061489213898,False,True,False
4809,50,0,7.133141038827448,21,2,2,1,0.0,23.460431045973703,11.543846861691293,True,False,False
4810,60,1,1.945877951922745,115,4,2,0,0.0,26.04234532752323,38.123608939279485,False,True,False
4811,69,1,5.78760128904859,21,4,1,0,0.0,23.624323002710163,18.284587398572768,False,False,True
4812,25,0,8.215726751611847,30,4,1,1,2.0,27.276718388503657,12.997183541988946,False,False,True
4813,70,0,8.40475013288611,96,1,2,1,0.0,32.26573586178251,26.44677457314,False,False,True
4814,29,0,3.660420497537992,3,1,2,1,0.0,27.2944716512124,8.7748204042482,True,False,False
4815,49,0,6.198952930476973,74,2,0,1,0.0,18.54468433810321,18.55817247187325,False,False,True
4816,61,1,6.193576407031324,10,3,0,0,0.0,32.4180727021856,7.928757679155608,False,True,False
4817,56,1,6.157251642085496,18,4,1,0,0.0,26.68502386202501,18.10900774047756,True,False,False
4818,24,1,6.905826823362459,104,3,2,0,2.0,29.06565011936213,28.22515780477503,False,True,False
4819,25,1,3.053493223758152,21,3,0,1,0.0,26.68502386202501,12.842944886633916,True,False,False
4820,61,0,5.155933297566511,16,2,0,0,0.0,31.131536218861505,8.837371030444901,False,False,True
4821,56,0,5.557241309198596,118,1,1,0,2.0,24.46230874146663,30.75204825744469,True,False,False
4822,37,1,6.908243657771484,86,3,0,0,0.0,30.33182070523474,17.200958967742903,False,True,False
4823,53,1,4.69829412724455,97,2,2,0,0.0,19.827436283581942,27.299690788850523,True,False,False
4824,77,1,5.326031010745691,119,2,1,0,0.0,30.40277906237196,27.96184348287632,False,False,True
4825,35,1,3.862996681674853,24,4,1,1,0.0,21.194889271862827,14.492638472088831,False,False,True
4827,62,0,3.632266299012018,73,4,0,0,0.0,19.68506303639589,26.319544956408624,True,False,False
4828,25,0,2.698050621052294,92,4,0,1,0.0,24.356922432508952,22.79841632885824,False,True,False
4829,20,0,6.959557110912154,3,4,1,0,2.0,28.93635576528636,12.083773211359585,True,False,False
4830,23,1,1.6669787437034942,68,4,1,0,0.0,33.68609834949644,22.69376944534364,True,False,False
4831,71,0,1.3546858176135093,107,2,1,0,0.0,33.126909284532864,22.64021269570313,False,False,True
4832,50,1,9.16975720217114,48,4,1,0,0.0,18.611148130771763,18.709010360070003,False,True,False
4833,51,1,3.784892238725349,50,4,1,1,2.0,24.832044860137145,19.9401617478867,False,False,True
4834,23,1,7.959778031778373,20,2,2,1,0.0,21.20318854012607,13.953475483208509,False,False,True
4835,48,0,4.756131282737272,65,2,1,1,2.0,24.295680789846887,21.43417035040168,True,False,False
4836,38,1,1.0847787037520078,14,2,1,0,0.0,31.359218682398563,7.321693301472152,False,False,True
4838,68,1,3.4340156692428376,116,4,1,0,2.0,31.450518556004745,33.78982769510468,False,True,False
4839,48,0,3.405655738688541,31,1,2,1,0.0,30.195095140875704,13.039180546975205,False,True,False
4840,28,1,3.584482886175017,8,3,1,1,2.0,24.542919716754444,4.277392652324503,True,False,False
4841,75,1,5.630316779179275,41,4,2,0,2.0,23.810206179847384,26.13029622649952,True,False,False
4842,44,0,3.86163848493656,15,1,1,1,0.0,21.989100194561296,7.890723554705126,False,True,False
4843,67,1,2.021159725359166,10,4,2,0,0.0,31.676555620458885,14.078854455882686,False,True,False
4844,61,0,3.402093592888946,14,4,0,1,2.0,18.90257316013061,12.604781938255416,True,False,False
4845,76,1,1.0722867748806064,39,2,2,1,2.0,26.19722223945444,16.843234657103995,True,False,False
4846,47,1,3.046419587749112,38,1,2,1,2.0,25.569697985246364,12.03101469098146,False,True,False
4847,52,1,1.417625974136131,28,4,0,0,0.0,32.45175964342002,16.443307307958328,True,False,False
4848,50,0,3.6645745664132727,69,4,2,1,2.0,29.294471042117543,28.97349640537386,False,True,False
4849,70,0,5.75026627202947,28,1,0,1,2.0,24.10503758001694,12.071003824915868,False,True,False
4850,72,1,3.212545039124659,86,1,2,1,0.0,26.68502386202501,27.469135856091484,True,False,False
4851,35,1,8.264727733619441,99,4,1,0,2.0,34.84911778965366,28.99833976700683,False,True,False
4852,42,1,7.22171592401706,3,3,2,0,0.0,22.161392794796576,9.71427679296913,False,True,False
4853,37,1,8.592870308756478,43,4,1,1,0.0,19.106051285450725,17.635283924866254,False,False,True
4854,32,0,3.871674750886536,30,4,2,0,2.0,26.68502386202501,16.756173279592506,False,False,True
4855,74,1,4.652308829802444,119,2,1,0,0.0,28.25119940471104,30.016036079165325,True,False,False
4856,37,1,4.007770403831641,75,3,2,0,2.0,33.85459998532143,22.413169061226107,False,False,True
4857,65,0,1.853836414076618,79,4,0,0,0.0,22.05925579621968,26.882673974457774,True,False,False
4858,49,1,2.8006006385580937,88,4,2,0,0.0,31.311817233592325,29.75950248756414,False,False,True
4859,22,0,9.71774798770248,18,3,2,1,0.0,27.41599133238855,13.130851987894946,False,True,False
4860,31,1,8.476206446782125,95,1,0,1,2.0,18.826408875323903,21.70057234833758,False,True,False
4861,60,0,1.3028475105912394,45,4,2,0,0.0,26.72623423353689,24.98155580921764,False,True,False
4862,50,0,5.596653965555952,5,4,1,0,0.0,19.707481755152617,8.615030554998,False,True,False
4863,51,0,8.309616285634764,115,3,1,0,0.0,22.70463867899201,24.01085312326366,False,False,True
4864,66,1,1.694299366774549,14,2,0,0,2.0,34.38330359391067,8.032693643873062,True,False,False
4865,59,0,3.747282661903988,72,4,2,0,0.0,25.367549139073496,27.97868953716816,False,True,False
4866,58,1,7.686089326885887,90,2,0,1,2.0,29.87364034616987,23.92088312669649,True,False,False
4867,28,0,2.582054342473437,99,4,2,1,2.0,21.54643389314709,28.74210583853686,False,True,False
4868,29,0,1.781766171875645,48,3,1,0,2.0,24.95812136045118,12.214692246750126,False,True,False
4869,50,1,8.919366072745362,52,4,2,0,0.0,29.172720456812883,21.86930858638905,False,False,True
4870,79,0,4.629343791002384,7,2,2,1,0.0,20.68451063702813,8.964314756242151,False,True,False
4871,64,1,5.478176297387219,97,3,1,0,0.0,33.0946282071432,24.79044009141774,False,False,True
4872,28,1,9.74755760733825,52,1,0,1,0.0,20.570600149034806,13.564590215725907,False,False,True
4873,67,1,7.431061114838407,106,4,0,0,0.0,20.595196784749145,35.32394320109653,True,False,False
4874,38,0,8.75988676677915,35,1,0,1,0.0,32.88756131253149,8.303952735945796,False,True,False
4875,23,1,9.3795312779848,114,3,0,1,2.0,31.7884976906474,22.564471190944808,False,False,True
4876,29,1,9.42995174126213,58,1,0,1,0.0,34.679139756654166,16.462098433870715,True,False,False
4877,35,1,9.609137717069435,15,1,0,1,2.0,30.74778732489408,10.345237288699384,True,False,False
4878,20,0,4.94657215029073,76,1,0,1,2.0,33.43451056207527,17.822194313656468,False,False,True
4879,67,1,6.261475235996425,39,1,0,0,0.0,20.33094506370371,15.051021845840118,False,True,False
4880,53,1,3.853008727608735,13,3,1,1,0.0,28.73711615489361,7.696981083767987,False,False,True
4881,27,0,2.7613697647490905,58,2,2,0,0.0,21.75903732291058,13.95675952090309,False,False,True
4882,28,0,9.512480540042828,68,3,2,1,2.0,27.26261181729886,19.6901571029412,False,False,True
4883,62,0,5.66202102756926,73,1,1,0,0.0,22.848440645323123,15.72850590390918,False,False,True
4884,20,0,1.9079382524811368,21,3,2,1,0.0,18.78534329026565,8.99513454997942,False,True,False
4885,39,1,5.291539973722644,43,3,0,1,0.0,22.853179105292647,10.531565550119936,True,False,False
4886,74,1,5.553690067180026,37,4,1,0,0.0,26.68502386202501,18.43860956210992,False,True,False
4887,75,0,4.01336510242106,10,4,0,0,0.0,30.56924116498645,13.151620270769126,False,True,False
4888,33,0,5.557241309198596,101,4,2,0,0.0,34.777873661781186,30.83729707494961,False,False,True
4889,65,0,2.463884683859089,61,3,2,1,2.0,26.68502386202501,24.67661754393061,True,False,False
4890,77,1,8.746539959859675,56,3,0,1,0.0,21.84262419340626,15.343224754298904,False,False,True
4891,28,0,1.3301560485508808,45,1,2,1,0.0,27.028443057652098,16.35558874199097,False,True,False
4892,20,1,7.163233260812706,80,3,0,0,2.0,23.71066105144632,22.82146699894995,False,False,True
4893,57,1,3.9469650665866,90,2,2,0,0.0,22.394141806418297,22.798320133017896,False,False,True
4894,66,1,1.2563542949434436,75,1,2,1,0.0,30.30307752427893,23.401722044559687,True,False,False
4895,23,1,3.4904799778806934,119,1,2,1,0.0,29.289361790519315,31.565173740513508,False,True,False
4896,66,1,5.0228766112727605,41,1,0,0,2.0,25.048242978707083,11.890419924233305,False,False,True
4897,21,1,5.557241309198596,79,4,0,1,0.0,19.678562530578144,26.16840420124028,True,False,False
4898,35,0,6.350935443504915,57,4,1,1,2.0,21.06483325348568,18.73651132811205,False,False,True
4899,24,1,7.73330742192827,75,2,2,0,2.0,23.55272410700057,21.96353793787761,False,False,True
4900,56,1,2.395078006750791,30,4,2,0,0.0,18.978362700489487,19.27672341303466,False,True,False
4901,63,1,6.134121237590748,44,1,2,0,2.0,29.61396041288309,17.139527772961728,False,True,False
4902,54,1,8.784945757265811,119,2,0,0,2.0,30.95264705344706,30.15507151279065,False,True,False
4903,42,0,5.519458096872881,29,2,1,0,0.0,22.008097020680545,12.374439390404945,True,False,False
4904,78,1,9.268725743238264,102,2,2,0,2.0,23.06542366757758,28.202395890043626,False,False,True
4905,31,0,3.450164882554402,112,2,2,1,0.0,23.331031943835537,31.115962289557817,True,False,False
4906,46,1,2.860844716627855,94,3,0,1,0.0,20.928897429701,27.20811106779956,True,False,False
4907,49,0,8.846796212658504,88,3,2,1,0.0,22.916736603468447,22.62368211616904,False,False,True
4908,42,0,4.701296691192961,65,4,1,1,0.0,23.839919704474788,19.26846105352204,False,False,True
4909,43,0,7.348425036826756,47,1,2,0,0.0,33.545985607082095,18.760408185727872,False,True,False
4910,29,1,7.352942002135494,98,2,1,0,0.0,24.99334198072203,27.284250798462725,False,False,True
4911,42,1,3.0047389324633347,103,1,0,1,0.0,33.036836046365934,31.42607177196665,True,False,False
4912,45,0,8.718943573380308,37,3,1,1,0.0,29.20586007333811,12.630772653238356,True,False,False
4913,57,0,5.035302418884188,59,4,1,1,0.0,22.81167096104177,23.948350175376007,False,False,True
4914,27,0,5.221360419993666,117,4,0,0,0.0,23.32285758808705,30.173803883984736,False,True,False
4915,53,0,5.557241309198596,78,2,1,1,0.0,31.875193232674825,18.84073042623626,False,False,True
4916,77,1,8.652406549023318,60,4,2,1,0.0,21.5746870098508,23.92475586071445,False,False,True
4917,40,0,4.8182113288592205,40,3,0,1,0.0,23.61961141051836,13.461978821307405,False,False,True
4918,54,1,3.660744986016725,75,1,2,1,0.0,30.970295616138745,19.503441167056213,False,True,False
4919,55,1,2.2328400007857505,117,1,1,1,2.0,22.99252941988305,23.28872629772381,False,True,False
4920,76,0,8.515212295345247,7,4,0,1,0.0,22.819164836491662,12.323729879305096,False,True,False
4921,43,0,1.0962279110215127,109,3,2,1,0.0,19.960673261763706,25.572379915990087,False,True,False
4922,54,1,7.389145412016472,21,1,0,1,0.0,31.86790987093765,8.9320304007397,False,True,False
4923,20,0,3.4145397598553906,78,4,1,0,0.0,27.691902794215338,23.978914793024384,False,False,True
4924,72,0,3.0749558416333014,52,3,0,1,0.0,31.919234782113,14.813246154542185,False,False,True
4925,79,1,8.49683867228594,5,2,1,1,0.0,29.11405205894554,6.990593584415068,True,False,False
4926,41,0,6.218248106501165,111,1,1,1,0.0,22.74627152122608,26.29788442033322,False,False,True
4928,63,1,5.557241309198596,28,4,1,1,2.0,28.09300317477985,11.121142509889964,False,False,True
4929,43,1,4.836679456630833,119,2,1,1,2.0,20.43029935040682,28.280520862903924,False,True,False
4930,71,0,4.033025122035326,81,1,1,0,2.0,19.646805405973573,22.51508239372934,False,True,False
4931,38,1,7.113223011918471,77,3,2,0,0.0,24.97321437064816,22.95813582295641,False,True,False
4932,51,1,9.852782779295303,74,3,2,1,0.0,31.11679075732838,27.40426895443168,True,False,False
4933,35,1,2.177887001119183,92,4,2,1,0.0,26.68502386202501,33.35088718535656,False,True,False
4934,67,0,8.62665521436313,98,2,0,1,0.0,23.96743425345688,27.32241370448729,False,True,False
4935,73,0,4.616321127415256,2,4,1,0,0.0,22.835937174198712,9.537051923457126,False,True,False
4936,22,1,9.15265172888916,7,1,1,1,0.0,34.63446965479306,3.1194964369863234,False,True,False
4937,29,0,2.2127253861781666,74,2,2,1,2.0,26.430633420996063,22.656557043710706,True,False,False
4938,69,0,4.362711868834518,104,3,2,0,0.0,29.201260499152013,28.86625509765522,True,False,False
4939,50,1,6.253590251441124,27,3,0,1,0.0,33.32345374412583,7.502271806847755,False,True,False
4940,59,0,5.557241309198596,70,4,0,0,0.0,29.698841634037628,27.46448805586409,False,False,True
4941,78,0,7.779335847362368,99,2,2,1,0.0,19.448959682996847,33.744380301456744,True,False,False
4942,39,1,4.407781450636847,94,4,1,0,2.0,19.029607021904,25.64215444239863,False,True,False
4943,39,1,8.932692990909251,74,2,1,0,2.0,29.600472476234565,18.140074756307275,False,False,True
4944,41,1,8.223080809137617,21,3,2,0,0.0,21.69628826537024,13.368730304012995,False,True,False
4945,68,0,4.0275435106261845,88,1,0,0,0.0,31.157878632678965,20.076238588002862,False,False,True
4946,41,0,2.500878419854228,37,3,1,0,2.0,24.13306328814887,10.68094310857422,False,False,True
4947,73,1,5.903079886271845,105,2,1,1,2.0,32.04471362818194,29.22925623498207,True,False,False
4948,42,0,1.0992560364922257,113,2,0,1,0.0,32.396390227955244,27.39999604461835,True,False,False
4949,76,0,8.479355743964152,28,4,1,1,2.0,23.30588928659484,21.69031847446273,True,False,False
4950,21,0,1.885469432562724,62,3,2,0,0.0,21.188373532247155,17.634618197878783,False,False,True
4951,79,1,8.490141474051054,83,3,0,1,0.0,34.62941085893098,23.1407471846207,False,False,True
4952,42,1,1.6986869672481562,64,1,0,1,2.0,30.422409422984984,17.438504518597806,False,False,True
4953,32,1,9.512061816168602,6,4,1,1,0.0,26.571180225349003,12.413899459250668,True,False,False
4954,44,1,4.4038610548577015,49,4,2,1,0.0,28.94455460592112,26.92438933004194,True,False,False
4955,50,1,8.219827079522709,36,4,0,1,2.0,26.554968639530195,17.126574663842742,False,False,True
4956,26,1,3.089663051232628,49,2,1,1,2.0,31.733674971951345,10.36068173165646,True,False,False
4957,62,0,3.018325448361085,74,1,1,0,2.0,27.79313899666964,19.84567706251717,True,False,False
4958,55,1,9.679889616111828,1,4,0,0,2.0,32.76427686684195,13.291141430043655,False,True,False
4959,31,1,7.711644835370706,70,3,1,0,2.0,26.21926778439333,21.70081111700673,True,False,False
4960,35,1,8.174395952342486,3,1,1,0,0.0,29.491514531152227,5.754721186046954,False,True,False
4961,23,0,1.372369442205339,98,4,0,0,0.0,20.9849758107642,25.771167145771265,True,False,False
4962,44,0,2.818748485071313,25,3,1,1,2.0,31.97331748451688,8.83457645842428,False,False,True
4963,26,1,1.107140219630653,49,1,1,0,0.0,30.97922890821425,14.628338363766767,True,False,False
4964,60,0,9.898079888312148,63,2,2,0,0.0,28.42376128560269,27.428039612640088,True,False,False
4965,65,1,9.987383511428888,98,1,2,1,0.0,26.2301665724636,29.73319137171748,False,False,True
4966,64,0,4.051667336335987,73,2,2,0,0.0,26.727620742657606,21.14747102971999,False,False,True
4967,67,0,3.7695177042793375,62,1,0,0,0.0,26.68502386202501,16.946336889353876,True,False,False
4968,34,0,3.390485118997734,89,3,2,1,0.0,22.34622639042248,22.96545192330256,False,True,False
4969,40,0,4.570548404215472,1,3,1,0,2.0,23.71343857398186,3.311855790995417,False,True,False
4970,58,0,7.989318063849891,36,1,1,0,0.0,19.996101791711503,16.955980172056623,True,False,False
4971,68,1,5.557241309198596,67,4,2,1,0.0,31.21255616708145,25.17768786322714,False,True,False
4972,20,1,5.557241309198596,64,2,1,1,0.0,34.20370216208738,14.043665432674674,True,False,False
4973,52,0,7.725842430155977,81,3,0,1,2.0,19.30907175952192,20.32616102425327,False,False,True
4974,44,1,6.192705794215339,11,4,0,0,2.0,22.822361083952043,13.0309707967608,True,False,False
4975,51,0,5.550907216871975,47,1,2,0,0.0,21.541273988038725,19.067880781952816,True,False,False
4976,59,0,8.076896255224693,85,1,2,1,0.0,25.628508056651054,27.602168761588704,True,False,False
4977,68,0,2.079296730344171,89,2,2,1,2.0,34.82162565396389,25.921614598524656,False,True,False
4978,22,0,3.9113898547883146,6,3,2,1,0.0,24.92941721353807,7.893820509084654,True,False,False
4979,47,0,8.649888338521095,52,3,1,0,2.0,19.42680358791998,11.906495854864056,False,False,True
4980,46,0,6.311536962847696,93,4,1,1,0.0,31.575816885787304,26.5419780627773,False,True,False
4981,39,0,2.0194277775821723,73,4,0,0,2.0,26.849317386353995,21.954692477633543,False,True,False
4982,23,0,5.127849082729683,73,4,1,1,2.0,27.42191750482791,23.95186004560944,False,False,True
4983,50,1,6.141997044747358,96,2,1,0,0.0,27.655599138226428,21.47046305113309,False,True,False
4984,65,0,3.9182578646677353,90,4,1,1,0.0,21.397332030304945,25.60514173166382,False,True,False
4985,41,0,3.712526161897233,48,1,2,1,0.0,23.91995638573524,16.47806243002709,False,True,False
4986,68,0,7.326527937552159,115,1,2,1,0.0,31.71994094228937,27.383644226060465,False,False,True
4987,38,0,7.1127770981705165,91,1,1,1,2.0,33.06853357915499,23.29504346064124,True,False,False
4988,72,1,5.557241309198596,50,1,1,0,2.0,26.930926111816632,16.175610118352136,False,False,True
4989,42,0,5.557241309198596,77,4,1,0,0.0,18.60369617490637,27.653035752538848,False,True,False
4990,63,0,7.301931929608008,36,2,2,1,0.0,32.29168068123075,15.948308030150844,True,False,False
4991,55,1,1.882520637062118,7,3,1,1,0.0,25.773551698516435,4.551827179888656,False,False,True
4992,69,1,7.4271879424193745,7,3,2,0,0.0,31.575078457035445,9.019028377201206,False,True,False
4993,45,1,4.810827084821513,17,3,1,0,0.0,33.104310199223264,8.944443214694036,False,True,False
4994,67,1,4.156635685638779,32,1,0,0,0.0,32.167757624842366,11.473023882897577,False,False,True
4995,45,1,4.445148773308151,101,1,0,0,2.0,26.68502386202501,22.050239785831057,False,False,True
4996,29,1,6.27614804826905,97,3,1,1,0.0,26.56087030739579,27.00949107562865,True,False,False
4997,35,1,7.452777461981935,3,4,2,1,2.0,29.96243313139329,10.648058179777903,False,False,True
4998,50,1,8.581342004364899,3,3,1,1,2.0,31.421315839189145,7.242085306741775,False,True,False
4999,43,0,9.606213602827005,49,1,2,0,2.0,33.70530463823009,17.35936558492365,False,True,False
5000,45,0,4.853110310365372,29,3,2,1,2.0,32.204361133371336,16.089719114649707,True,False,False
5001,70,0,9.230735384218503,87,3,0,1,0.0,21.07655336175885,28.132759676876788,True,False,False
5002,50,1,3.623357231582829,27,3,2,1,2.0,30.83899256084409,13.076650865526386,False,True,False
5003,70,1,5.557241309198596,44,2,2,1,0.0,27.07664521056997,17.2514278005946,False,False,True
5004,25,0,5.557241309198596,81,4,0,0,0.0,25.0014439074571,25.044260705933,False,False,True
5005,58,1,7.408264213490062,17,3,0,0,0.0,24.89119581203312,7.854767810190088,False,True,False
5006,22,1,2.3825669815391604,34,4,1,1,0.0,25.31747425779279,13.693310161657124,False,False,True
5007,54,1,5.557241309198596,5,2,2,0,0.0,27.512862055230904,6.706430247646773,False,True,False
5008,27,1,2.103652449802059,38,1,2,1,2.0,22.05387901987709,15.190038903929857,False,True,False
5009,55,0,8.35261918654836,115,2,1,1,0.0,26.76605077331512,27.802176091109907,False,False,True
5010,35,1,9.34485818311748,19,3,1,0,2.0,25.301116216552256,9.325570136467997,True,False,False
5011,38,1,6.096665293516787,100,2,0,0,0.0,21.37986278681786,21.59176645717387,False,True,False
5012,36,1,4.679137155440554,3,4,0,0,0.0,27.62218792399551,8.604275705291602,False,False,True
5013,57,0,8.008643412326478,18,4,2,0,2.0,34.11022585493968,19.06004430779768,True,False,False
5014,66,0,3.6361517203155618,58,4,0,0,0.0,18.93801454894906,20.07279898843722,True,False,False
5015,66,1,5.136395946744012,41,1,2,1,0.0,31.92087569435981,15.694751759815762,False,False,True
5016,36,0,9.654514825899549,61,2,0,1,2.0,30.601272316529208,15.580385768499,False,True,False
5017,64,1,5.059803587201484,95,3,0,0,0.0,28.31826876267545,24.337571378597445,False,False,True
5018,72,0,9.028271038688027,69,3,1,1,0.0,34.32173455534228,21.60385861807244,True,False,False
5019,34,0,5.444642761372903,74,1,0,0,2.0,22.43747888794984,16.18087049779213,False,True,False
5020,79,0,4.329352857750928,49,3,1,0,2.0,29.6847040964077,16.012060639229517,True,False,False
5021,54,0,5.695689032118231,84,3,0,1,2.0,20.507609476692974,23.857537242209943,True,False,False
5022,21,0,1.2290242896553516,13,4,0,1,2.0,20.83513996333536,10.09496407825715,True,False,False
5023,69,1,2.771111202326195,102,1,1,0,2.0,28.47121458754887,23.63444312395028,True,False,False
5024,44,1,4.001611182965801,95,4,2,0,2.0,27.89417862431904,33.068246746688025,False,False,True
5025,73,0,7.904513263099168,83,3,2,0,2.0,19.55534468138869,23.23605686172156,False,True,False
5026,74,0,7.656471721001234,40,2,0,0,0.0,28.267007003362075,11.354790648767937,False,False,True
5027,38,1,5.290407386711327,106,1,2,1,0.0,28.13137980480632,25.05815291681301,False,False,True
5028,78,0,1.0743876815127256,104,3,1,0,0.0,18.74919635740495,27.018817065950778,True,False,False
5029,77,0,6.17751635369275,9,4,2,1,0.0,32.96225226113766,18.82392682463485,True,False,False
5030,39,0,5.557241309198596,48,1,2,1,2.0,19.267433946413192,19.52820280603336,True,False,False
5031,50,0,9.66070674201016,19,1,0,1,0.0,20.184873096339064,11.638227546932962,False,False,True
5032,44,1,7.429134478619842,62,2,0,0,2.0,34.192915720050465,16.960588198927343,False,False,True
5033,60,0,4.451165510929233,111,3,1,0,2.0,27.39061914382483,31.83659415990489,False,False,True
5034,44,0,3.99051163352797,97,3,0,0,0.0,22.655230621766705,25.38711833849147,True,False,False
5035,49,0,6.678734003830524,119,3,0,0,2.0,20.47410165489442,26.172014147881946,True,False,False
5036,23,0,5.084817579963425,48,1,2,1,2.0,21.862143282278,11.303774919106427,False,True,False
5037,65,0,9.753639439892972,3,3,1,0,0.0,24.375667308905783,6.042410591881091,False,True,False
5038,79,1,3.354623256626469,73,4,0,1,0.0,26.30145276367992,24.680871040961605,False,False,True
5039,62,1,3.3079961571686933,99,1,0,1,0.0,30.47719506936251,23.839293491469,False,False,True
5040,75,0,9.622784688286806,53,1,0,0,2.0,30.34319977247675,17.726183811646024,True,False,False
5041,51,0,6.905000354303504,101,4,1,1,0.0,22.020909964367505,31.840630382491195,True,False,False
5042,37,0,7.256768137328901,94,2,2,1,0.0,21.022838362826224,26.108019808684883,False,False,True
5043,33,0,7.970952947263224,56,1,2,1,0.0,25.097535902959965,20.5895049436187,True,False,False
5044,49,0,1.4801409509487469,74,2,2,1,2.0,30.651230539194152,22.052467435702543,False,True,False
5045,27,1,3.5263876821813462,66,1,0,1,2.0,21.78054986461737,15.585230954342526,True,False,False
5046,60,0,3.631735754958232,107,3,0,1,2.0,30.885351735181352,28.507366570188672,False,True,False
5047,60,0,2.8847590373966883,91,3,0,1,2.0,27.81531005479108,21.99948215160755,False,True,False
5048,42,1,6.619354281312493,28,1,2,1,2.0,33.11042938078036,15.754084489240988,True,False,False
5049,29,1,1.165045501095849,26,4,2,1,0.0,26.68502386202501,17.315798717485794,True,False,False
5050,54,0,2.1702363008511933,94,3,2,1,0.0,24.288148824435407,25.348917830898923,True,False,False
5051,31,1,3.8636873151074975,12,3,0,1,0.0,21.51976920887117,9.73203805379578,True,False,False
5052,38,1,7.988381931841001,67,3,2,1,0.0,27.40257860652256,17.15968763200403,False,True,False
5053,56,1,3.07355564363108,1,4,2,1,2.0,21.171175353547127,12.170549150975384,False,False,True
5054,47,1,9.48910855012272,11,1,1,1,2.0,24.727714017119787,7.483810014518124,True,False,False
5055,76,0,9.183091388153514,72,1,0,1,0.0,20.99598432726556,25.46330131196192,False,False,True
5056,61,1,3.702029088228925,101,1,2,0,0.0,24.450286913506524,29.95078199355615,False,True,False
5057,72,0,3.478869132755256,15,1,1,1,0.0,27.954141284382644,7.488037373040144,False,True,False
5058,61,1,1.717647016865152,82,2,2,0,0.0,33.6745893895716,25.84230154852567,False,True,False
5059,23,0,4.076790415861153,115,2,0,0,2.0,27.595624489705365,24.01565180290496,False,False,True
5060,41,1,9.994284389734108,37,4,1,1,0.0,19.57491451180475,18.90174074733396,False,False,True
5061,36,0,3.979146335454054,84,2,0,0,0.0,19.25449567109824,19.52470934995376,True,False,False
5062,36,0,2.9221057030257307,26,4,2,0,0.0,28.29058524271313,14.443077749569987,True,False,False
5063,32,0,5.22980591192015,30,3,1,0,2.0,21.826918488646964,9.685970982561086,False,True,False
5064,36,0,9.374298327673014,38,2,1,0,0.0,23.5300440530818,11.808892941563393,False,True,False
5065,79,0,4.16482960702514,9,2,0,1,2.0,22.977882254359272,4.857032610485012,False,True,False
5066,35,0,5.228277065946109,40,1,1,0,0.0,21.19490060777068,10.442729041055523,True,False,False
5067,25,0,8.715950411801977,72,2,2,1,0.0,32.699980894727446,21.30321614639485,False,True,False
5068,72,0,8.36016112881477,91,1,1,0,0.0,30.56456541774951,20.42193879187189,False,True,False
5069,64,0,6.896549288601274,43,3,2,0,0.0,24.559031952500604,14.456613242506506,False,True,False
5070,20,1,2.2357303762744394,23,4,2,0,2.0,24.116492225899,12.466410812358776,False,False,True
5071,56,0,8.794208716125622,96,1,1,0,2.0,26.779204920436253,23.130312730949043,True,False,False
5072,70,1,2.150141394320398,70,3,1,0,2.0,20.59704646126475,15.566636678829568,False,False,True
5073,68,0,9.645116826910916,87,3,1,0,2.0,28.179379951515138,23.73511132505441,True,False,False
5074,42,1,8.064600537578567,82,3,0,0,2.0,31.9424751628244,20.192453516817373,False,False,True
5075,22,0,9.394941519154854,57,2,2,0,2.0,19.42084593545847,17.671447374249947,False,True,False
5076,39,0,8.523186239853594,65,1,1,1,0.0,32.76536316601444,16.673369137846628,True,False,False
5077,43,1,1.173865631809064,110,1,2,0,0.0,18.662642800683653,30.07052313212728,False,False,True
5078,55,0,9.384084820071266,51,3,0,1,2.0,20.37254935922168,19.991088450125822,True,False,False
5079,38,0,7.472602216467816,106,3,0,1,2.0,21.42168644382735,21.533075957468103,True,False,False
5080,64,1,4.079677651827917,55,1,0,1,2.0,24.395619455918126,14.289507443204794,True,False,False
5081,35,1,7.707173375551971,6,3,1,0,2.0,20.210124789828274,6.693641612594506,False,False,True
5082,34,0,1.0114126922394122,107,3,1,1,2.0,25.73260789475814,24.26221236114024,True,False,False
5083,72,0,4.044570329889181,42,4,1,0,2.0,34.77193885493407,20.12549416491848,True,False,False
5084,77,0,3.751805147611372,50,4,0,1,0.0,28.63108581419549,20.259900990771225,True,False,False
5085,27,0,5.695406212302265,40,3,2,0,2.0,28.961979952399098,13.95109838738948,False,True,False
5086,28,1,3.942039367500459,9,3,0,1,0.0,34.23148846488894,3.550192640729796,False,True,False
5087,30,1,6.648004214835818,20,1,0,1,2.0,28.454383813193267,9.775839949009766,False,True,False
5088,58,1,9.929138242170485,53,1,2,0,0.0,34.25989651761139,14.405784374656914,False,True,False
5089,36,1,3.932015893710564,17,4,2,0,0.0,29.18308270142276,15.292760760457734,False,True,False
5090,55,0,2.664334168955357,30,1,0,1,2.0,26.922175249909827,10.00565292812007,False,True,False
5091,43,1,7.371468241659953,64,3,0,1,0.0,31.5617194717332,18.11362144323647,False,True,False
5092,64,0,8.123395441102819,22,3,2,0,2.0,32.10698735854064,15.431648404568652,False,True,False
5093,70,1,7.450467271908777,112,1,1,1,0.0,33.74531324094013,30.90601092761429,True,False,False
5094,32,0,9.373299921113766,61,2,0,1,0.0,30.444083111565178,20.514456181860684,False,True,False
5095,50,1,9.083297535986414,78,3,0,1,0.0,24.17263843011753,20.3529781589388,False,False,True
5096,69,1,1.0780218086061797,73,2,2,0,2.0,27.915003880695643,24.39420034541232,True,False,False
5097,73,1,5.310945402753794,50,1,1,0,0.0,22.937654871233875,17.010174167967737,True,False,False
5098,40,0,9.29290266122008,106,4,0,1,0.0,22.95019488250597,30.76130737052052,False,False,True
5099,57,0,2.022080868797839,102,3,2,0,0.0,22.9881556876252,26.670300840081094,False,True,False
5101,75,0,5.557241309198596,36,2,2,0,0.0,28.67577268960939,18.4172725435408,False,False,True
5102,26,1,8.144589635810751,32,2,0,1,2.0,26.68502386202501,11.1450724927202,True,False,False
5103,69,0,7.186369759280178,100,4,0,1,0.0,19.301320722404736,30.862517066889424,True,False,False
5104,32,0,4.532066963816571,68,1,2,1,0.0,34.2554929776891,16.85440995418931,False,False,True
5106,33,1,4.747145489167885,22,4,2,0,0.0,27.01290556757565,18.725581413694044,False,False,True
5107,40,1,7.86672449838121,71,1,2,1,2.0,19.266694978870632,21.74820368591612,True,False,False
5108,62,1,2.4408652389170014,36,1,1,0,2.0,19.48384072238047,14.535685922729373,True,False,False
5109,49,0,6.977374885490338,75,3,1,0,0.0,19.926457206402127,20.527500161980853,False,True,False
5110,63,0,3.16281079267007,8,1,2,1,0.0,33.17199203468253,11.659452118235338,False,False,True
5111,52,1,6.82903002440778,92,1,1,0,2.0,33.345479271404194,24.26991272742521,False,True,False
5112,46,0,3.1965760987052616,87,1,0,0,0.0,20.35572264191954,19.84574054194173,False,False,True
5113,52,0,1.5660336020723815,7,2,1,1,0.0,32.688364691322164,5.411839388735083,False,False,True
5114,33,0,1.8521683725513047,50,2,2,1,0.0,22.18886208036491,17.719830045360034,False,False,True
5115,74,1,1.5724809655885066,62,4,2,0,0.0,20.70526935548809,26.660632347865786,True,False,False
5116,57,1,9.657798892607133,50,1,2,0,0.0,26.187578698540207,20.81407181838705,False,False,True
5117,50,0,5.820533036868987,39,1,1,1,2.0,31.08879314020833,14.196184985341867,True,False,False
5118,41,0,7.645161494090753,58,2,2,1,0.0,29.92078735890025,16.916291073278103,False,False,True
5119,63,1,6.805088339424106,30,3,0,0,2.0,19.417274287848787,12.505651987002006,False,False,True
5120,64,0,4.132242668698474,90,3,0,1,0.0,22.15879063818856,25.681855664804832,False,False,True
5121,64,0,8.70079297730452,58,4,0,0,2.0,24.19639907881144,17.949885691809925,False,False,True
5122,46,0,8.19068412280371,87,1,0,0,0.0,33.96633176595161,23.17974102939134,True,False,False
5123,58,1,2.627870719828027,8,4,1,1,2.0,18.97141631310292,8.766926697462441,False,False,True
5124,21,1,5.158354085556001,100,3,2,1,0.0,34.49747430550202,26.10946677251272,True,False,False
5125,70,0,8.2059754737278,118,2,0,1,2.0,24.774563141754385,31.4831280860538,True,False,False
5126,40,1,7.038959150172843,12,4,0,0,2.0,28.31305955734191,12.911535466628314,False,True,False
5127,59,1,5.3928731428554455,78,2,1,0,0.0,33.72711654361195,19.46643896906816,False,True,False
5128,73,0,9.723165467832096,56,1,2,0,0.0,20.907681572385908,21.66932989505208,False,False,True
5129,28,0,1.6905105951042052,99,1,1,0,0.0,30.79985535894638,22.99493618692957,True,False,False
5130,69,1,3.4453676696868367,28,2,0,0,2.0,24.03460574696259,14.936789048654314,True,False,False
5131,66,1,6.934152727893252,110,4,1,0,0.0,31.14346842210464,32.70464713548989,True,False,False
5132,23,0,4.260055275447941,36,4,0,1,2.0,26.46687997354553,17.080234609353695,False,False,True
5133,48,1,5.684744015282472,84,3,2,0,0.0,27.63249501254199,24.470451688121305,True,False,False
5134,33,1,2.20384625569302,2,4,2,1,2.0,20.66715167627816,12.841224782627236,True,False,False
5135,77,0,2.4773296650310184,9,3,2,0,2.0,29.508485820765,16.036864263460515,True,False,False
5136,52,1,9.413190727061496,99,2,1,0,0.0,32.15391488682839,25.026538309310727,False,True,False
5137,24,0,5.005999312481153,28,4,0,0,0.0,29.3302058050976,17.38702953622533,False,True,False
5138,36,1,8.078892903190425,90,4,1,0,0.0,24.319322264741245,28.942415932815194,True,False,False
5139,73,1,2.8480589140515087,113,3,0,0,0.0,34.19253635979014,31.69670728928319,False,True,False
5140,21,1,1.86929814245079,97,4,2,1,0.0,24.235010621045035,26.887917706530235,False,True,False
5141,36,0,3.799330005343033,102,2,0,1,2.0,19.565418167013924,25.06625115967136,True,False,False
5142,54,1,7.122139784594047,48,3,1,0,0.0,26.19764264566246,17.15442722968898,False,False,True
5143,23,1,7.949370983438039,68,4,0,1,2.0,30.83401398290317,19.85963289088717,False,True,False
5144,74,1,1.17187890042884,85,4,1,0,0.0,21.16266060184558,24.264192783113785,False,True,False
5145,30,1,4.350833269968387,33,1,1,0,0.0,22.517439879829663,11.47232054014334,False,True,False
5146,38,1,7.498190290240261,88,3,1,1,0.0,33.00785571760647,24.12302311481886,True,False,False
5147,73,1,6.470765416728824,41,1,1,0,0.0,31.74058968096535,14.942379778551016,False,True,False
5148,64,1,1.9573134974671933,68,1,0,1,0.0,20.823660806840333,21.855341410547634,False,True,False
5149,22,0,5.891856819175683,8,1,2,1,2.0,34.69884467472318,9.753523835682676,False,True,False
5150,68,0,8.20463612138635,10,3,0,1,0.0,22.79357904586726,11.11306434200874,True,False,False
5151,41,1,2.058396549388316,109,1,0,0,0.0,26.68502386202501,26.35443856447387,False,True,False
5152,77,1,7.711603603132231,79,4,0,1,0.0,26.46062189718273,26.3047823379278,False,True,False
5153,38,1,1.2795549078073014,59,4,1,1,2.0,30.136848495387348,20.547742174688786,False,True,False
5154,58,1,3.949725033065153,60,1,2,0,0.0,34.40289258003101,22.259187438966524,True,False,False
5155,77,1,4.512591177968228,45,3,2,1,0.0,27.47389386673892,15.27970131578164,True,False,False
5156,79,0,9.666621951837667,8,1,1,0,0.0,34.36557991645586,10.060438346485236,True,False,False
5157,20,0,9.586845234120704,23,4,0,1,2.0,20.78401168337951,15.74493446141948,True,False,False
5158,23,1,6.243120182933301,89,3,1,0,0.0,28.09368788616515,22.093631936414287,False,False,True
5159,43,1,1.7334097957834889,110,2,1,1,0.0,32.87912288949609,22.688818656903088,False,False,True
5160,39,1,2.83814758512878,47,2,2,1,0.0,22.864892475156488,16.602340152050303,False,False,True
5161,45,0,7.471154390607413,69,1,0,1,2.0,34.26445060187722,18.125691642999747,False,True,False
5162,76,0,6.212028428880448,103,1,1,0,2.0,34.08054712836387,29.33008018864947,False,True,False
5163,38,1,4.678669330823103,15,4,1,0,0.0,26.00793382963349,10.45070849460864,False,False,True
5164,64,1,7.655531094154744,77,4,2,1,2.0,33.317064190041584,32.665866636117485,True,False,False
5165,63,1,7.466025531721745,42,4,2,0,2.0,31.608431123808728,20.60366370148806,False,True,False
5166,67,0,3.5811615626968583,72,4,1,0,0.0,31.254519570014025,24.51027919114776,False,False,True
5167,56,1,3.848516013363583,22,1,0,0,0.0,30.06137189712266,9.824992053827902,False,False,True
5168,60,0,2.833984307719573,69,2,2,1,0.0,26.68502386202501,20.16949571792017,False,True,False
5169,77,1,8.807293211463753,97,4,0,0,0.0,22.25963063493928,29.995157066621594,False,False,True
5170,72,1,2.542584810922772,65,2,1,0,2.0,31.599031024961462,16.883454468247404,False,False,True
5171,68,1,1.175523828494682,119,1,1,1,2.0,27.599119543443305,28.35739348542852,False,True,False
5172,29,1,8.948197560947122,117,3,1,0,0.0,25.21693545169608,26.021123090837065,False,True,False
5173,50,0,6.4195189244999495,52,4,1,0,0.0,18.947714140975688,18.70170936255025,True,False,False
5174,52,0,2.305294603748996,19,1,1,0,2.0,26.68502386202501,7.638555746784171,False,True,False
5175,77,0,8.981568125484465,72,4,1,1,0.0,30.50996130395728,25.66881242364775,True,False,False
5176,52,1,3.723329373977042,58,2,0,0,0.0,26.53981095474407,19.148804218031373,True,False,False
5177,39,1,1.9170158140305635,43,3,2,1,0.0,33.74281800415716,15.383075230290922,False,False,True
5178,32,0,5.45156213599029,72,2,1,1,2.0,20.726118762124944,15.474459468363287,False,True,False
5179,66,0,7.804644491995853,12,4,2,1,2.0,27.51457858343892,14.705878285772172,True,False,False
5180,56,1,3.248885891489299,40,3,0,1,0.0,34.8206715041089,14.639751363507225,True,False,False
5181,75,0,5.233125328418204,107,2,0,1,2.0,31.21740807113747,27.487017506214368,False,True,False
5182,48,1,8.251343132330831,102,1,2,1,2.0,27.670927311398422,27.496562439290383,False,False,True
5183,62,1,2.370612223608897,105,3,2,0,2.0,20.87599743240305,25.012945303126912,False,True,False
5184,74,1,8.426934511766587,23,2,1,0,0.0,25.82109183430368,9.615557213417285,False,False,True
5185,22,0,3.105305387014464,26,3,2,1,2.0,22.35748425113962,8.330499703933002,False,False,True
5186,36,1,2.169733929569313,38,4,0,1,0.0,24.346059993133515,18.05971531965011,True,False,False
5187,26,1,5.0314927618693295,6,4,2,1,2.0,33.90907560178682,11.924219172565929,False,False,True
5188,40,1,5.118810544301862,72,2,2,0,2.0,24.071351116715192,21.32100092798461,False,False,True
5189,51,0,5.557241309198596,101,4,1,1,2.0,33.49924464089803,32.36617306129794,True,False,False
5190,59,0,5.02092851021427,79,4,1,0,0.0,19.58201246937148,29.891828577852,True,False,False
5192,63,1,9.052742988782184,99,4,1,1,2.0,25.20167215041226,27.738407320149506,False,True,False
5193,43,1,8.545176136441142,15,4,2,1,0.0,26.46857444027643,14.131064898722569,False,True,False
5194,36,1,8.39027882347489,7,1,1,1,0.0,23.82494480443758,3.5247072636482244,False,True,False
5195,54,0,3.635315800634519,17,2,2,1,0.0,31.69552577681712,10.760718626022124,True,False,False
5196,48,0,9.589572118301268,28,4,0,1,0.0,30.648478677175305,19.179340850664936,True,False,False
5197,37,1,4.284614689014027,11,2,2,1,2.0,24.081379878966608,8.142130344411527,False,True,False
5198,41,0,5.557241309198596,40,2,0,1,0.0,34.233610362552554,10.847201660737802,False,False,True
5199,50,0,9.25370378978931,61,3,0,0,0.0,32.21311286707283,21.57644178207848,True,False,False
5200,72,0,4.751511537005143,25,3,0,1,0.0,26.68502386202501,11.940422029858002,True,False,False
5201,79,1,5.163069774824196,11,2,0,0,0.0,31.493472427461068,8.878110035136585,False,False,True
5202,66,1,9.68160570055316,65,3,1,0,2.0,26.05185541632438,19.23518482592589,False,False,True
5203,52,0,1.5181467877251742,68,1,1,0,0.0,27.187117119127045,18.61318850231847,True,False,False
5204,36,1,3.304795836145814,110,2,1,1,0.0,28.133398236228388,23.847302295530937,False,True,False
5205,75,0,3.3109256398412183,100,4,0,1,0.0,21.73432221667772,29.9952363439012,True,False,False
5206,42,0,1.3734937394714033,32,4,1,0,0.0,26.68502386202501,12.84620453969798,True,False,False
5207,31,1,6.199621931447578,64,1,0,0,2.0,32.23696644205089,21.74738246567048,True,False,False
5208,52,0,1.8495772831347328,49,4,2,0,2.0,30.62012929228733,22.93799091464115,True,False,False
5209,20,0,7.197645720654983,22,3,2,0,0.0,34.75128378319995,9.715978812847911,False,False,True
5210,21,1,5.502083310332217,49,3,1,1,0.0,34.60710267141675,14.425727815568612,False,False,True
5211,53,0,7.052701638143255,104,1,2,0,2.0,34.61560699101378,29.52173355852227,False,True,False
5212,72,1,5.437261940689353,25,4,1,0,0.0,25.998409153209085,17.25441377326824,False,True,False
5213,37,1,5.854133843567918,37,3,1,1,2.0,23.092420687985964,12.118938091868412,False,False,True
5214,36,1,8.169910614920287,19,4,0,1,0.0,21.72957978718486,13.042067089245409,False,True,False
5215,47,1,1.527064394684305,69,2,1,0,0.0,32.33201625787394,18.425901736089283,True,False,False
5216,50,0,7.86281600848618,32,1,2,0,0.0,33.67141830828476,12.51439364754711,True,False,False
5217,20,0,2.51392242100789,112,3,1,1,0.0,27.816073389656182,24.278848250824648,False,False,True
5218,52,0,1.5976937833545954,97,2,2,1,0.0,32.64754767772271,25.98682288132661,False,False,True
5219,53,0,4.847551333420295,10,3,2,0,2.0,25.761477669278182,16.84975789173849,True,False,False
5220,75,0,4.302983325413987,20,2,2,0,2.0,29.693048552308426,10.348038484128098,False,True,False
5221,56,0,4.5454983822152615,58,1,0,0,0.0,34.38845629051484,15.44329004796634,False,False,True
5222,70,0,9.139612928652571,5,2,1,0,0.0,18.73040382125415,9.742411782201776,True,False,False
5223,61,1,7.080796574783997,46,3,0,1,2.0,32.6747212654833,15.659284701086293,False,True,False
5224,30,0,3.4663743073384827,76,1,2,1,0.0,23.561496590535924,19.74091481720195,False,False,True
5225,75,0,3.6035418199776665,99,3,1,0,0.0,33.643896952250856,24.54853446384884,False,True,False
5226,50,1,8.847865866204614,5,2,1,1,2.0,29.322636167601875,5.774013059694353,False,True,False
5227,69,1,5.720044550250268,76,1,0,0,0.0,26.916163892921723,21.73079649404283,True,False,False
5228,48,1,1.9485724134622604,40,1,1,0,0.0,23.51539032186384,11.244716736172956,False,True,False
5229,46,0,7.542584818597899,62,3,2,1,0.0,24.27434052206111,16.87492098683533,False,True,False
5230,49,1,4.956901606532484,83,4,0,1,0.0,24.76937707330961,27.776117659218063,False,False,True
5231,47,1,2.7559793802178905,110,2,0,1,2.0,28.85154127302528,24.05715174068118,False,False,True
5232,32,1,5.557241309198596,20,1,2,1,0.0,32.39119756610802,10.206214939670032,False,False,True
5233,77,1,2.4029262777682514,42,2,2,0,0.0,21.791769536081954,16.86022540747205,False,False,True
5234,53,1,5.124548947476458,110,2,1,0,2.0,22.157531761439184,26.199819999334583,False,False,True
5235,60,0,1.5419832800071265,7,2,2,1,0.0,19.73766694337722,9.068456372326091,False,True,False
5236,56,0,8.252135793624113,70,3,2,0,2.0,28.95657503465994,22.38469346962197,False,False,True
5237,33,1,5.044087472516394,16,1,2,1,2.0,25.606776937956933,14.63866482571404,False,False,True
5238,27,1,8.177656660262974,31,2,1,1,0.0,27.129614549985007,14.000943719646008,True,False,False
5239,35,1,4.057233566316284,42,2,2,0,2.0,25.86952019777561,15.544423901165777,False,False,True
5240,46,1,5.417292711412386,2,1,0,1,0.0,27.020085868841605,5.828797023340705,True,False,False
5241,67,1,1.6455856403341755,30,1,0,1,0.0,29.350730054665146,12.548055140781896,True,False,False
5242,20,1,1.0163083048232648,102,3,2,1,0.0,27.4542737880979,24.066544701791138,False,True,False
5243,37,0,1.0794865908046103,115,3,2,1,0.0,26.68502386202501,31.60412809471495,True,False,False
5244,56,0,5.098277211053505,119,1,2,0,2.0,27.93188835396681,32.327580684643195,True,False,False
5245,76,0,8.653865389110353,94,2,1,0,2.0,27.329202182518657,26.19767353457828,False,False,True
5246,29,1,1.0931103682542995,68,2,2,1,2.0,26.261906234105894,23.79063230732688,True,False,False
5247,34,0,1.2251363670176871,23,1,1,1,0.0,33.4426473421772,7.774781072580229,False,True,False
5248,48,1,4.847568018333846,27,2,1,1,2.0,22.34798895492406,10.705241039677473,False,True,False
5249,60,1,6.601383383258567,87,1,1,0,0.0,19.103056849000417,21.56171365507833,False,False,True
5250,49,1,8.72125365019211,8,2,1,1,0.0,20.60292699619883,6.436837379210827,False,False,True
5251,69,1,3.614310633009292,59,2,2,0,0.0,25.12908204108968,17.501902120208662,False,False,True
5252,22,1,6.479181641623542,112,4,2,1,0.0,26.23542802692905,33.06831114648849,False,False,True
5253,21,1,3.248684164704966,62,2,0,0,0.0,24.545791296318,14.450623463831237,False,True,False
5254,78,0,1.5450655907137016,96,4,1,1,0.0,25.245952236240107,30.71589984525093,True,False,False
5255,57,1,7.94498444445432,93,4,1,0,0.0,30.579030770022115,30.244957082210835,True,False,False
5256,42,1,1.4002946992284395,34,1,2,1,0.0,27.447214896517124,14.123300305771243,False,False,True
5257,37,1,6.8360942276329135,9,1,0,0,0.0,28.265644437775613,3.805322076288131,False,True,False
5258,48,1,1.917715320666312,33,1,0,0,2.0,23.62403304532799,7.47437372608141,True,False,False
5259,59,1,1.6113323292967443,115,4,0,1,0.0,23.64038749599227,34.50520888052708,True,False,False
5260,24,1,4.239226325938271,25,2,1,1,0.0,22.658989012101014,5.474798347682206,False,True,False
5261,78,1,6.696994994622352,103,1,0,1,0.0,28.23281487630313,25.116995240789795,False,False,True
5262,58,1,8.827211811335909,72,4,2,0,2.0,22.037664624405327,27.186136615465585,False,False,True
5263,20,0,8.552731085843845,78,1,2,0,0.0,31.16760524761697,22.16455817376657,True,False,False
5264,56,0,4.585669139476289,38,1,1,1,2.0,23.58760773834018,13.665162439286,False,True,False
5265,62,1,7.49158542076444,83,2,2,1,0.0,30.05748015093834,27.98212412853745,True,False,False
5266,52,1,2.646417891557913,45,1,1,1,2.0,31.47695024201083,10.425425039175128,False,False,True
5267,38,1,7.961266160404911,2,2,2,1,0.0,23.48929263939872,8.497112553731169,False,False,True
5268,65,1,7.200999864897114,88,2,2,1,0.0,20.7953623096894,24.903201362056656,False,False,True
5269,78,1,3.023316095591661,78,4,2,1,0.0,19.09886184005284,29.00515801856464,False,False,True
5270,40,1,3.891167900097283,1,1,0,0,0.0,19.165861128773248,2.303500537919109,False,True,False
5271,67,0,9.50017319093834,51,2,1,1,0.0,28.319333914401767,20.4185048935596,False,True,False
5273,64,1,4.199138666957248,23,4,0,0,2.0,29.45580575645356,15.252667349929387,True,False,False
5274,46,0,4.926712814497159,18,1,2,0,0.0,20.948177334980883,12.801222395994955,True,False,False
5275,78,1,2.129717631050883,2,3,2,1,2.0,32.95107743962898,9.21885671045548,False,True,False
5276,75,1,3.5709848996205067,37,2,1,1,0.0,22.54541925078576,12.620387035089063,False,True,False
5277,53,1,6.050077676089691,103,3,0,0,0.0,20.2324911217236,25.53923124141532,True,False,False
5278,56,1,6.791717443367704,73,2,0,0,0.0,18.77201573388004,22.463616282029825,True,False,False
5279,72,0,6.603634246257275,83,3,1,1,2.0,26.29274114093518,20.21935099145292,True,False,False
5280,61,1,2.326174894150648,41,3,1,1,0.0,27.90609023481228,13.834125874343345,True,False,False
5281,52,0,8.98697521677239,67,3,2,1,0.0,32.80386441416855,25.299816690165947,True,False,False
5282,64,1,7.900347141971334,64,1,1,0,0.0,23.22421871168011,11.7408536510985,False,True,False
5283,49,0,2.2398663645866765,112,4,2,1,0.0,19.285567269691462,33.978219142031634,False,False,True
5284,52,0,3.331352891084632,84,2,0,0,0.0,19.895208723848057,24.21347670242321,True,False,False
5285,72,1,4.02815046319491,22,2,1,1,0.0,31.170555209354745,10.51074560576075,False,False,True
5286,53,1,6.3496844542816575,55,1,2,0,0.0,23.27498166236192,20.68650151051436,True,False,False
5287,59,0,1.119081512742564,21,1,1,0,0.0,34.65595966735202,9.415568707310737,False,True,False
5288,50,1,4.751643155440622,72,1,2,0,0.0,33.34893624193054,24.70856305504959,True,False,False
5289,32,1,9.066533969474092,73,1,2,1,2.0,29.10143847659721,24.21694190943591,False,True,False
5290,23,1,4.281759919124047,95,2,2,1,2.0,23.8962789489735,26.688562491428787,True,False,False
5291,38,1,5.353217408321145,5,3,1,1,0.0,24.116158979334987,2.011888359642064,False,False,True
5292,52,1,4.624985209134998,66,3,1,0,0.0,31.23398000974548,14.986899243296628,False,False,True
5293,69,1,7.994838226157669,14,2,0,1,0.0,29.12572648561306,10.758200365192804,True,False,False
5294,75,0,5.918702120491759,115,1,1,1,0.0,21.27760510305896,33.2212295058095,True,False,False
5295,50,0,5.557241309198596,44,4,0,1,0.0,23.67975678563104,15.277189415106635,False,False,True
5296,48,1,2.287546139842369,104,1,0,0,0.0,24.089065796756586,23.88437095078712,False,False,True
5297,71,1,9.30408245671817,79,1,2,1,0.0,31.78745045362158,30.248975238437097,True,False,False
5298,49,0,4.936128151893353,89,2,1,0,2.0,21.44117540731128,20.93691063623197,False,False,True
5299,47,1,6.767687227740399,87,4,0,0,2.0,27.71379101165953,30.209541893397382,True,False,False
5300,47,1,5.426810397254862,62,4,0,0,0.0,25.30808198063576,24.062261531866,False,False,True
5301,76,1,1.344767201556952,111,1,0,0,2.0,22.52335569112072,29.637208119094726,True,False,False
5302,50,0,9.153762971583344,67,3,0,1,0.0,26.12469987082156,20.37498137488545,False,False,True
5303,56,0,1.9174042484434768,60,1,2,0,0.0,24.13086668027143,19.37089522877792,False,True,False
5304,23,1,9.39242601799912,41,2,2,0,0.0,26.68502386202501,21.728159005901425,True,False,False
5305,71,1,4.761984337529834,7,2,1,1,0.0,23.18573143477693,2.8449362357190795,False,False,True
5306,70,0,1.3414448164234196,108,2,1,1,0.0,34.777253346388264,28.297001305834875,True,False,False
5307,79,1,9.119748611101407,114,3,1,1,0.0,21.38509112680936,32.82544142717817,False,False,True
5308,38,0,6.808588068812365,47,3,2,0,0.0,33.693837113239326,16.024332647841213,False,False,True
5309,72,0,2.6009181591456576,99,3,0,0,0.0,19.430299135227887,21.08508502905936,False,False,True
5310,72,1,3.829465369607126,44,4,0,1,0.0,32.690755703598114,17.887422425650616,False,True,False
5311,45,1,5.729947031352066,61,2,1,1,0.0,34.12937748787313,20.34225906666992,True,False,False
5312,42,0,4.571135933190878,98,1,1,1,2.0,26.68502386202501,27.81654191223096,False,True,False
5313,66,0,4.148230190604215,61,3,1,0,2.0,27.55771327507525,18.226608642745145,False,True,False
5314,24,1,7.361855609890947,6,3,1,0,0.0,20.332648023284737,4.088610580803,False,False,True
5315,79,0,6.863402381766517,97,4,1,0,0.0,29.653909317990102,33.09550035675099,True,False,False
5316,20,1,2.805688811319161,54,1,0,1,0.0,24.23324908274661,12.26619873301947,False,True,False
5317,22,0,5.062807032444733,30,1,2,1,2.0,31.2616645656592,13.579036475739125,True,False,False
5318,54,0,5.557241309198596,90,3,2,0,0.0,26.545375416308023,24.28721332661436,True,False,False
5319,73,1,8.389650007513168,88,3,2,1,2.0,26.68502386202501,30.34929971642762,True,False,False
5320,40,1,2.125704041346929,49,4,2,1,0.0,29.545698834525457,18.466016693283628,False,True,False
5321,52,0,7.837491958128328,98,2,1,1,0.0,25.32252812104163,27.3504476425154,True,False,False
5322,33,1,6.154145342710205,66,2,0,0,0.0,26.18817555931316,20.37560180461069,True,False,False
5323,69,0,1.6151285637072204,95,1,2,1,0.0,20.84278913863677,28.75701933372173,False,True,False
5324,65,0,4.550960163532358,36,1,2,1,0.0,19.79684655745143,12.470631334986225,False,True,False
5325,74,0,2.423139126697614,74,4,2,1,2.0,28.51123725067969,27.9673020771017,True,False,False
5326,69,0,2.551514215021441,1,4,1,0,0.0,29.794426765989293,9.17192383138565,False,True,False
5327,31,0,1.450200402249021,73,3,2,0,0.0,21.46456417387988,22.786980341876685,True,False,False
5328,48,1,9.978243336513753,53,2,1,0,0.0,32.33346688086319,16.34344393311604,False,True,False
5329,66,1,1.3712529112455747,90,4,1,0,2.0,34.08838932899371,25.81789797669947,False,False,True
5330,40,0,5.557241309198596,67,2,1,1,0.0,19.480044378460764,16.999237477306362,False,False,True
5331,53,1,2.2834004844672138,111,3,0,0,2.0,29.16230222354715,22.63071699906672,False,False,True
5332,65,0,7.1863513024252,9,3,2,1,0.0,22.84998628848379,12.876355411804129,True,False,False
5333,25,1,5.475167630925792,97,3,2,0,2.0,33.30905039478607,30.242905067659443,True,False,False
5334,62,1,2.268135493191852,97,1,2,1,2.0,21.353709065702464,24.543278563097964,True,False,False
5335,50,0,2.5138998319018744,119,2,1,1,0.0,18.83040244274889,30.90950225968893,True,False,False
5336,67,1,1.4091816448443324,63,3,0,0,0.0,28.08802630245463,18.999042274770183,True,False,False
5337,62,0,5.58534464059523,105,3,2,1,0.0,20.24653055835465,29.906891251172848,False,False,True
5338,72,0,2.441767718848985,32,3,2,0,0.0,22.066462448766465,14.834005639870492,False,True,False
5339,44,1,5.816084569060644,107,4,1,0,0.0,23.04660539227363,31.31984112547908,False,True,False
5340,49,1,2.646315985791816,90,4,1,1,0.0,20.977244218070872,29.807677822860303,True,False,False
5341,49,0,7.150026531521925,107,3,0,0,0.0,30.349710055178093,26.139944832559912,False,True,False
5342,31,1,1.2170065539375805,59,3,0,0,0.0,26.67039163186515,15.915862423311763,False,False,True
5343,68,1,4.951373399390331,116,2,0,1,0.0,28.790148514334604,29.68671211735602,True,False,False
5344,31,1,9.702562531004627,64,4,2,0,2.0,21.95851847850841,26.724362975567026,False,False,True
5345,61,1,2.8795637478051286,66,3,2,0,0.0,26.446915810640505,21.7042737627111,True,False,False
5346,24,1,3.162363260490383,106,4,1,0,2.0,27.92618082173417,27.02128513904612,False,False,True
5347,50,0,9.810276005079098,10,3,0,0,0.0,24.175535151332937,9.870017013528155,True,False,False
5348,76,1,9.66658558217797,115,2,1,1,0.0,23.53623708304618,29.590683940482737,True,False,False
5349,36,1,8.577775228656442,43,4,0,1,2.0,24.32797695124461,16.003862583644565,False,True,False
5350,50,0,7.890871030346648,58,4,2,1,0.0,22.246152901758173,28.475043643520085,True,False,False
5351,79,1,7.660160201423915,41,4,2,1,0.0,29.32566948965469,23.66109796599548,False,True,False
5352,72,1,8.979279409543091,95,3,0,0,0.0,26.68502386202501,30.97342057384087,True,False,False
5353,37,1,5.164190485190443,64,3,0,1,0.0,23.061610381036864,15.192220785008608,False,True,False
5354,71,0,4.2021381503889375,97,1,1,1,2.0,22.035682183170607,20.390440919214992,False,True,False
5355,64,1,1.0352269516185155,76,3,1,1,2.0,29.96849852088101,19.56892911035287,False,True,False
5356,33,1,4.732283064746153,95,4,2,0,0.0,22.99881020651028,26.6481348882036,False,False,True
5357,44,0,3.076608489455069,88,4,2,0,2.0,25.907750097087906,25.09339391612786,False,True,False
5358,59,0,2.976571409314035,57,1,1,1,0.0,27.18316471161553,18.01372546607549,True,False,False
5359,32,0,5.495938311577377,87,4,2,0,0.0,31.610364805262712,31.888623202835923,True,False,False
5360,58,1,7.4809148908522705,102,3,2,1,2.0,34.218930836283675,31.383873078402505,True,False,False
5361,51,0,7.804038175966694,117,2,1,0,0.0,34.34891448109938,30.228682550715924,True,False,False
5362,29,1,4.314432929006088,54,4,0,1,0.0,29.71851385834797,17.958476414548343,False,False,True
5363,52,0,5.557241309198596,81,2,2,0,0.0,22.66327003176413,27.22023279273757,False,False,True
5365,56,1,9.192445941285548,59,2,0,0,2.0,26.68502386202501,18.502897638149623,True,False,False
5366,60,1,5.470095462199548,115,3,0,1,0.0,24.34561621743646,27.563834780442424,True,False,False
5367,23,0,5.413222316486687,88,1,2,0,0.0,28.666565263347373,25.840891108313755,False,False,True
5368,24,1,8.431826118552715,51,2,0,1,0.0,25.95801547788713,8.482612582529997,False,True,False
5369,37,1,5.557241309198596,69,1,2,1,0.0,26.68502386202501,19.346581808561552,False,True,False
5370,58,0,8.137092768630396,46,1,1,0,0.0,27.00272357098906,16.372013504014028,False,False,True
5371,38,1,4.18422547579578,87,1,2,0,0.0,22.719135731537666,23.43814204554432,False,False,True
5372,23,1,3.132333286583027,94,1,2,1,0.0,22.55733202622273,22.87741222096708,False,True,False
5373,54,1,1.6272162705710769,51,3,2,0,0.0,19.053309993331016,17.71931999806605,False,True,False
5374,60,1,4.117895640738243,70,3,2,0,0.0,21.88005612170984,24.12034067870428,True,False,False
5375,55,1,9.974187047425294,87,2,1,1,0.0,21.77325136678581,21.967495926526105,False,False,True
5376,27,1,5.127443917051076,103,1,0,0,0.0,27.007347134945626,22.64846239491949,False,False,True
5377,46,1,4.579560780604501,109,3,0,1,2.0,19.483182100655554,25.573117896903373,False,False,True
5378,66,1,5.557241309198596,57,1,0,1,0.0,18.941862980720227,16.62274532812744,False,True,False
5379,51,0,1.1857909559121396,111,4,2,1,2.0,33.51532054069199,32.4686595033018,False,False,True
5380,26,0,7.257467196499752,74,2,1,0,2.0,26.690137123502804,18.07223346371056,False,True,False
5381,59,1,7.706303288450384,40,2,2,0,2.0,26.211803009625086,12.279044008569418,False,False,True
5382,64,1,2.4595365442346924,6,3,0,0,0.0,25.19609594037706,3.2721333311529617,True,False,False
5383,63,1,6.920099020325675,72,2,0,1,0.0,30.915860471503475,23.200854908142965,False,False,True
5384,43,0,3.2783691294065567,67,2,2,1,2.0,28.773829494826792,21.13710623574776,True,False,False
5385,33,1,3.200863986858694,61,2,2,0,0.0,20.393457387637696,18.263849836011165,False,True,False
5386,66,0,3.0184607641771475,53,1,0,1,0.0,24.55656739490069,11.893276769010535,True,False,False
5387,79,1,4.229818218944729,118,4,1,0,2.0,22.64625482942366,31.717287160078385,True,False,False
5388,68,1,1.2024309667198645,9,3,0,0,0.0,23.92204818146652,4.790653336516766,False,True,False
5389,74,0,6.872362555655418,3,3,0,1,0.0,28.595566293501385,3.454379545383937,False,False,True
5390,22,1,4.446436440624554,76,4,2,0,0.0,29.10920415348299,28.93318254531348,True,False,False
5391,58,0,9.530532098622997,76,1,0,1,0.0,31.380445896002527,22.22264510804041,False,False,True
5392,51,1,1.167819277733046,67,1,0,1,0.0,23.6205904390225,18.299073798399675,False,True,False
5393,23,1,9.995467153768494,82,1,0,1,2.0,19.510512675027613,22.51507940411117,True,False,False
5394,70,1,7.542801275755878,82,2,1,1,2.0,26.56317266691016,21.094126703831872,False,False,True
5395,78,0,7.191190823097919,92,1,2,1,0.0,21.54712673692209,28.081170202392634,False,True,False
5396,64,1,2.526071667139981,109,4,2,1,0.0,34.203895710434296,33.58321096634846,False,True,False
5397,56,1,5.228192986106794,93,3,0,1,2.0,25.700112037486527,25.18173038388576,True,False,False
5398,39,0,4.137422224985611,27,2,0,1,0.0,34.06527814060081,9.947944494163146,False,False,True
5399,62,1,7.205265094660875,17,1,1,0,0.0,21.73296806743868,9.870387340826271,False,True,False
5400,43,1,2.462640802814038,86,2,1,1,2.0,21.730038419851432,21.6226438892983,True,False,False
5401,53,0,5.182523227726043,18,3,1,0,2.0,34.867436101834855,6.007487372404137,True,False,False
5402,21,1,9.69489885458334,7,2,0,1,0.0,21.55343767187625,7.919431054949279,False,False,True
5403,73,1,5.031959092019814,71,3,1,1,0.0,28.25017114036413,21.168074385103782,False,False,True
5404,30,0,6.900664709028857,74,3,1,0,0.0,31.39298829869993,17.040065274715158,False,False,True
5405,34,1,9.481625782812912,112,3,0,0,0.0,32.62118705841058,29.17232443934917,True,False,False
5406,32,1,7.426640585281015,13,1,2,1,0.0,27.983670257963883,9.200235465916377,False,True,False
5407,49,1,8.756876341142274,72,1,2,0,0.0,23.67219992924681,22.568701423673826,False,True,False
5408,55,0,1.5310300059919026,83,3,2,1,0.0,30.18429574677132,24.80682371439213,True,False,False
5409,45,0,9.864232894152142,10,4,0,0,2.0,33.40073585591877,12.43348133778209,False,True,False
5410,39,0,9.42284162768012,108,3,1,0,0.0,29.1288122634885,30.47041279155661,False,False,True
5411,30,0,7.3938224474810195,82,3,0,0,2.0,30.594128279691784,23.49575434339438,True,False,False
5412,38,0,1.4301973869197435,34,3,2,1,0.0,28.649738904254647,13.289407793594624,True,False,False
5413,56,0,5.626781873913464,20,4,0,0,2.0,23.98038245834436,15.552601882928288,False,True,False
5414,62,1,3.880498195499304,90,2,1,1,2.0,34.10344115141427,25.69469743922179,True,False,False
5415,24,1,7.863140015123976,114,2,2,1,2.0,20.528507320934544,30.392316245189384,False,True,False
5416,75,1,8.071022348900373,71,1,1,0,0.0,31.454433073887763,22.01500961383556,True,False,False
5417,39,0,6.582597873297264,31,2,1,1,0.0,29.00921950193108,12.538101491960838,True,False,False
5418,66,0,7.585116389087336,44,3,0,1,0.0,28.66064625114447,12.223121475221127,False,False,True
5419,38,0,1.0733162337481164,25,4,1,0,0.0,29.968867031689463,13.899008007344689,True,False,False
5420,64,1,9.247799702507802,58,1,1,1,0.0,19.70412358362037,15.147426327351493,False,False,True
5421,50,0,8.163218281781408,32,4,0,1,0.0,19.032851592691863,17.60130199446717,False,True,False
5422,62,1,3.777098478300253,60,4,2,1,0.0,30.41068427493247,29.20730348824996,True,False,False
5423,35,0,6.312080776657229,9,1,1,1,0.0,30.61403054721369,4.791624694460327,False,False,True
5424,75,1,3.4633056653973626,83,1,1,1,0.0,34.6267728649686,21.98593215682106,True,False,False
5425,60,1,1.946975997143528,9,1,1,0,0.0,22.409958348311456,8.356924493995352,False,False,True
5426,74,0,5.800554023561241,47,2,2,0,0.0,25.404723249796472,17.419295182460775,False,True,False
5427,31,1,1.7586296959367214,78,2,2,1,0.0,27.9501307998435,21.96098624422335,False,False,True
5428,44,0,3.361670403136705,106,1,0,1,2.0,19.19157424090312,26.26504161743633,False,True,False
5429,68,1,4.416394208034991,92,4,0,0,2.0,31.26371478846616,28.34045602060172,False,True,False
5430,62,0,8.229370605644153,69,1,1,0,0.0,22.517865763196443,23.54019642749876,True,False,False
5431,52,1,5.557241309198596,37,2,1,1,0.0,23.54348383847261,14.30916045738916,True,False,False
5432,68,0,1.1802118106773585,6,1,1,0,0.0,26.319692828548128,1.5740419675024355,False,False,True
5433,54,0,8.27269900930563,54,2,1,1,0.0,22.39896972880463,16.970638839409556,False,False,True
5434,50,1,6.54616584397551,12,3,2,1,0.0,31.79377743075553,8.779557627309448,False,False,True
5435,26,0,1.280221641375126,35,2,2,1,0.0,28.66452628791739,7.471643660526015,False,True,False
5436,66,0,9.927041348283804,116,4,0,1,0.0,23.424932031164644,34.11811449672507,False,False,True
5437,33,1,4.146266762059529,24,4,0,1,0.0,22.51853551315527,12.960824227123998,True,False,False
5438,68,1,9.099562635157836,111,1,1,1,0.0,26.68502386202501,32.13488696925046,False,True,False
5439,48,0,1.9589612249450168,50,4,1,0,0.0,30.87492509644964,17.573116406779892,False,True,False
5440,52,1,5.322286009775392,48,1,1,0,2.0,21.06225303083562,14.945620058712876,True,False,False
5441,59,0,5.755169102961124,88,3,0,0,2.0,19.688321954259223,20.568975181301493,True,False,False
5442,37,0,6.222989712321182,19,1,1,0,0.0,34.49969604793638,6.94630038207457,False,False,True
5443,43,0,8.224891043158342,6,3,2,1,2.0,22.290158677930684,10.336342656852231,True,False,False
5444,48,0,1.970130226289872,28,1,2,1,2.0,27.6096639327688,8.938346586199941,False,False,True
5445,55,1,1.0016667576589853,35,1,2,1,2.0,27.338414061820124,13.211400803512014,True,False,False
5446,36,1,6.427034563869204,62,4,1,0,0.0,32.97546857756434,24.88639335567396,True,False,False
5447,29,1,6.784714414677515,12,3,2,0,0.0,27.248869098412086,8.381243878434091,False,True,False
5448,67,0,3.6108303845567313,90,3,2,0,2.0,24.55999177934992,27.554026610886343,False,True,False
5449,27,0,2.057247462455731,113,3,2,0,0.0,24.42707475229044,28.88910286311925,False,True,False
5450,67,1,2.4726160018921046,59,1,0,0,2.0,27.252062086214853,21.077035350907668,True,False,False
5451,78,1,3.9609619721917193,18,1,1,0,0.0,31.349699020260186,9.187754131429877,False,True,False
5452,26,0,7.831957584691833,61,4,2,0,0.0,26.5704881673764,26.7359493625581,True,False,False
5453,20,1,6.8322849159777554,9,3,1,0,0.0,30.953491789221744,6.847167049429876,False,True,False
5454,44,0,1.437099877533664,24,4,0,0,0.0,34.862455403993216,17.006767029365367,False,True,False
5455,45,1,8.80877453248201,104,3,2,1,0.0,24.135124036739505,28.43525567998625,True,False,False
5456,68,1,6.507136762905917,70,2,2,1,0.0,19.901318357492283,23.88232462275016,True,False,False
5457,54,0,5.468948322416481,25,1,1,1,0.0,25.93979341514238,8.7280317658408,False,False,True
5458,31,1,6.647555387815896,87,1,1,0,0.0,27.004913479374736,22.28462751044207,True,False,False
5459,54,0,5.557241309198596,45,2,2,0,2.0,27.397279396572703,14.693239737408126,False,False,True
5460,31,1,4.026772849723748,83,1,1,1,0.0,28.95364231581842,19.51000172707458,False,True,False
5461,72,1,5.789194656241172,73,4,1,1,0.0,20.26318563559664,25.98316956738755,False,True,False
5462,43,0,4.545887569417497,8,2,0,1,0.0,23.957584453217883,8.11658551271416,False,False,True
5463,42,0,6.905611326004183,24,4,2,1,2.0,26.68502386202501,18.286139018282416,True,False,False
5464,49,0,2.7582306476374754,61,2,0,0,0.0,20.2805403666812,13.073192710366571,True,False,False
5465,40,0,4.446183953618071,93,1,0,1,0.0,33.5745327703069,21.883331495077822,True,False,False
5466,50,1,6.23678739854237,53,4,0,0,0.0,20.75940130033493,19.544777899521733,False,True,False
5467,38,1,8.728768230482654,42,2,1,1,0.0,31.899059313029223,12.849558351229586,False,True,False
5468,73,1,3.328135964212856,33,3,1,1,2.0,23.18667265658866,11.425664628140414,True,False,False
5469,74,0,3.047418017821561,90,4,2,1,0.0,25.138448424848555,29.58223425062094,False,False,True
5470,35,0,8.267826298581937,47,1,1,1,0.0,22.37790220318948,17.471618829443575,True,False,False
5471,79,0,5.354649730299009,110,2,1,0,2.0,27.8165108777462,25.70550508343261,False,False,True
5472,73,1,5.773817982945184,89,2,1,1,0.0,18.94598173678673,23.377397726638737,False,True,False
5473,50,1,6.099076029071264,112,1,2,1,0.0,31.15522986566512,30.68092845721111,False,True,False
5474,50,1,7.437403742583199,88,3,0,1,0.0,34.35890939819268,23.08154130364336,False,False,True
5475,23,0,1.320447038648579,104,1,0,1,0.0,31.7435697893711,21.108141641183984,True,False,False
5476,41,0,4.909809334268843,65,1,1,0,0.0,24.57689259210888,19.068992085727096,False,False,True
5477,63,1,8.86439639046028,114,1,1,1,0.0,32.90932897580519,28.815078611082107,False,True,False
5478,20,0,8.021727365212286,89,2,1,1,0.0,29.195850837295684,25.798766309209284,False,True,False
5479,78,1,2.6136661173404363,48,2,2,0,0.0,19.253038914946043,20.59034456765805,True,False,False
5480,71,0,3.186508255183396,100,1,0,0,0.0,20.448912787122392,21.41071170134534,False,False,True
5481,34,0,7.606661779052902,38,4,2,0,2.0,22.86071831652953,19.580915458938563,False,True,False
5482,51,0,4.641452946521768,38,1,0,0,0.0,23.38235930558031,13.174575732857306,True,False,False
5483,59,1,8.846179939221965,41,3,2,1,0.0,21.863235384378207,21.594487248336847,True,False,False
5484,78,1,7.421157535298498,12,3,1,0,0.0,22.24016580144903,15.029540611385189,False,False,True
5485,66,0,4.76317614673838,89,1,0,1,0.0,21.75900640922947,22.50444688398533,False,False,True
5486,77,1,8.705315352576585,10,1,2,0,0.0,30.174625493486943,14.507481905946936,True,False,False
5487,50,0,3.940957883395407,29,1,1,0,0.0,26.80025462012113,8.221160059661578,False,False,True
5488,24,1,6.004471818519648,80,4,1,0,0.0,27.230088670219885,26.349767596899703,False,True,False
5489,29,0,9.002671298567885,107,3,2,1,2.0,24.718724888407,25.51310725928388,False,True,False
5490,26,0,5.590622700556372,6,3,0,1,0.0,22.830203302177075,7.246130053087269,True,False,False
5491,48,1,9.102113716888988,24,2,0,0,2.0,20.30477811572487,10.474299683763157,False,False,True
5492,28,0,5.557241309198596,71,4,0,0,0.0,25.418791554635305,23.29945382664741,False,False,True
5493,39,0,5.557241309198596,84,3,0,0,0.0,28.346617123806183,20.08088754888236,False,False,True
5494,45,0,7.004713101783048,32,4,0,1,0.0,33.44005268136121,15.958066916574202,False,False,True
5495,59,0,5.750506338051466,87,1,1,1,2.0,34.93017689991369,19.28705257907813,False,False,True
5496,22,1,8.507004249396925,66,1,1,1,2.0,30.53470809727247,19.426076115976343,True,False,False
5497,41,0,1.7101164654208096,28,2,0,1,0.0,25.95022612299657,4.696449620100935,False,True,False
5498,36,1,9.49831335681086,66,2,0,0,0.0,30.1036031038578,13.015360688744696,False,False,True
5499,42,0,5.44741843196624,63,4,0,1,0.0,30.743764949911164,25.107908134679068,True,False,False
5500,68,1,2.219450670359603,95,1,2,1,2.0,31.86856545062572,23.467217844876814,False,True,False
5501,29,0,8.486417065473852,114,2,0,1,0.0,19.20706736975905,28.0457952173474,False,True,False
5502,35,1,5.07082631546202,110,1,0,0,2.0,21.30907985972928,26.5981375523648,False,True,False
5503,47,0,5.557241309198596,80,2,0,1,2.0,27.106445966113466,19.32864094276725,False,True,False
5504,61,1,3.934954509749141,97,4,1,1,0.0,30.0676014513105,27.697639632695992,False,True,False
5505,34,1,6.194100429229979,85,3,2,0,0.0,32.2996787245086,25.67214587314789,False,True,False
5506,72,0,8.56831459396114,34,2,0,1,0.0,32.655004210870715,15.868484645727287,False,False,True
5507,56,0,5.854413862253288,52,3,2,0,2.0,21.85718922175398,17.136279929053284,False,False,True
5508,40,1,5.557241309198596,45,1,1,0,0.0,18.99743400602064,12.982320760091412,False,True,False
5509,73,0,1.641324993834051,42,1,0,1,0.0,26.68502386202501,11.702252326558693,False,True,False
5510,56,0,9.23011885792847,116,2,1,1,2.0,32.148762024673445,28.233091241236323,False,True,False
5511,43,0,4.531438908394492,47,1,1,0,2.0,27.843710240562736,14.92572081129224,False,False,True
5512,56,1,6.8367432414178255,103,4,2,1,2.0,32.324255751694494,35.521881787802826,True,False,False
5513,50,0,7.181974705435809,17,3,2,0,2.0,19.576092139951143,13.463232800881084,False,False,True
5514,50,1,2.358243844421768,71,4,1,1,0.0,25.37894665599474,24.876024094993888,True,False,False
5515,25,0,7.790243275020134,19,3,0,1,0.0,29.10763938872394,9.526701194572963,False,False,True
5516,75,0,5.321136061127882,4,4,0,1,0.0,31.35128283864913,9.335920004976366,False,False,True
5517,22,1,4.532003636883134,119,3,1,1,0.0,34.50290401214454,28.54463904443341,False,True,False
5518,62,1,4.632305236886328,59,1,1,1,2.0,34.46112779353473,17.11681667590243,True,False,False
5519,38,0,6.722870745979063,13,1,1,0,2.0,19.100370425959703,8.444041418187169,True,False,False
5520,73,0,1.3218961871344173,67,2,2,1,2.0,28.191923985250945,22.61789282740467,False,False,True
5521,70,1,5.950348668987435,78,4,2,1,0.0,22.66214319114374,28.20958103173779,False,True,False
5522,72,0,6.345465588490647,117,1,0,1,2.0,21.705817593233444,34.31994987286667,True,False,False
5523,48,0,5.794171126424342,117,4,0,1,0.0,30.337041982528845,33.462510559100586,False,False,True
5524,30,1,2.89415572914891,27,3,1,0,0.0,23.391333374967388,9.01047868841423,False,False,True
5525,51,1,7.3784935337372595,71,1,0,0,0.0,19.02630195637712,19.088986149649585,False,False,True
5526,21,0,7.447321496026392,81,1,1,1,0.0,31.34440887603691,20.876109394757208,False,True,False
5527,27,1,4.212435681533215,17,4,1,0,0.0,26.633808658079097,17.129699541433936,True,False,False
5528,74,1,9.73877796874054,15,4,1,1,0.0,33.28918937756178,14.474834694955629,False,True,False
5529,78,0,6.471634157491078,77,4,0,1,2.0,18.5205301696075,26.897320790616035,False,True,False
5530,64,1,1.3500623102214353,64,3,1,1,0.0,26.39135514253549,16.935760962729717,True,False,False
5531,62,1,5.437163876333528,1,3,2,0,0.0,33.79369896831007,9.848236402800666,False,True,False
5532,57,0,3.819914232191125,24,1,1,0,2.0,26.975638532672047,13.75766664361691,True,False,False
5533,52,1,7.367093125596113,15,4,1,1,0.0,34.35484029912724,18.52030755342177,True,False,False
5535,56,1,9.39288813477382,23,4,0,0,0.0,29.8957780900106,20.44409682429536,True,False,False
5536,28,1,2.030907696278341,114,3,2,0,0.0,34.248988452882884,29.101155388013986,False,False,True
5537,55,0,3.030219497449856,18,3,2,0,2.0,26.68502386202501,13.001303273567014,False,False,True
5538,70,0,9.204563849530851,102,3,1,1,0.0,26.488194704826725,24.6550403207416,False,False,True
5539,20,1,4.921609211589769,54,3,2,0,0.0,26.68502386202501,17.552253511564704,False,True,False
5540,41,0,6.5217509574721575,107,3,0,1,0.0,34.07686380978085,25.16668618217723,False,True,False
5541,54,1,3.260425612224571,113,2,2,0,0.0,33.13124421349405,30.925145400230107,True,False,False
5542,78,1,9.087548868491236,22,1,0,1,2.0,24.35235585245545,15.326993734478446,True,False,False
5543,20,1,3.8144196562731225,45,1,1,1,0.0,20.633024513983067,11.959589308583515,False,True,False
5544,79,0,8.522047637691411,66,1,1,0,2.0,22.6104915429017,20.81277060064333,False,False,True
5545,58,0,7.776485989152736,52,1,2,0,2.0,29.279013095822208,22.95486234930804,True,False,False
5546,39,0,1.4859936296293506,32,4,1,1,0.0,29.473675768341632,12.72943961942238,True,False,False
5547,48,0,1.983354009317715,6,2,2,1,2.0,29.636857638418483,9.99656836898,False,True,False
5548,68,1,2.8934789904471163,5,4,1,0,0.0,32.81668721345505,10.662174650578285,False,True,False
5549,26,0,7.699732426320106,9,1,2,1,0.0,24.586971169620146,7.089746825723017,False,False,True
5550,65,1,3.809075188052841,44,4,1,1,0.0,29.770826831769533,19.04632000780319,False,True,False
5551,50,1,7.91603110413656,36,2,0,1,0.0,22.24145777109052,10.964844699404727,False,False,True
5552,79,0,2.598021277419005,14,1,0,1,0.0,19.0550765921453,8.343445092789255,False,True,False
5553,31,1,6.713525403812956,70,3,0,0,0.0,22.143436073865708,20.551147995478487,True,False,False
5554,63,1,8.40487541920633,16,4,1,1,2.0,27.93365567493747,14.13705723609201,False,False,True
5555,38,0,5.656893038316668,89,4,0,1,2.0,31.40240022452827,22.19272726224037,False,True,False
5556,70,1,4.053136064759803,95,3,0,1,2.0,25.220401782330512,24.62339527708987,False,True,False
5557,69,0,9.308879522849711,82,4,0,0,0.0,31.36986535345549,26.14710886298936,False,False,True
5558,76,1,9.933379467234944,90,3,2,0,0.0,32.59981648965514,28.173836105706386,False,False,True
5559,37,1,1.130635850748479,61,3,2,0,2.0,34.87459850406715,21.71523520826872,False,False,True
5560,69,1,9.491978310844685,49,1,2,0,0.0,30.762200589558912,20.10619483072653,True,False,False
5561,74,1,1.2909093879348128,17,1,0,0,2.0,26.246166210582043,8.143635069089363,False,True,False
5562,47,1,7.079791317580511,5,2,0,0,0.0,21.289984056524585,9.522874671498654,True,False,False
5563,79,0,4.5259456781080285,100,1,2,1,0.0,27.73117862896429,29.313667617775906,False,False,True
5564,79,1,3.848091188801119,87,4,2,0,0.0,20.92278829334425,30.607324363152983,False,False,True
5565,78,1,4.444562721859942,57,3,2,1,0.0,21.08972583580442,21.8239231537392,True,False,False
5566,51,1,4.241185189964869,74,4,0,0,2.0,30.31869287968073,22.98747957406587,True,False,False
5567,68,0,3.4540934715503333,63,2,2,1,2.0,23.205469239907654,22.016172773684985,False,False,True
5568,66,1,6.218018583124742,38,1,0,1,2.0,26.68502386202501,14.245918864927209,False,True,False
5569,50,1,6.551962803686634,96,4,0,1,0.0,32.23210519387068,26.874967341070043,True,False,False
5570,48,0,6.057532989939154,89,2,0,0,0.0,21.02661314526413,19.05668836841708,False,False,True
5571,55,0,4.150641810474577,81,4,1,1,2.0,28.04928357459517,26.388238930169763,False,True,False
5572,29,1,5.053968958833399,50,1,2,0,0.0,25.29744544665421,13.778479883515566,False,True,False
5573,26,0,2.245983710189864,77,2,2,1,0.0,19.10679919911249,21.847741873590504,False,False,True
5574,41,1,3.037993858935029,33,1,2,1,2.0,23.09066443410338,13.750717138251757,False,False,True
5575,29,1,3.908748248716397,79,2,1,1,0.0,26.68502386202501,20.281992571905533,True,False,False
5576,76,1,5.6122723370756535,30,4,0,0,0.0,21.05771766412751,20.08730100889492,True,False,False
5577,37,0,2.7134494395487465,101,2,1,0,2.0,33.47483290717889,22.86095011236252,False,True,False
5578,39,0,4.622006245992333,88,3,1,1,0.0,33.84904611209736,22.87320227075652,True,False,False
5579,20,0,3.2929082769575806,32,3,2,1,0.0,32.65812934029421,13.988328167249286,True,False,False
5580,37,1,2.993058022359205,49,3,0,1,2.0,21.628716159765624,10.135282325125209,False,False,True
5581,50,1,1.7367535532466454,13,4,0,1,0.0,25.826920028333056,11.001103604815274,False,False,True
5582,28,0,4.253059762970875,35,3,2,0,0.0,33.799683695062896,14.875657378866393,True,False,False
5583,30,1,3.398474800115608,78,2,2,0,0.0,27.954171976909787,21.85257818065628,False,False,True
5584,62,1,9.046064781251255,8,4,2,0,2.0,19.26016671066749,19.2483152097519,False,True,False
5585,49,0,5.809470078117369,32,4,1,1,0.0,30.68815374971568,16.02715613748731,False,False,True
5586,61,0,5.489855390384929,99,1,1,0,2.0,28.56320867758742,25.32019430909913,True,False,False
5587,72,0,6.471619324152483,8,4,0,1,0.0,30.112382157085182,12.891275646449714,True,False,False
5588,75,0,6.455820282492988,6,2,2,1,2.0,26.68502386202501,8.625355560899667,False,False,True
5589,60,0,6.199867607479368,23,1,2,0,0.0,23.4427749484906,12.591786994475164,True,False,False
5590,67,1,7.295900263889918,33,3,2,1,0.0,27.201415218388444,17.376947824759117,False,True,False
5591,43,1,8.795158770630845,107,3,0,0,0.0,26.68502386202501,26.616973851255,False,True,False
5592,78,1,1.0240135120835765,78,3,0,0,0.0,21.894333486636203,19.04303142022036,False,True,False
5593,70,1,5.557241309198596,71,2,0,1,2.0,28.914517117042543,20.36292586305334,False,True,False
5594,33,0,2.106296919990754,36,1,0,1,0.0,26.68502386202501,9.566500846614815,False,True,False
5595,41,0,9.911582142676464,27,1,2,1,2.0,28.12258037674749,12.124919063531836,False,False,True
5596,28,0,8.260172692872217,55,3,0,1,2.0,23.29855853458061,12.936456767317429,False,False,True
5597,39,1,6.397471099992496,39,4,2,0,2.0,29.398647824339875,19.87794214930281,True,False,False
5598,39,0,9.573988852885298,12,1,1,1,0.0,24.446042664155893,5.502718196377099,False,False,True
5599,28,1,8.465701737595372,66,1,0,1,0.0,31.45652686568272,14.604354129976686,False,True,False
5600,75,0,8.46485983390582,35,2,1,1,0.0,30.13834667710898,16.366327613052597,False,True,False
5601,39,1,8.81467316345195,68,1,1,1,0.0,34.83344592479614,21.469868746080337,False,False,True
5602,50,0,6.469382006487345,57,2,1,0,0.0,24.00477218948132,18.371745080279307,False,False,True
5603,62,0,6.7919902026077725,67,1,0,0,0.0,24.8505521963344,17.96980870768564,True,False,False
5604,27,0,8.608035002557724,24,2,0,1,2.0,22.079941940388093,8.829633745801766,False,False,True
5605,62,1,2.7509317272992018,15,4,1,0,0.0,31.49253092046997,17.586755897157065,True,False,False
5606,47,1,3.483354681550566,4,1,1,1,2.0,31.23511342285269,3.771977056078795,False,True,False
5607,53,0,5.74503380425435,96,1,1,0,0.0,18.86626912900379,25.018433749244267,False,False,True
5608,30,1,3.021748987861982,111,3,0,0,2.0,20.948615387253327,25.542271974251,False,False,True
5609,41,1,5.223609198437345,32,1,2,1,0.0,18.938059202792434,13.962551741337908,False,False,True
5610,51,1,1.7126776819776326,24,1,1,1,2.0,27.736760327415315,10.750389211214484,False,True,False
5611,72,0,2.73522515208946,51,2,2,0,2.0,22.88889618549653,18.396174533652985,False,False,True
5612,21,1,3.852672883282015,109,2,2,1,0.0,19.511408870190056,31.17715416241368,False,False,True
5613,41,0,5.956689528019649,46,3,0,0,0.0,26.68502386202501,15.903037507356952,False,True,False
5614,36,1,1.566742678603304,50,2,1,1,0.0,21.27407395511134,12.8283013058884,False,True,False
5615,50,1,8.999695885540774,15,2,0,0,0.0,26.42633310790592,7.790833659831119,False,False,True
5616,22,1,5.495942460408243,95,3,1,0,0.0,20.05821602407305,21.21046301214653,True,False,False
5617,29,0,8.513757262597561,66,4,1,0,0.0,28.93769501190281,21.08794020069611,False,False,True
5618,63,1,5.557241309198596,107,2,1,1,0.0,26.46037414527434,24.78901268683532,False,False,True
5619,52,1,6.980055913839336,55,1,2,0,0.0,30.47331670678506,18.145310920202142,False,False,True
5620,25,1,8.669329730200104,87,4,2,0,0.0,34.243412261003314,30.11117565194613,False,True,False
5621,76,0,6.28636960113228,73,1,0,0,0.0,27.582442650713148,20.42110056811056,False,False,True
5622,50,1,6.329109127159167,14,3,1,1,0.0,20.609212603002145,4.705840232607944,False,True,False
5623,44,1,1.7187078212403084,67,1,2,1,2.0,31.5484370128921,20.52224714493053,True,False,False
5624,62,0,7.490104805032897,73,3,1,1,0.0,23.15068352834569,19.288644511315443,False,True,False
5625,52,0,6.996431232287629,48,2,1,1,0.0,21.155201822389216,14.463271387956317,False,True,False
5626,74,0,7.944127534502436,113,4,2,0,0.0,23.728006193312268,36.618231665350976,False,True,False
5627,70,1,3.5351141902707246,75,4,1,1,2.0,22.045222050357246,23.629602496033527,False,True,False
5628,43,0,1.0910298849475222,73,3,0,0,0.0,33.20679937830232,17.71297734267276,True,False,False
5629,79,1,7.307361663748114,118,1,0,1,0.0,33.21230596121433,28.720156245427265,False,True,False
5630,22,0,6.077753126188708,1,4,0,0,0.0,22.82701848971445,10.02611811525742,False,False,True
5631,78,0,5.677011068193369,1,2,1,0,0.0,25.039017750564547,8.412414708807136,False,True,False
5632,43,0,3.067846073699737,22,3,0,0,0.0,26.68502386202501,10.063828036682754,False,False,True
5633,54,0,6.787116821662895,69,4,1,1,0.0,33.11300844085915,22.93458758166464,False,True,False
5634,79,1,7.549876364616496,81,2,2,0,2.0,18.76244365908585,24.14438230714461,False,False,True
5635,45,1,4.787895247688855,73,4,2,0,2.0,28.92596639161371,30.40033712914854,False,False,True
5636,33,1,6.049061527734287,15,2,1,0,2.0,24.84045742236941,4.146983709541871,False,False,True
5637,42,1,2.1043939953716304,75,1,0,0,2.0,20.33245963603778,18.04897907405749,False,False,True
5638,45,1,5.557241309198596,69,1,1,1,2.0,27.982987222353195,16.94142253863842,False,True,False
5639,36,0,5.699138440889592,19,2,2,1,0.0,30.56376255261022,11.549436758330542,True,False,False
5640,22,1,9.113550575061728,100,2,2,0,0.0,30.483207868597123,29.547337132661674,False,True,False
5641,20,0,4.981019122451939,116,4,2,0,0.0,33.73384769516483,37.41980515918418,True,False,False
5642,50,0,3.021946300945643,28,1,0,1,2.0,21.296050722838856,12.214556959945124,False,False,True
5643,48,1,4.270358876482879,47,3,0,0,0.0,26.68502386202501,14.677721526929847,False,False,True
5644,42,1,2.652069204525942,11,4,2,1,0.0,28.41423202066081,14.247481972926732,True,False,False
5645,60,1,7.935782743132858,13,2,1,0,2.0,26.68502386202501,10.872434391096611,False,True,False
5646,56,1,5.104895739963325,90,2,2,1,0.0,22.098325939335894,23.64899628074716,False,False,True
5647,53,1,2.253670204663908,114,1,2,0,0.0,31.729996955880235,29.87235248136095,False,False,True
5648,56,0,3.3949716055236925,115,2,2,1,2.0,27.72391191886745,34.41752369868224,True,False,False
5649,20,1,9.297887283686553,45,4,2,1,2.0,20.97758604142169,18.70812838060516,False,True,False
5650,72,0,1.4807238692459377,54,2,1,0,2.0,32.1812318115353,16.562462164023696,False,True,False
5651,30,1,2.038626633829673,8,3,1,1,2.0,24.967456168507407,5.020706671483825,False,False,True
5652,57,0,3.9117692276032505,95,1,1,1,0.0,20.310668695731856,23.70350846383268,False,True,False
5653,33,1,5.81872001960321,5,1,2,0,0.0,34.28911972023158,11.994229643245598,True,False,False
5654,79,1,5.557241309198596,112,3,1,1,2.0,26.046025630198173,27.50233490389364,False,True,False
5655,28,0,5.557241309198596,105,2,0,1,0.0,30.443920397148634,22.53630328847861,False,False,True
5656,29,1,2.48655699566603,46,2,0,1,0.0,28.03299077341165,14.463376629130275,True,False,False
5657,44,1,4.355832976127744,80,2,0,1,2.0,29.000067961984257,16.05404308597565,False,False,True
5658,23,0,9.847179982687226,98,2,1,1,2.0,29.34102413084804,24.555271980624163,True,False,False
5659,60,0,3.2788673347812165,52,4,0,1,0.0,23.985450297703213,21.23525173390178,False,False,True
5660,74,1,9.314444857281874,94,1,0,0,0.0,22.96778356481936,23.18800533838565,False,False,True
5661,24,0,1.4370645096609551,54,4,0,0,0.0,26.944875508528856,14.781201223825132,False,False,True
5662,55,1,7.306828006957444,109,2,1,1,0.0,34.03392252746927,23.49629913195268,False,True,False
5663,79,0,8.61658602837814,60,4,0,1,0.0,26.8640518688106,20.03991022189113,False,True,False
5664,50,1,7.977987368973245,8,1,2,1,0.0,32.65385493183226,7.610936618754319,False,True,False
5665,59,1,9.384933247831173,109,3,2,0,2.0,28.869471888608707,30.44363714136599,False,False,True
5666,41,1,9.527804656601006,58,1,2,0,0.0,29.787100586547083,19.39787722611182,False,True,False
5667,40,0,5.557241309198596,27,1,1,0,0.0,25.053258343052285,7.21619497998997,False,False,True
5668,77,0,1.345830810751527,63,4,0,1,0.0,19.456413649116254,24.806520167237984,False,True,False
5669,21,0,5.922246635039992,44,1,0,0,0.0,29.27086596496118,8.237916907507113,False,False,True
5670,71,0,6.459953767982809,94,3,0,1,2.0,21.182197757453263,21.6214782538954,False,True,False
5671,70,1,7.887991878410896,40,1,1,0,0.0,20.59588894950276,15.638464806613216,True,False,False
5672,61,0,2.7003256015521213,55,1,1,1,2.0,19.74033179466762,15.533435840161156,False,False,True
5673,38,1,7.058446595022377,67,4,0,1,0.0,31.962141428103283,24.50928066823108,False,True,False
5674,46,0,3.866067701252239,81,4,0,1,0.0,28.262162245954165,25.153725482487346,False,True,False
5675,62,0,7.674947285286863,73,1,1,1,0.0,26.68502386202501,18.605612621258743,False,True,False
5676,76,1,4.027111540440238,61,3,0,1,2.0,33.89028136491903,16.893619811480733,False,False,True
5677,20,0,4.041510139407617,91,2,1,1,0.0,23.74604793674982,22.422022481645826,True,False,False
5678,25,1,5.557241309198596,107,4,2,0,2.0,24.702618879601776,35.67461161243084,True,False,False
5679,38,1,1.5686945134706458,108,4,0,1,0.0,34.88632377507592,32.24791759523232,True,False,False
5680,53,0,9.220716443476288,20,1,1,1,0.0,33.23489574226075,7.223160604314854,True,False,False
5681,57,1,8.429777410120746,77,4,0,0,0.0,33.08942009696605,30.179649557851707,True,False,False
5682,53,1,6.398972092474972,36,4,1,0,0.0,33.04285904204903,19.27940066154945,True,False,False
5683,59,0,5.5706512882373325,33,1,2,1,0.0,26.234447655054616,18.44028997520914,True,False,False
5684,68,0,5.557241309198596,64,2,2,1,2.0,30.475259457890928,18.293367776271097,False,True,False
5685,40,1,3.153329764763176,79,2,1,0,2.0,24.923866232669987,18.31214266043092,False,True,False
5686,61,1,8.537673838282963,26,3,1,0,2.0,26.68502386202501,14.99787750440335,True,False,False
5687,21,0,1.9657108933360528,8,2,0,0,0.0,32.75929867178283,2.451837854354104,False,False,True
5688,57,0,5.983989063393234,108,4,0,0,0.0,30.58047320419601,33.04128088468465,True,False,False
5689,49,0,6.261598080220182,10,4,0,0,0.0,29.464534402775847,8.309097523181029,False,False,True
5690,34,0,4.6120234878948345,89,4,0,0,2.0,26.76392191418281,27.98200557674973,True,False,False
5691,75,1,8.775593398085595,113,2,2,1,0.0,26.80834293995809,28.705712261517164,False,True,False
5692,78,0,3.497919933682218,65,3,1,0,0.0,19.204662165222302,14.95359693193984,False,True,False
5693,36,0,3.3029459744029763,53,1,2,1,0.0,21.06101623453035,16.007392299690217,False,True,False
5694,30,1,9.355021948050595,48,3,2,0,0.0,26.68502386202501,13.719736886889912,False,False,True
5695,77,1,3.997769932844856,52,4,1,1,0.0,34.12226557462881,20.205546228175656,False,False,True
5696,55,0,7.776370594043754,10,3,2,1,0.0,19.9843431401234,10.472767630254914,False,True,False
5697,50,0,8.803719974425814,114,2,1,1,0.0,30.20612801390311,25.8017368483844,False,False,True
5698,37,1,4.612574046814249,66,4,0,1,0.0,22.60931024629035,21.73321794450352,True,False,False
5699,46,1,9.276714172252667,15,1,1,0,2.0,31.26884052784469,6.880253766342866,False,True,False
5700,58,1,5.557241309198596,40,4,2,0,0.0,19.63152515047755,21.28879246275224,True,False,False
5701,50,0,8.38422114724768,93,1,1,1,0.0,20.46700737374093,24.83253599261609,True,False,False
5702,40,0,3.912662121224311,10,3,2,1,2.0,33.95284744911596,7.926839635059534,False,False,True
5703,52,1,4.188214028703198,100,2,2,1,2.0,23.298774638021232,28.36703211873049,True,False,False
5704,68,0,3.485067691991123,23,4,0,0,2.0,33.71582121702805,9.28483523145976,False,False,True
5705,50,1,8.586553511591289,102,1,0,0,0.0,26.542049601834226,27.756564417911488,True,False,False
5706,57,1,6.555619684473559,114,2,1,1,0.0,28.04546757370104,26.65467794227668,False,True,False
5707,21,0,6.602369848356068,81,3,1,0,0.0,33.858314969485434,18.876181080243843,False,True,False
5708,28,0,3.160626877964608,85,3,2,0,0.0,34.07514854819506,24.56399675799226,True,False,False
5709,29,0,3.4791211912435323,44,3,2,1,0.0,33.82218828782579,16.81082266109911,False,False,True
5710,34,1,3.644150235888948,104,1,1,0,2.0,29.118580964162952,29.04918229118676,True,False,False
5711,38,0,1.2714523435615506,81,3,2,1,2.0,32.49438008039952,21.36474174329583,False,False,True
5712,50,0,4.251397495653906,87,4,1,0,2.0,26.736426916515583,29.15714580436711,True,False,False
5713,44,0,2.604356033398961,62,2,2,1,2.0,30.48584232405008,17.51212339081896,False,True,False
5714,77,0,5.557241309198596,82,4,0,0,0.0,31.216242884996987,27.94745091700567,False,True,False
5715,60,0,9.913367884191736,9,4,0,0,0.0,26.121752799935813,10.51149129099938,False,False,True
5716,40,0,4.59965912125544,82,3,0,1,2.0,28.13283875703822,18.45737659321316,False,False,True
5717,45,1,4.201966757805941,112,3,0,1,0.0,19.45222710917693,24.262051521129266,False,True,False
5718,58,1,8.910398966070751,63,1,0,0,0.0,27.05162606112637,17.75357984525303,False,False,True
5719,43,1,3.056244183253213,3,3,2,1,2.0,22.24203302630413,7.784709549494356,False,True,False
5720,54,0,1.7328491983624197,46,3,2,0,0.0,24.16608123552618,11.570656189631958,False,True,False
5721,49,0,9.738794724302323,96,3,0,0,0.0,19.61262240461497,27.90600519373832,False,True,False
5723,53,1,7.370055805262343,14,1,0,1,2.0,23.271869572973287,4.432630451636871,False,True,False
5724,47,0,4.052177339362324,105,1,0,0,2.0,27.59338222173673,27.58668238846625,True,False,False
5726,21,0,1.1216554452974803,49,3,2,0,2.0,30.559908330317008,13.33746943510013,False,False,True
5727,53,1,7.576156876786988,1,3,0,0,0.0,33.843177875837256,4.533762707102948,False,False,True
5728,39,0,4.743906471777175,49,1,2,1,0.0,19.74159666944685,19.092213488922777,True,False,False
5729,71,0,3.207742453531731,88,4,2,0,0.0,23.82413752003643,33.72297039662832,True,False,False
5730,77,0,3.2248460703757,54,1,0,1,0.0,34.10743791818096,18.54192633818256,True,False,False
5731,33,0,9.599659357755169,62,3,0,0,2.0,34.37968306187824,18.367252619184885,False,True,False
5732,66,0,6.768250971796679,26,3,0,1,0.0,20.97517059209659,12.2093530975717,False,False,True
5733,22,0,7.890443364320131,104,2,2,1,0.0,34.63942996553031,25.47826654164934,False,False,True
5734,79,0,1.166115029859498,10,3,2,0,0.0,29.111051397106465,9.17748434820793,True,False,False
5735,20,1,5.888980849304448,97,2,2,0,0.0,19.508168413197243,25.020241685402127,False,False,True
5736,66,0,8.372171994049012,81,3,2,0,0.0,26.61263374275073,28.192734893225968,False,True,False
5737,73,0,7.0102559798795525,56,2,1,0,0.0,28.28508108901351,18.597931788717403,False,False,True
5738,28,1,6.0551325042814925,28,2,0,0,2.0,23.07646057589764,11.041631820395011,True,False,False
5739,55,1,8.085252724024265,83,1,0,1,0.0,34.89814059251986,26.061720421428443,True,False,False
5740,78,0,9.391649465319563,117,1,0,1,2.0,19.764116168171043,33.983831039467695,False,False,True
5741,52,1,8.201373835525755,45,3,2,1,0.0,25.98708558065455,16.01628730910925,False,True,False
5742,75,0,9.83707426031721,103,2,0,1,0.0,31.700636370215264,25.330422975370663,True,False,False
5743,41,1,8.70987714225681,100,4,1,0,0.0,32.021647532632024,32.16164330380583,False,False,True
5744,36,1,4.952894598386871,111,2,2,1,0.0,25.57419804327792,26.74045949796912,False,False,True
5746,43,1,4.666193304665049,95,3,2,0,0.0,23.608951657838382,25.35744967000373,False,True,False
5747,43,1,7.6189293450296764,13,2,2,0,0.0,19.90347154648392,12.02924192489424,False,True,False
5748,26,1,4.787590495480014,106,4,2,1,0.0,29.06800932390184,33.9380935433758,False,True,False
5749,65,1,4.936449182436908,79,2,2,1,0.0,26.291449470238497,26.169551584555563,False,False,True
5750,65,0,5.557241309198596,78,4,1,1,0.0,28.93416499664693,26.49130694423953,False,True,False
5751,37,0,8.829366061572943,96,3,0,0,0.0,26.68502386202501,28.592095324926017,True,False,False
5752,68,0,6.596421081313742,114,4,0,0,0.0,25.64999990079884,33.18333187066465,True,False,False
5753,67,0,4.607939216151193,111,3,1,0,0.0,27.82651476494786,24.23464192453933,False,True,False
5754,49,1,5.11244964908424,73,4,0,1,0.0,22.48421298924096,25.767190904937205,True,False,False
5755,53,1,3.917216564495167,90,3,2,1,0.0,34.909450428574694,24.08102031645181,False,False,True
5756,28,1,5.437690388088166,17,1,2,1,2.0,19.890473134785136,9.489896815972031,True,False,False
5757,34,0,7.931181627360274,14,4,0,1,0.0,30.88598509854584,11.461388083047456,False,False,True
5758,28,1,8.251875264639981,116,2,1,0,0.0,28.46219023642974,26.672012019713065,False,False,True
5759,26,1,3.1900949514111074,60,4,0,0,0.0,27.511268825940064,20.19432823732801,False,True,False
5760,68,0,4.063969720894766,99,3,1,1,0.0,25.97452773684005,28.013450890703247,True,False,False
5761,52,0,8.490151960375975,64,3,1,0,0.0,26.622093667116488,19.897495579894667,True,False,False
5762,44,1,2.065186911939288,30,3,1,1,2.0,28.61474869146398,9.605526276341893,False,True,False
5763,79,1,7.619305494999229,60,3,1,1,0.0,21.876085745451952,18.725782069836143,True,False,False
5764,78,0,9.219697404400303,109,3,1,1,0.0,28.6000648460871,32.408187758998515,True,False,False
5765,39,0,2.9317416661398576,101,2,2,0,0.0,27.09978811029236,21.845272797360515,False,False,True
5766,51,1,2.3796654446384866,106,3,0,1,0.0,20.987263783490853,25.88455146920476,True,False,False
5767,68,0,7.612372050163279,31,3,2,1,2.0,33.06309674932948,17.28087141862739,True,False,False
5768,41,0,2.153665992691881,67,4,0,0,2.0,31.29644207547659,24.09142636719224,True,False,False
5769,42,0,3.85160449285297,85,4,2,0,0.0,28.94282085430772,24.73715778499781,False,False,True
5770,24,0,8.362937514895735,95,3,0,1,0.0,30.94910557852779,23.699425490996312,True,False,False
5771,77,1,1.959035324209912,40,2,2,0,0.0,32.96104038689513,19.719817666715183,False,True,False
5772,45,0,8.54999109213197,113,2,2,0,0.0,27.33386290276528,31.412934374543912,False,True,False
5773,55,0,4.986559096731394,48,1,2,1,2.0,19.99509436389277,16.8482784674244,False,False,True
5774,58,0,9.4519829865942,65,3,2,0,2.0,30.698472654847755,23.688598151963618,True,False,False
5775,63,0,5.388234430570445,39,1,1,0,2.0,25.66826362674044,12.296657964943304,False,True,False
5776,21,1,3.8891937364702,24,2,2,1,2.0,22.336051233675203,9.53795462789054,False,True,False
5777,55,1,8.836043213928885,27,3,0,1,0.0,22.30838580612642,12.766230255323489,True,False,False
5778,68,0,8.299954361801435,27,3,1,1,0.0,25.542458318640435,11.108715862640162,True,False,False
5779,27,1,5.984562630058626,78,4,1,0,0.0,23.10559647532177,25.123044104501805,False,True,False
5780,46,0,4.941675675663116,116,4,2,1,2.0,25.115766733305342,35.55914237594026,True,False,False
5782,32,1,8.785562769859244,109,1,1,1,0.0,31.72257722787204,28.91117690223336,False,False,True
5783,56,0,5.575124574166089,47,1,0,1,0.0,32.1051719931497,11.963360817126528,False,True,False
5784,21,0,7.289974766053611,36,2,2,0,0.0,31.10563861162033,15.390242764338874,False,True,False
5785,50,1,7.55365021469634,64,4,2,1,0.0,28.648839805164844,25.49291258180945,False,True,False
5786,34,1,2.514077588833148,113,3,1,0,2.0,29.685069686146804,25.91384005864393,False,False,True
5787,49,0,1.4019509474100889,14,4,1,0,2.0,19.626109114375208,15.025969936439754,False,False,True
5788,50,1,2.9708220690240177,62,3,2,1,2.0,19.83367349938537,23.566145279386213,True,False,False
5789,25,1,4.757271004703496,110,2,0,0,0.0,25.20975661209652,27.833205609849216,False,False,True
5790,46,1,8.604226765164277,54,2,2,1,0.0,24.72313409176729,18.806972375468263,False,False,True
5791,66,0,7.171365063574683,54,4,2,1,0.0,18.62106892087177,24.890905789495548,False,True,False
5792,52,0,3.724112893408792,12,3,1,0,2.0,28.991959094776803,6.396811377390244,False,True,False
5793,42,1,5.241739615808574,46,1,1,0,2.0,30.298077265148724,9.243331188225444,False,True,False
5794,22,1,9.723299173477129,4,3,2,0,0.0,33.573445465674475,9.133372007349635,False,False,True
5795,79,0,8.388186706635544,43,4,1,1,0.0,32.40155053636684,19.501952805122013,False,False,True
5796,76,0,5.234259877094411,45,3,2,1,0.0,25.57449257775937,16.230948808402236,False,False,True
5797,64,1,2.0047233645645544,113,1,1,1,2.0,27.33405636470272,25.84208240802869,False,False,True
5798,62,1,8.908751249510441,91,3,2,0,0.0,30.038356030449208,31.62205375199713,False,False,True
5799,50,0,5.839952421480791,72,2,0,0,0.0,20.439355676017644,21.448220986007453,True,False,False
5800,36,1,7.734491382289378,10,3,0,0,0.0,25.674291276423627,8.309995974941856,False,True,False
5801,76,1,5.754039469544412,94,4,0,0,0.0,19.05022324039996,29.64873341562881,False,True,False
5802,40,0,9.296103097976737,7,4,2,0,0.0,20.78780406818437,13.692560824661625,False,True,False
5803,56,1,4.692422244985451,36,3,1,1,2.0,31.68097820537924,13.76758646157999,True,False,False
5804,32,1,8.953858139122287,107,4,2,0,0.0,19.423827552140622,35.90914432671478,True,False,False
5805,30,0,7.871518762483297,102,1,2,0,2.0,31.555507809700924,24.45473032196032,False,True,False
5806,29,0,6.026255124545214,95,1,2,1,0.0,30.01022966857648,25.19657153205249,False,True,False
5807,36,0,2.0151722697991925,15,1,0,0,0.0,23.178557595246,5.096560038932447,False,False,True
5808,67,1,5.040817966574558,33,4,0,1,2.0,25.992859324875337,15.04413604351084,False,False,True
5809,63,0,8.080002539874664,61,1,0,1,0.0,32.35798770377828,17.064553937191018,False,True,False
5810,79,1,9.5548102707535,26,2,0,0,0.0,21.937296459964475,10.91809320295191,False,False,True
5811,25,1,7.664670456560807,3,3,2,1,0.0,24.02216301173613,8.13340131348031,True,False,False
5812,43,0,7.6358374643178735,28,1,2,0,0.0,25.094806961207105,18.58168746048199,True,False,False
5813,63,1,2.790256235637401,55,1,1,0,0.0,19.300395976341395,14.833923048317503,False,True,False
5814,44,1,1.841211432139992,97,2,2,1,0.0,23.736240330527306,27.443637614315485,True,False,False
5815,20,0,7.819614500520643,73,1,2,1,0.0,24.142578856177487,16.931318757769105,False,False,True
5816,62,1,3.0353643982190657,61,1,1,1,0.0,24.647653483460733,19.034471356824664,True,False,False
5817,35,1,8.954463911279369,95,4,1,0,0.0,25.176998552445912,29.26174750057768,False,True,False
5818,77,0,5.557241309198596,80,1,2,0,0.0,32.81443853291214,28.18638727495609,True,False,False
5819,26,1,4.846674591138838,105,3,1,1,0.0,22.58099782368093,24.21551168586896,True,False,False
5820,59,1,9.017712680748748,68,1,0,1,2.0,26.68502386202501,19.57052871502481,False,True,False
5821,56,1,3.913920781011696,111,4,2,1,0.0,20.848726637878347,35.21961248446258,True,False,False
5822,70,0,6.056655877407687,50,1,0,1,0.0,21.802621035788064,20.23324063953228,True,False,False
5823,51,0,2.361190043322694,89,3,2,1,0.0,27.025650345399846,24.02282508609494,False,False,True
5824,28,1,3.466748760768961,27,1,2,0,2.0,20.93323581947956,11.819929213761707,False,False,True
5825,31,1,1.8558428293965648,58,1,2,1,0.0,33.57183831233169,15.400292575232289,False,False,True
5826,49,1,2.872445934025901,8,2,2,1,0.0,25.13152579761029,8.223949355430646,True,False,False
5828,67,0,7.049030140889191,62,3,0,0,0.0,24.26664951263076,19.882500888310435,False,True,False
5829,21,1,8.131516978229323,52,4,2,1,2.0,24.09950054311668,21.50615525610392,True,False,False
5830,40,0,8.966073888168815,41,1,2,0,0.0,30.17817699330628,13.534635545671104,False,True,False
5831,50,1,5.557241309198596,47,1,2,1,2.0,28.06388683746472,16.71151355535749,False,False,True
5832,54,1,4.779448168134143,36,3,0,1,0.0,29.30142660168825,8.93560821785648,False,False,True
5833,71,1,6.540507567301231,105,3,0,1,0.0,31.112344858943107,28.8843740056342,False,False,True
5834,78,0,4.807325611739664,59,2,2,1,0.0,20.882654110628305,20.026296141722764,False,False,True
5835,53,1,3.279275352691446,105,3,0,0,0.0,29.421150672596845,24.36888603314731,False,False,True
5836,21,0,4.793988233962308,63,4,2,0,0.0,34.42582134073215,28.121012080335746,True,False,False
5837,67,0,3.6089261158047368,45,4,2,0,0.0,26.09700407117783,17.43861640717597,False,True,False
5838,79,1,7.105240808046117,106,3,2,1,0.0,34.20885530529363,28.17957188919922,False,False,True
5839,79,0,8.535946904420662,101,1,0,0,0.0,23.202042121673696,29.919817670363024,False,True,False
5840,50,1,6.286223855970056,33,4,1,0,0.0,31.997138082904065,18.266578445422528,False,True,False
5841,50,0,9.819874965583985,90,2,1,0,2.0,33.50361724086228,22.5781847889776,False,True,False
5842,39,1,5.661164445762575,107,2,2,0,0.0,23.30999875278187,24.32492333107601,False,True,False
5843,29,1,5.441398423645139,87,3,0,0,2.0,18.87973952704895,19.5516363521406,False,False,True
5844,76,0,7.920554204434564,90,3,0,1,0.0,22.67131989988529,24.83276398249656,True,False,False
5845,27,1,4.559320252284912,80,3,0,1,0.0,18.543250887656285,19.88501439863653,False,True,False
5846,39,1,9.905679635507804,114,4,0,0,2.0,29.258535320621668,32.586594143553405,False,False,True
5847,73,0,2.8307170197848355,111,1,0,0,0.0,25.982815744464705,27.561914970382045,True,False,False
5848,72,1,6.331966798586135,44,4,2,1,0.0,19.414764973836853,23.3027420595469,False,False,True
5849,68,0,9.712188651048656,45,1,0,1,0.0,31.40007000918012,13.007358946116964,False,True,False
5850,44,1,7.348264218070137,87,4,1,1,0.0,27.963525863177253,24.37094602399808,False,False,True
5851,40,0,2.277398896834588,115,3,0,0,0.0,30.233085297996432,26.294853969698,False,False,True
5852,44,0,1.9726974429974948,81,4,1,1,0.0,29.15474328641848,24.32100138450773,False,True,False
5853,43,0,9.89193693201955,97,3,2,0,2.0,29.99155851530892,28.608185376767523,False,True,False
5854,48,0,9.839216659925354,17,4,2,1,2.0,28.726003711952963,15.180054426517415,False,False,True
5855,24,1,5.940565672220444,110,4,0,1,2.0,23.35505824233673,31.868071818018603,True,False,False
5856,79,0,5.10677120492356,11,1,1,1,2.0,23.71923832574169,7.669859470466682,False,True,False
5857,21,1,1.1390268495977014,84,4,1,0,0.0,26.68502386202501,23.59476763218118,True,False,False
5858,46,1,8.43808287209482,27,1,2,0,2.0,26.68502386202501,12.994323896416532,True,False,False
5859,68,0,6.1219628232652346,12,4,1,1,0.0,29.33968200132985,14.916294332417705,False,True,False
5860,32,1,2.28300631421446,58,1,1,0,0.0,34.35216615447483,12.360938160940872,False,False,True
5861,36,1,5.557241309198596,43,2,2,1,0.0,26.68502386202501,20.6680159070326,True,False,False
5862,45,0,7.194099496020845,37,1,1,1,0.0,27.536597248102268,9.843625960142523,False,True,False
5863,66,1,1.1365677914177952,115,2,0,0,0.0,30.9992247879472,27.91097929051368,False,False,True
5864,50,0,6.216692123816364,52,1,1,1,0.0,26.68502386202501,15.544720509991926,False,True,False
5865,51,1,7.199666760705985,76,3,2,1,2.0,26.71453983711366,22.66944264760251,False,False,True
5866,61,0,9.641962651445422,64,3,0,1,0.0,29.850059021278007,18.21085948768561,False,True,False
5867,37,0,4.489359968179787,75,1,1,0,0.0,30.536421505930267,19.34211561886728,True,False,False
5868,56,0,3.180639962804199,29,2,1,1,2.0,26.68502386202501,13.250623593198124,True,False,False
5869,50,0,1.347549450510258,52,4,2,1,0.0,22.17019653418097,22.67448385136482,False,False,True
5870,76,1,3.7407087023624497,7,4,2,0,0.0,33.158164164267774,13.317986013660509,False,True,False
5871,40,0,8.726232273384365,97,2,1,0,0.0,26.945972290997727,24.259221744412045,False,True,False
5872,25,1,7.929930530968336,87,4,1,1,0.0,32.77696280151592,28.213695026854072,True,False,False
5873,40,1,4.859551137676516,62,1,1,1,0.0,33.503429282847975,16.859942769588,False,False,True
5874,71,0,4.457034201193924,87,1,2,0,0.0,23.781321630725373,28.22153669375076,False,True,False
5875,66,0,1.009783178244393,17,2,0,0,0.0,28.92519057003904,9.602658103222856,True,False,False
5876,26,0,8.563602983404063,52,1,2,0,2.0,26.26891467038598,19.681000569321505,False,True,False
5877,20,0,7.1057732654234105,79,1,0,1,2.0,26.52503863226261,21.19348209224037,False,True,False
5878,24,1,4.212098984572794,26,2,1,1,0.0,29.110819843186647,7.397893285887772,False,True,False
5879,21,0,4.527982395002336,83,1,2,0,0.0,25.815333296241185,22.173110452372327,False,True,False
5880,68,0,6.49370674684514,88,1,0,1,2.0,18.838650309077885,21.972928314678565,False,True,False
5881,67,1,8.410127292515263,115,2,0,0,2.0,26.94410609199693,24.408478049920188,False,True,False
5882,45,0,9.646552794054188,68,3,1,0,0.0,22.106355695883728,20.08097274145702,False,False,True
5883,30,1,7.043122281703251,18,1,1,1,0.0,31.247185244069023,6.556563773717749,False,True,False
5884,76,1,3.3278487594337047,76,3,1,1,0.0,25.411385347188787,20.666812194777314,False,True,False
5885,51,1,9.671946394517656,50,3,1,0,0.0,33.48892937598401,13.759624621828976,False,True,False
5886,26,1,4.992811739187151,47,3,2,1,0.0,29.87513071701162,14.936765343803334,True,False,False
5887,21,1,1.1605041117426098,13,1,2,0,2.0,27.3071465269574,6.480673893178512,False,True,False
5888,36,0,7.093957295766504,13,3,0,0,0.0,33.71112943638356,8.454932161783004,True,False,False
5889,45,1,6.760273495165123,22,2,1,0,0.0,32.93550288495073,10.018950622108465,True,False,False
5890,47,0,7.549385665665139,17,1,0,1,0.0,33.73879183774426,7.08653646680779,False,False,True
5891,49,0,7.747775908273343,62,4,1,0,2.0,34.76280249794176,23.46689648614524,False,True,False
5892,68,0,8.539648835659875,29,4,0,0,0.0,20.67408877670545,18.997051952546578,True,False,False
5893,52,1,3.2489884578781014,107,1,1,1,0.0,29.444453940623468,25.137221017035003,False,True,False
5894,39,1,2.9979554051707806,10,3,1,1,0.0,20.34815158486052,4.705277417405415,False,False,True
5895,62,1,4.278616792062211,6,4,2,0,0.0,30.102086721516127,14.30346322896695,False,True,False
5896,42,0,8.942231754488219,9,4,0,1,0.0,26.68502386202501,10.169237115687476,False,False,True
5897,51,0,8.639121274982564,98,4,1,0,0.0,24.036803483768697,32.13024023178667,False,False,True
5898,78,1,2.5143439990420373,65,1,0,0,2.0,26.68502386202501,22.0423072529042,True,False,False
5899,45,1,7.348207027198786,41,4,0,0,0.0,29.26681287055772,16.64539949898658,False,True,False
5900,70,1,5.8464698567055375,8,1,0,0,2.0,33.57252387953955,6.206421848089287,False,False,True
5901,66,0,1.631062411722907,111,3,2,0,2.0,23.695411151553,30.40087589535421,True,False,False
5902,45,1,5.6771652803533925,89,2,1,0,2.0,27.31192513647704,21.190875250973995,False,True,False
5903,71,1,4.132120183871437,54,1,1,0,2.0,29.97977388076817,19.70402126832121,False,False,True
5904,37,1,2.8915825171053102,93,3,2,0,0.0,20.248660318980207,22.86700328656105,False,True,False
5905,36,0,5.862648184051297,68,1,2,1,0.0,30.30908389500011,20.10962097855663,False,False,True
5906,50,0,8.190537058645354,31,1,0,1,2.0,34.69368389727432,15.29165123000313,False,False,True
5907,54,0,1.540073733301106,119,3,2,0,0.0,27.66122554095941,28.221306154767223,False,False,True
5908,53,0,5.557241309198596,88,4,1,0,2.0,31.443735996059107,28.64202842996045,True,False,False
5909,50,1,5.557241309198596,100,2,0,1,0.0,26.68502386202501,25.2311220952002,True,False,False
5910,76,1,4.95976390338142,62,3,1,0,0.0,25.30452156417722,20.289274183653188,False,False,True
5911,62,1,1.2676263516514237,69,1,2,1,0.0,21.48005860636645,21.76576113365698,False,True,False
5912,60,0,1.5244777140451702,106,2,0,0,0.0,30.092008112071056,23.57511748777558,False,True,False
5913,26,0,9.327593753138396,80,1,0,0,0.0,20.8264141722852,24.38141211934128,False,False,True
5914,63,1,8.688322553985454,94,3,0,0,0.0,21.36923296201851,23.579303872773234,False,False,True
5915,73,0,1.1804139957930824,110,3,1,1,0.0,31.999894374239062,27.875606348238595,True,False,False
5916,56,1,2.3267150527058504,4,2,1,1,2.0,19.0457245170928,2.390204867321949,False,False,True
5917,48,0,5.557241309198596,21,1,2,1,0.0,31.28827245547281,13.362293682918018,False,True,False
5918,27,1,1.6230711317106854,68,1,2,1,2.0,21.12530850730372,18.10057004603795,False,False,True
5919,50,1,9.079872197672692,66,2,2,1,0.0,31.92605241817128,21.67079775952495,True,False,False
5920,23,0,7.817935538200341,19,3,1,0,0.0,33.45963094753546,9.65267450182554,True,False,False
5921,58,1,1.5076122198471142,57,4,0,0,2.0,24.832763111593472,21.102310271247564,True,False,False
5922,27,0,3.734264131627308,111,2,2,1,2.0,25.62907480843024,30.42193105262357,False,True,False
5923,54,0,3.800752640236083,35,3,0,0,2.0,22.753500150322346,10.976872959791692,False,True,False
5924,58,1,5.210764636247041,52,4,2,1,2.0,31.84431043382665,24.62970007729282,True,False,False
5925,53,1,7.795725959095116,59,3,2,1,0.0,31.90813264279385,19.920830166298067,True,False,False
5926,45,1,9.07805974107844,116,4,2,0,0.0,26.97692718091508,38.54613031054649,True,False,False
5927,29,1,5.557241309198596,91,1,2,0,0.0,27.64895233613207,24.431298838077463,False,True,False
5928,63,0,5.016360266289087,91,1,1,0,0.0,19.03338666206829,27.599471325460485,False,True,False
5929,20,1,6.448092651498074,33,1,2,0,0.0,30.16295498960101,11.94630756455044,False,True,False
5930,65,0,9.375962535704176,83,4,0,1,2.0,20.08606793097992,28.37337535020329,False,True,False
5931,76,0,1.101993338840388,70,4,0,0,0.0,27.7846341049556,22.806688218047785,False,False,True
5932,75,0,7.097200920410157,111,3,1,0,0.0,26.829458299037164,26.587956485255663,False,False,True
5933,35,0,3.591807471392504,46,1,1,1,0.0,31.407784256842,12.22596293290743,False,True,False
5934,48,1,6.746095635869294,46,3,0,1,0.0,21.86059657194373,12.067842001610996,False,False,True
5935,78,0,9.060876276248592,116,4,2,0,0.0,29.32619358003273,38.852071450540514,False,True,False
5936,37,1,4.659629657949855,36,1,0,0,0.0,26.034886738418663,10.79466332634846,False,True,False
5937,44,1,1.0356394871092849,61,4,2,1,0.0,25.49024718347109,22.88299860441928,False,True,False
5938,30,0,7.128356829791525,73,3,0,0,0.0,28.325593982566,20.39834325567384,True,False,False
5939,77,0,6.783651416898385,113,1,0,1,0.0,19.113544443598794,28.906866060763605,False,True,False
5940,63,0,8.488852624748034,16,2,1,1,2.0,31.39235849438998,9.697886619073362,True,False,False
5941,75,0,9.408428123174891,14,3,0,0,2.0,30.038813386605888,9.699340779838876,False,True,False
5942,76,0,3.5400573650630003,56,1,0,1,0.0,22.888688636035344,16.276415258864958,False,False,True
5943,58,1,1.2571382595160938,91,3,0,1,0.0,19.68742497211238,21.2166742975513,False,True,False
5944,31,0,6.999520479348565,63,1,2,0,0.0,19.133876930957165,20.65554361031893,False,False,True
5945,25,1,2.0157234844932743,8,4,1,0,2.0,29.90897264103515,7.418778044271098,False,True,False
5946,60,1,1.4423736585223934,55,4,1,1,2.0,21.191604202996736,22.08725561725713,True,False,False
5947,63,1,8.867520293338615,68,3,0,0,0.0,26.68502386202501,19.326269698291178,True,False,False
5948,69,0,3.94889467315254,66,3,0,0,0.0,32.298981827182736,16.81871824703671,False,False,True
5949,37,1,4.774490483677173,77,3,0,0,0.0,30.76553600356352,17.583809319365898,False,False,True
5950,35,1,2.6913336208641585,97,2,0,0,2.0,34.75993100614889,18.178116791606232,False,False,True
5951,51,0,5.882930760705814,82,3,1,1,2.0,33.4700886510906,16.00556998754889,False,True,False
5952,50,0,9.65320713145909,15,3,2,1,2.0,31.31091882699013,10.028566555556296,False,False,True
5953,75,1,6.625241090292961,82,4,1,1,0.0,34.6593230756293,24.41874089543776,False,True,False
5954,43,0,5.630071909613855,94,3,1,1,0.0,27.82185458687417,20.903288748951194,False,True,False
5955,77,1,1.5678521306489412,14,2,0,0,0.0,24.544332646321337,8.033482223603833,False,False,True
5956,28,1,6.176874637565208,36,4,1,0,0.0,22.604592155528643,16.221824337962673,True,False,False
5957,62,0,4.561631770300468,22,3,0,0,2.0,32.92005632827991,7.477865509112373,False,True,False
5958,57,0,1.4930834313119394,86,1,1,1,2.0,30.678639725578304,22.116896348995745,False,False,True
5959,27,0,6.016863513378878,17,2,1,0,0.0,28.54605366210728,6.351582272948514,False,False,True
5960,28,1,4.683029321726163,85,4,2,0,2.0,33.997171531294896,26.46410985564216,False,True,False
5961,50,1,1.9417402623486304,73,1,1,1,2.0,19.113240861930706,16.674011598282384,False,False,True
5962,32,1,5.557241309198596,94,1,2,1,0.0,29.39016647324177,28.8665964565497,False,False,True
5963,47,1,7.543940041526562,101,4,2,1,2.0,34.537159120205544,31.11613953849894,True,False,False
5964,49,1,9.926486132172672,18,4,2,1,2.0,25.457470909596843,14.77689345632648,False,False,True
5965,75,1,1.917572946222497,75,2,0,1,0.0,27.80947110996548,20.752528981531068,True,False,False
5966,24,0,8.26965363880643,57,2,0,0,0.0,25.011995444302805,14.20966494367882,False,True,False
5967,50,1,3.3954254744605885,46,2,0,0,2.0,24.96499525616793,17.182126601874984,False,False,True
5968,24,1,7.1589578540974,57,1,2,1,2.0,26.42406515558017,16.89738414534994,False,True,False
5969,33,1,2.9202676122967413,60,2,1,0,2.0,21.189712019501165,16.904454166104053,True,False,False
5970,42,1,6.931312129891012,118,2,1,0,2.0,32.298035699624705,28.740557627526247,False,True,False
5971,66,0,8.859797859319555,108,4,0,1,2.0,26.68502386202501,33.133103168887104,False,False,True
5972,41,0,2.422831035545639,39,1,0,1,0.0,33.129080090876656,10.577854660823313,True,False,False
5973,71,1,8.984518194651319,115,1,1,1,0.0,19.828696717238515,30.81427390077071,True,False,False
5974,54,0,9.462806208349765,105,2,1,1,0.0,27.473782949494705,28.82750069571976,True,False,False
5975,70,0,1.1278194055368824,34,2,2,0,0.0,26.045808434616248,8.938266119502204,False,True,False
5977,58,1,8.001500747232889,44,2,0,1,2.0,34.94812642468638,11.755627899416986,False,False,True
5978,20,1,4.118507986291705,34,2,1,0,0.0,28.61695784621389,11.378250972027235,True,False,False
5979,32,0,5.5250533969477456,115,3,2,0,0.0,32.19193160829285,29.33487355065986,False,False,True
5980,58,0,3.160762317429795,44,4,2,1,2.0,25.675302042807044,24.486597793490244,True,False,False
5981,38,1,7.320687576741017,14,1,1,1,0.0,29.720583182759487,7.189363544501985,True,False,False
5982,47,0,5.841275736963188,63,1,1,1,0.0,23.776278641564048,14.652716951412078,False,True,False
5983,35,0,9.12546376332368,88,1,0,0,0.0,24.796595924599234,20.318179526720453,False,False,True
5984,21,0,5.613255128192594,42,1,1,1,2.0,20.220332232317524,9.63796551505693,False,True,False
5985,43,0,7.143393518031749,76,1,2,0,2.0,21.976175433938227,21.37262227168204,False,False,True
5986,43,0,4.619180395259888,30,1,0,0,0.0,34.95920923993279,10.307509536066402,False,True,False
5987,22,0,6.537053825201832,29,1,0,1,2.0,22.262093676403907,9.572551855379498,True,False,False
5988,28,1,7.0113202623647615,45,2,2,1,0.0,21.997498779324847,13.109159186996688,False,False,True
5989,68,0,2.757459999224447,88,4,2,0,0.0,20.56326636584356,28.779572315716003,False,False,True
5990,40,0,1.213990320716976,18,3,1,0,0.0,23.41172567068411,9.31347776137152,True,False,False
5991,54,0,2.0746057786868226,85,4,1,0,2.0,18.63390826515589,28.77086734237475,True,False,False
5992,73,1,5.557241309198596,56,2,2,0,0.0,29.55319060056249,20.971550646816453,False,False,True
5993,58,1,8.340248262117594,21,1,2,0,0.0,29.937037918100543,16.880561278629607,True,False,False
5994,53,1,8.156949278773444,43,4,0,0,0.0,19.844079508717105,16.665527883238173,False,False,True
5995,62,1,4.031133499738961,67,2,0,0,0.0,24.85112562318254,21.952570136506907,True,False,False
5996,34,0,9.827590314015088,97,3,0,1,0.0,26.68502386202501,26.472123847678,False,False,True
5997,25,0,7.253100987389063,83,2,0,1,2.0,22.703203565787742,23.482033575440937,False,False,True
5998,26,1,8.767489538043542,85,4,0,1,0.0,24.72254850590726,26.9729705986626,False,True,False
5999,64,1,6.003208153668883,111,4,2,0,2.0,27.14778966865128,38.83602077582356,True,False,False
